,CUSTOMERID,GENERO,IDOSO,CASADO,DEPENDENTES,TEMPO_COMO_CLIENTE,SERVICO_TELEFONE,SERVICO_INTERNET,SERVICO_SEGURANCA,SUPORTE_TECNICO,STREAMINGTV,TIPO_CONTRATO,METODO_PAGAMENTO,PAGAMENTO_MENSAL,TOTAL_PAGO,CHURN
0,7590-VHVEG,FEMININO,0,SIM,NAO,1,NAO,DSL,NAO,NAO,NAO,MES-A-MES,ENVIO POR E-MAIL,29.85,29.85,0
1,5575-GNVDE,MASCULINO,0,NAO,NAO,34,SIM,DSL,SIM,NAO,NAO,UM ANO,ENVIO POR CORREIO,56.95,1889.5,0
2,3668-QPYBK,MASCULINO,0,NAO,NAO,2,SIM,DSL,SIM,NAO,NAO,MES-A-MES,ENVIO POR CORREIO,53.85,108.15,1
3,7795-CFOCW,MASCULINO,0,NAO,NAO,45,NAO,DSL,SIM,SIM,NAO,UM ANO,TRANSFERENCIA BANCARIA - DEBITO AUTOMATICO,65.60756321839081,1840.75,0
16,8191-XWSZG,FEMININO,0,NAO,NAO,52,SIM,NAO,SEM SERVICO DE INTERNET,SEM SERVICO DE INTERNET,SEM SERVICO DE INTERNET,UM ANO,ENVIO POR CORREIO,65.60756321839081,1022.95,0
17,9959-WOFKT,MASCULINO,0,NAO,SIM,71,SIM,FIBER OPTIC,SIM,NAO,SIM,DOIS ANOS,TRANSFERENCIA BANCARIA - DEBITO AUTOMATICO,65.60756321839081,7382.25,0
18,4190-MFLUW,FEMININO,0,SIM,SIM,10,SIM,DSL,NAO,SIM,NAO,MES-A-MES,CARTAO DE CREDITO - DEBITO AUTOMATICO,65.60756321839081,528.35,1
19,4183-MYFRB,FEMININO,0,NAO,NAO,21,SIM,FIBER OPTIC,NAO,NAO,NAO,MES-A-MES,ENVIO POR E-MAIL,65.60756321839081,1862.9,0
20,8779-QRDMV,MASCULINO,1,NAO,NAO,1,NAO,DSL,NAO,NAO,NAO,MES-A-MES,ENVIO POR E-MAIL,65.60756321839081,39.65,1
21,1680-VDCWW,MASCULINO,0,SIM,NAO,12,SIM,NAO,SEM SERVICO DE INTERNET,SEM SERVICO DE INTERNET,SEM SERVICO DE INTERNET,UM ANO,TRANSFERENCIA BANCARIA - DEBITO AUTOMATICO,65.60756321839081,202.25,0
22,1066-JKSGK,MASCULINO,0,NAO,NAO,1,SIM,NAO,SEM SERVICO DE INTERNET,SEM SERVICO DE INTERNET,SEM SERVICO DE INTERNET,MES-A-MES,ENVIO POR CORREIO,65.60756321839081,20.15,1
23,3638-WEABW,FEMININO,0,SIM,NAO,58,SIM,DSL,NAO,SIM,NAO,DOIS ANOS,CARTAO DE CREDITO - DEBITO AUTOMATICO,65.60756321839081,3505.1,0
24,6322-HRPFA,MASCULINO,0,SIM,SIM,49,SIM,DSL,SIM,SIM,NAO,MES-A-MES,CARTAO DE CREDITO - DEBITO AUTOMATICO,65.60756321839081,2970.3,0
25,6865-JZNKO,FEMININO,0,NAO,NAO,30,SIM,DSL,SIM,NAO,NAO,MES-A-MES,TRANSFERENCIA BANCARIA - DEBITO AUTOMATICO,65.60756321839081,1530.6,0
26,6467-CHFZW,MASCULINO,0,SIM,SIM,47,SIM,FIBER OPTIC,NAO,NAO,SIM,MES-A-MES,ENVIO POR E-MAIL,65.60756321839081,4749.15,1
27,8665-UTDHZ,MASCULINO,0,SIM,SIM,1,NAO,DSL,NAO,NAO,NAO,MES-A-MES,ENVIO POR E-MAIL,65.60756321839081,30.2,1
28,5248-YGIJN,MASCULINO,0,SIM,NAO,72,SIM,DSL,SIM,SIM,SIM,DOIS ANOS,CARTAO DE CREDITO - DEBITO AUTOMATICO,65.60756321839081,6369.45,0
29,8773-HHUOZ,FEMININO,0,NAO,SIM,17,SIM,DSL,NAO,NAO,SIM,MES-A-MES,ENVIO POR CORREIO,65.60756321839081,1093.1,1
30,3841-NFECX,FEMININO,1,SIM,NAO,71,SIM,FIBER OPTIC,SIM,SIM,NAO,DOIS ANOS,CARTAO DE CREDITO - DEBITO AUTOMATICO,65.60756321839081,6766.95,0
31,4929-XIHVW,MASCULINO,1,SIM,NAO,2,SIM,FIBER OPTIC,NAO,NAO,SIM,MES-A-MES,CARTAO DE CREDITO - DEBITO AUTOMATICO,65.60756321839081,181.65,0
32,6827-IEAUQ,FEMININO,0,SIM,SIM,27,SIM,DSL,SIM,SIM,NAO,UM ANO,ENVIO POR CORREIO,65.60756321839081,1874.45,0
33,7310-EGVHZ,MASCULINO,0,NAO,NAO,1,SIM,NAO,SEM SERVICO DE INTERNET,SEM SERVICO DE INTERNET,SEM SERVICO DE INTERNET,MES-A-MES,TRANSFERENCIA BANCARIA - DEBITO AUTOMATICO,65.60756321839081,20.2,0
34,3413-BMNZE,MASCULINO,1,NAO,NAO,1,SIM,DSL,NAO,NAO,NAO,MES-A-MES,TRANSFERENCIA BANCARIA - DEBITO AUTOMATICO,65.60756321839081,45.25,0
35,6234-RAAPL,FEMININO,0,SIM,SIM,72,SIM,FIBER OPTIC,SIM,SIM,SIM,DOIS ANOS,TRANSFERENCIA BANCARIA - DEBITO AUTOMATICO,65.60756321839081,7251.7,0
36,6047-YHPVI,MASCULINO,0,NAO,NAO,5,SIM,FIBER OPTIC,NAO,NAO,NAO,MES-A-MES,ENVIO POR E-MAIL,65.60756321839081,316.9,1
37,6572-ADKRS,FEMININO,0,NAO,NAO,46,SIM,FIBER OPTIC,NAO,NAO,NAO,MES-A-MES,CARTAO DE CREDITO - DEBITO AUTOMATICO,65.60756321839081,3548.3,0
38,5380-WJKOV,MASCULINO,0,NAO,NAO,34,SIM,FIBER OPTIC,NAO,NAO,SIM,MES-A-MES,ENVIO POR E-MAIL,65.60756321839081,3549.25,1
39,8168-UQWWF,FEMININO,0,NAO,NAO,11,SIM,FIBER OPTIC,NAO,NAO,SIM,MES-A-MES,TRANSFERENCIA BANCARIA - DEBITO AUTOMATICO,65.60756321839081,1105.4,1
40,8865-TNMNX,MASCULINO,0,SIM,SIM,10,SIM,DSL,NAO,NAO,NAO,UM ANO,ENVIO POR CORREIO,65.60756321839081,475.7,0
41,9489-DEDVP,FEMININO,0,SIM,SIM,70,SIM,DSL,SIM,NAO,SIM,DOIS ANOS,CARTAO DE CREDITO - DEBITO AUTOMATICO,65.60756321839081,4872.35,0
42,9867-JCZSP,FEMININO,0,SIM,SIM,17,SIM,NAO,SEM SERVICO DE INTERNET,SEM SERVICO DE INTERNET,SEM SERVICO DE INTERNET,UM ANO,ENVIO POR CORREIO,65.60756321839081,418.25,0
43,4671-VJLCL,FEMININO,0,NAO,NAO,63,SIM,DSL,SIM,SIM,SIM,DOIS ANOS,CARTAO DE CREDITO - DEBITO AUTOMATICO,65.60756321839081,4861.45,0
44,4080-IIARD,FEMININO,0,SIM,NAO,13,SIM,DSL,SIM,SIM,SIM,MES-A-MES,ENVIO POR E-MAIL,65.60756321839081,981.45,0
45,3714-NTNFO,FEMININO,0,NAO,NAO,49,SIM,FIBER OPTIC,NAO,NAO,NAO,MES-A-MES,ENVIO POR E-MAIL,65.60756321839081,3906.7,0
46,5948-UJZLF,MASCULINO,0,NAO,NAO,2,SIM,DSL,NAO,NAO,NAO,MES-A-MES,ENVIO POR CORREIO,65.60756321839081,97.0,0
47,7760-OYPDY,FEMININO,0,NAO,NAO,2,SIM,FIBER OPTIC,NAO,NAO,SIM,MES-A-MES,ENVIO POR E-MAIL,65.60756321839081,144.15,1
48,7639-LIAYI,MASCULINO,0,NAO,NAO,52,SIM,DSL,SIM,SIM,SIM,DOIS ANOS,CARTAO DE CREDITO - DEBITO AUTOMATICO,65.60756321839081,4217.8,0
49,2954-PIBKO,FEMININO,0,SIM,SIM,69,SIM,DSL,SIM,SIM,NAO,DOIS ANOS,CARTAO DE CREDITO - DEBITO AUTOMATICO,65.60756321839081,4254.1,0
50,8012-SOUDQ,FEMININO,1,NAO,NAO,43,SIM,FIBER OPTIC,NAO,NAO,SIM,MES-A-MES,ENVIO POR E-MAIL,65.60756321839081,3838.75,0
51,9420-LOJKX,FEMININO,0,NAO,NAO,15,SIM,FIBER OPTIC,SIM,NAO,SIM,MES-A-MES,CARTAO DE CREDITO - DEBITO AUTOMATICO,65.60756321839081,1426.4,1
52,6575-SUVOI,FEMININO,1,SIM,NAO,25,SIM,DSL,SIM,SIM,SIM,MES-A-MES,CARTAO DE CREDITO - DEBITO AUTOMATICO,65.60756321839081,1752.65,0
53,7495-OOKFY,FEMININO,1,SIM,NAO,8,SIM,FIBER OPTIC,NAO,NAO,NAO,MES-A-MES,CARTAO DE CREDITO - DEBITO AUTOMATICO,65.60756321839081,633.3,1
54,4667-QONEA,FEMININO,1,SIM,SIM,60,SIM,DSL,SIM,SIM,NAO,UM ANO,CARTAO DE CREDITO - DEBITO AUTOMATICO,65.60756321839081,4456.35,0
55,1658-BYGOY,MASCULINO,1,NAO,NAO,18,SIM,FIBER OPTIC,NAO,NAO,SIM,MES-A-MES,ENVIO POR E-MAIL,65.60756321839081,1752.55,1
56,8769-KKTPH,FEMININO,0,SIM,SIM,63,SIM,FIBER OPTIC,SIM,NAO,SIM,UM ANO,CARTAO DE CREDITO - DEBITO AUTOMATICO,65.60756321839081,6311.2,0
57,5067-XJQFU,MASCULINO,1,SIM,SIM,66,SIM,FIBER OPTIC,NAO,SIM,SIM,UM ANO,ENVIO POR E-MAIL,65.60756321839081,7076.35,0
58,3957-SQXML,FEMININO,0,SIM,SIM,34,SIM,NAO,SEM SERVICO DE INTERNET,SEM SERVICO DE INTERNET,SEM SERVICO DE INTERNET,DOIS ANOS,CARTAO DE CREDITO - DEBITO AUTOMATICO,65.60756321839081,894.3,0
59,5954-BDFSG,FEMININO,0,NAO,NAO,72,SIM,FIBER OPTIC,NAO,SIM,SIM,DOIS ANOS,CARTAO DE CREDITO - DEBITO AUTOMATICO,65.60756321839081,7853.7,0
60,0434-CSFON,FEMININO,0,SIM,NAO,47,SIM,FIBER OPTIC,NAO,NAO,SIM,MES-A-MES,ENVIO POR E-MAIL,65.60756321839081,4707.1,0
61,1215-FIGMP,MASCULINO,0,NAO,NAO,60,SIM,FIBER OPTIC,NAO,NAO,SIM,MES-A-MES,TRANSFERENCIA BANCARIA - DEBITO AUTOMATICO,65.60756321839081,5450.7,0
62,0526-SXDJP,MASCULINO,0,SIM,NAO,72,NAO,DSL,SIM,NAO,NAO,DOIS ANOS,TRANSFERENCIA BANCARIA - DEBITO AUTOMATICO,65.60756321839081,2962.0,0
63,0557-ASKVU,FEMININO,0,SIM,SIM,18,SIM,DSL,NAO,SIM,NAO,UM ANO,CARTAO DE CREDITO - DEBITO AUTOMATICO,65.60756321839081,957.1,0
64,5698-BQJOH,FEMININO,0,NAO,NAO,9,SIM,FIBER OPTIC,NAO,NAO,SIM,MES-A-MES,ENVIO POR E-MAIL,65.60756321839081,857.25,1
65,5122-CYFXA,FEMININO,0,NAO,NAO,3,SIM,DSL,NAO,SIM,SIM,MES-A-MES,ENVIO POR E-MAIL,65.60756321839081,244.1,0
66,8627-ZYGSZ,MASCULINO,0,SIM,NAO,47,SIM,FIBER OPTIC,NAO,NAO,NAO,UM ANO,ENVIO POR E-MAIL,65.60756321839081,3650.35,0
67,3410-YOQBQ,FEMININO,0,NAO,NAO,31,SIM,DSL,NAO,SIM,SIM,DOIS ANOS,ENVIO POR CORREIO,65.60756321839081,2497.2,0
68,3170-NMYVV,FEMININO,0,SIM,SIM,50,SIM,NAO,SEM SERVICO DE INTERNET,SEM SERVICO DE INTERNET,SEM SERVICO DE INTERNET,DOIS ANOS,TRANSFERENCIA BANCARIA - DEBITO AUTOMATICO,65.60756321839081,930.9,0
69,7410-OIEDU,MASCULINO,0,NAO,NAO,10,SIM,FIBER OPTIC,SIM,NAO,NAO,MES-A-MES,ENVIO POR CORREIO,65.60756321839081,887.35,0
70,2273-QCKXA,MASCULINO,0,NAO,NAO,1,SIM,DSL,NAO,SIM,NAO,MES-A-MES,ENVIO POR CORREIO,65.60756321839081,49.05,0
71,0731-EBJQB,FEMININO,0,SIM,SIM,52,SIM,NAO,SEM SERVICO DE INTERNET,SEM SERVICO DE INTERNET,SEM SERVICO DE INTERNET,UM ANO,ENVIO POR E-MAIL,65.60756321839081,1090.65,0
72,1891-QRQSA,MASCULINO,1,SIM,SIM,64,SIM,FIBER OPTIC,SIM,SIM,SIM,DOIS ANOS,TRANSFERENCIA BANCARIA - DEBITO AUTOMATICO,65.60756321839081,7099.0,0
73,8028-PNXHQ,MASCULINO,0,SIM,SIM,62,SIM,NAO,SEM SERVICO DE INTERNET,SEM SERVICO DE INTERNET,SEM SERVICO DE INTERNET,DOIS ANOS,TRANSFERENCIA BANCARIA - DEBITO AUTOMATICO,65.60756321839081,1424.6,0
74,5630-AHZIL,FEMININO,0,NAO,SIM,3,SIM,DSL,SIM,SIM,NAO,MES-A-MES,TRANSFERENCIA BANCARIA - DEBITO AUTOMATICO,65.60756321839081,177.4,0
75,2673-CXQEU,FEMININO,1,NAO,NAO,56,SIM,FIBER OPTIC,SIM,NAO,SIM,UM ANO,ENVIO POR E-MAIL,65.60756321839081,6139.5,0
76,6416-JNVRK,FEMININO,0,NAO,NAO,46,SIM,DSL,NAO,NAO,NAO,UM ANO,CARTAO DE CREDITO - DEBITO AUTOMATICO,65.60756321839081,2688.85,0
77,5590-ZSKRV,FEMININO,0,SIM,SIM,8,SIM,DSL,SIM,NAO,NAO,MES-A-MES,ENVIO POR CORREIO,65.60756321839081,482.25,0
78,0191-ZHSKZ,MASCULINO,1,NAO,NAO,30,SIM,DSL,SIM,NAO,SIM,MES-A-MES,ENVIO POR E-MAIL,65.60756321839081,2111.3,0
79,3887-PBQAO,FEMININO,0,SIM,SIM,45,SIM,NAO,SEM SERVICO DE INTERNET,SEM SERVICO DE INTERNET,SEM SERVICO DE INTERNET,UM ANO,CARTAO DE CREDITO - DEBITO AUTOMATICO,65.60756321839081,1216.6,0
80,5919-TMRGD,FEMININO,0,NAO,SIM,1,SIM,FIBER OPTIC,NAO,NAO,SIM,MES-A-MES,ENVIO POR E-MAIL,65.60756321839081,79.35,1
81,8108-UXRQN,FEMININO,0,SIM,SIM,11,NAO,DSL,SIM,NAO,SIM,MES-A-MES,ENVIO POR E-MAIL,65.60756321839081,565.35,0
82,9191-MYQKX,FEMININO,0,SIM,NAO,7,SIM,FIBER OPTIC,NAO,NAO,NAO,MES-A-MES,TRANSFERENCIA BANCARIA - DEBITO AUTOMATICO,65.60756321839081,496.9,1
83,9919-YLNNG,FEMININO,0,NAO,NAO,42,SIM,FIBER OPTIC,NAO,SIM,SIM,MES-A-MES,TRANSFERENCIA BANCARIA - DEBITO AUTOMATICO,65.60756321839081,4327.5,0
84,0318-ZOPWS,FEMININO,0,SIM,NAO,49,SIM,NAO,SEM SERVICO DE INTERNET,SEM SERVICO DE INTERNET,SEM SERVICO DE INTERNET,DOIS ANOS,TRANSFERENCIA BANCARIA - DEBITO AUTOMATICO,65.60756321839081,973.35,0
85,4445-ZJNMU,MASCULINO,0,NAO,NAO,9,SIM,FIBER OPTIC,NAO,NAO,SIM,MES-A-MES,CARTAO DE CREDITO - DEBITO AUTOMATICO,65.60756321839081,918.75,0
86,4808-YNLEU,FEMININO,0,SIM,NAO,35,SIM,DSL,SIM,NAO,SIM,UM ANO,TRANSFERENCIA BANCARIA - DEBITO AUTOMATICO,65.60756321839081,2215.45,0
87,1862-QRWPE,FEMININO,0,SIM,SIM,48,SIM,NAO,SEM SERVICO DE INTERNET,SEM SERVICO DE INTERNET,SEM SERVICO DE INTERNET,DOIS ANOS,TRANSFERENCIA BANCARIA - DEBITO AUTOMATICO,65.60756321839081,1057.0,0
88,2796-NNUFI,FEMININO,0,SIM,SIM,46,SIM,NAO,SEM SERVICO DE INTERNET,SEM SERVICO DE INTERNET,SEM SERVICO DE INTERNET,DOIS ANOS,ENVIO POR CORREIO,65.60756321839081,927.1,0
89,3016-KSVCP,MASCULINO,0,SIM,NAO,29,NAO,DSL,NAO,NAO,SIM,MES-A-MES,ENVIO POR CORREIO,65.60756321839081,1009.25,0
90,4767-HZZHQ,MASCULINO,0,SIM,SIM,30,SIM,FIBER OPTIC,NAO,NAO,NAO,MES-A-MES,TRANSFERENCIA BANCARIA - DEBITO AUTOMATICO,65.60756321839081,2570.2,0
91,2424-WVHPL,MASCULINO,1,NAO,NAO,1,SIM,FIBER OPTIC,NAO,SIM,NAO,MES-A-MES,ENVIO POR E-MAIL,65.60756321839081,74.7,0
92,7233-PAHHL,MASCULINO,0,SIM,SIM,66,SIM,DSL,SIM,SIM,SIM,DOIS ANOS,ENVIO POR CORREIO,65.60756321839081,5714.25,0
93,6067-NGCEU,FEMININO,0,NAO,NAO,65,SIM,FIBER OPTIC,SIM,NAO,SIM,MES-A-MES,CARTAO DE CREDITO - DEBITO AUTOMATICO,65.60756321839081,7107.0,0
94,9848-JQJTX,MASCULINO,0,NAO,NAO,72,SIM,FIBER OPTIC,NAO,NAO,SIM,DOIS ANOS,TRANSFERENCIA BANCARIA - DEBITO AUTOMATICO,65.60756321839081,7459.05,0
95,8637-XJIVR,FEMININO,0,NAO,NAO,12,SIM,FIBER OPTIC,SIM,NAO,NAO,MES-A-MES,ENVIO POR E-MAIL,65.60756321839081,927.35,1
96,9803-FTJCG,MASCULINO,0,SIM,SIM,71,SIM,DSL,SIM,SIM,NAO,UM ANO,CARTAO DE CREDITO - DEBITO AUTOMATICO,65.60756321839081,4748.7,0
97,0278-YXOOG,MASCULINO,0,NAO,NAO,5,SIM,NAO,SEM SERVICO DE INTERNET,SEM SERVICO DE INTERNET,SEM SERVICO DE INTERNET,MES-A-MES,ENVIO POR CORREIO,65.60756321839081,113.85,1
98,3212-KXOCR,MASCULINO,0,NAO,NAO,52,SIM,NAO,SEM SERVICO DE INTERNET,SEM SERVICO DE INTERNET,SEM SERVICO DE INTERNET,DOIS ANOS,TRANSFERENCIA BANCARIA - DEBITO AUTOMATICO,65.60756321839081,1107.2,0
99,4598-XLKNJ,FEMININO,1,SIM,NAO,25,SIM,FIBER OPTIC,NAO,NAO,SIM,MES-A-MES,ENVIO POR E-MAIL,65.60756321839081,2514.5,1
100,6380-ARCEH,MASCULINO,0,NAO,NAO,1,SIM,NAO,SEM SERVICO DE INTERNET,SEM SERVICO DE INTERNET,SEM SERVICO DE INTERNET,MES-A-MES,ENVIO POR CORREIO,65.60756321839081,20.2,0
101,3679-XASPY,FEMININO,0,SIM,SIM,1,SIM,NAO,SEM SERVICO DE INTERNET,SEM SERVICO DE INTERNET,SEM SERVICO DE INTERNET,MES-A-MES,ENVIO POR E-MAIL,65.60756321839081,19.45,0
102,7123-WQUHX,MASCULINO,0,NAO,NAO,38,SIM,FIBER OPTIC,NAO,SIM,SIM,UM ANO,TRANSFERENCIA BANCARIA - DEBITO AUTOMATICO,65.60756321839081,3605.6,0
103,5386-THSLQ,FEMININO,1,SIM,NAO,66,NAO,DSL,NAO,NAO,SIM,UM ANO,TRANSFERENCIA BANCARIA - DEBITO AUTOMATICO,65.60756321839081,3027.25,0
104,3192-NQECA,MASCULINO,0,SIM,NAO,68,SIM,FIBER OPTIC,NAO,SIM,SIM,DOIS ANOS,TRANSFERENCIA BANCARIA - DEBITO AUTOMATICO,65.60756321839081,7611.85,1
105,6180-YBIQI,MASCULINO,0,NAO,NAO,5,NAO,DSL,NAO,NAO,NAO,MES-A-MES,ENVIO POR CORREIO,65.60756321839081,100.2,0
106,6728-DKUCO,FEMININO,0,SIM,SIM,72,SIM,FIBER OPTIC,SIM,NAO,SIM,UM ANO,ENVIO POR E-MAIL,65.60756321839081,7303.05,0
107,9750-BOOHV,FEMININO,0,NAO,NAO,32,NAO,DSL,SIM,NAO,NAO,UM ANO,ENVIO POR CORREIO,65.60756321839081,927.65,0
108,8597-CWYHH,MASCULINO,0,NAO,NAO,43,SIM,FIBER OPTIC,NAO,NAO,SIM,UM ANO,ENVIO POR CORREIO,65.60756321839081,3921.3,0
109,2848-YXSMW,MASCULINO,0,SIM,SIM,72,SIM,NAO,SEM SERVICO DE INTERNET,SEM SERVICO DE INTERNET,SEM SERVICO DE INTERNET,DOIS ANOS,CARTAO DE CREDITO - DEBITO AUTOMATICO,65.60756321839081,1363.25,0
110,0486-HECZI,MASCULINO,0,SIM,NAO,55,SIM,FIBER OPTIC,SIM,NAO,SIM,MES-A-MES,ENVIO POR E-MAIL,65.60756321839081,5238.9,1
111,4549-ZDQYY,FEMININO,0,NAO,NAO,52,SIM,DSL,SIM,SIM,NAO,UM ANO,CARTAO DE CREDITO - DEBITO AUTOMATICO,65.60756321839081,3042.25,0
112,5712-AHQNN,FEMININO,0,NAO,NAO,43,SIM,FIBER OPTIC,NAO,NAO,SIM,MES-A-MES,ENVIO POR E-MAIL,65.60756321839081,3954.1,0
113,4846-WHAFZ,FEMININO,1,SIM,NAO,37,SIM,FIBER OPTIC,NAO,NAO,NAO,MES-A-MES,ENVIO POR E-MAIL,65.60756321839081,2868.15,1
114,5256-SKJGO,FEMININO,0,SIM,SIM,64,NAO,DSL,NAO,SIM,SIM,DOIS ANOS,ENVIO POR E-MAIL,65.60756321839081,3423.5,0
115,3071-VBYPO,MASCULINO,0,SIM,SIM,3,SIM,FIBER OPTIC,SIM,NAO,SIM,MES-A-MES,ENVIO POR E-MAIL,65.60756321839081,248.4,0
116,9560-BBZXK,FEMININO,0,NAO,NAO,36,NAO,DSL,SIM,NAO,NAO,DOIS ANOS,TRANSFERENCIA BANCARIA - DEBITO AUTOMATICO,65.60756321839081,1126.35,0
117,5299-RULOA,FEMININO,0,SIM,SIM,10,SIM,FIBER OPTIC,SIM,NAO,SIM,MES-A-MES,ENVIO POR E-MAIL,65.60756321839081,1064.65,1
118,8402-OOOHJ,FEMININO,0,NAO,NAO,41,SIM,NAO,SEM SERVICO DE INTERNET,SEM SERVICO DE INTERNET,SEM SERVICO DE INTERNET,DOIS ANOS,ENVIO POR CORREIO,65.60756321839081,835.15,0
119,9445-ZUEQE,MASCULINO,0,SIM,SIM,27,SIM,FIBER OPTIC,NAO,SIM,NAO,MES-A-MES,CARTAO DE CREDITO - DEBITO AUTOMATICO,65.60756321839081,2151.6,0
120,1091-SOZGA,FEMININO,0,SIM,SIM,56,SIM,FIBER OPTIC,NAO,NAO,SIM,UM ANO,CARTAO DE CREDITO - DEBITO AUTOMATICO,65.60756321839081,5515.45,0
121,2928-HLDBA,FEMININO,0,NAO,NAO,6,SIM,NAO,SEM SERVICO DE INTERNET,SEM SERVICO DE INTERNET,SEM SERVICO DE INTERNET,MES-A-MES,ENVIO POR CORREIO,65.60756321839081,112.75,0
122,0404-SWRVG,MASCULINO,0,NAO,NAO,3,SIM,FIBER OPTIC,NAO,NAO,NAO,MES-A-MES,ENVIO POR E-MAIL,65.60756321839081,229.55,1
123,6497-TILVL,FEMININO,0,SIM,SIM,7,SIM,DSL,SIM,NAO,NAO,MES-A-MES,ENVIO POR CORREIO,65.60756321839081,350.35,0
124,7219-TLZHO,FEMININO,0,SIM,SIM,4,SIM,NAO,SEM SERVICO DE INTERNET,SEM SERVICO DE INTERNET,SEM SERVICO DE INTERNET,MES-A-MES,ENVIO POR CORREIO,65.60756321839081,62.9,0
125,4622-YNKIJ,MASCULINO,0,NAO,NAO,33,SIM,FIBER OPTIC,SIM,SIM,SIM,DOIS ANOS,ENVIO POR E-MAIL,65.60756321839081,3027.65,0
126,4412-YLTKF,FEMININO,1,NAO,NAO,27,SIM,FIBER OPTIC,NAO,NAO,NAO,MES-A-MES,ENVIO POR E-MAIL,65.60756321839081,2135.5,1
127,6734-PSBAW,MASCULINO,0,SIM,NAO,72,SIM,NAO,SEM SERVICO DE INTERNET,SEM SERVICO DE INTERNET,SEM SERVICO DE INTERNET,DOIS ANOS,TRANSFERENCIA BANCARIA - DEBITO AUTOMATICO,65.60756321839081,1723.95,0
128,3930-ZGWVE,MASCULINO,0,NAO,NAO,1,SIM,NAO,SEM SERVICO DE INTERNET,SEM SERVICO DE INTERNET,SEM SERVICO DE INTERNET,MES-A-MES,ENVIO POR CORREIO,65.60756321839081,19.75,0
129,2639-UGMAZ,MASCULINO,1,NAO,NAO,71,NAO,DSL,SIM,NAO,SIM,UM ANO,ENVIO POR E-MAIL,65.60756321839081,3985.35,0
130,2876-GZYZC,FEMININO,0,NAO,NAO,13,SIM,FIBER OPTIC,NAO,NAO,NAO,MES-A-MES,ENVIO POR E-MAIL,65.60756321839081,1215.65,0
131,6207-WIOLX,FEMININO,0,SIM,SIM,25,NAO,DSL,SIM,NAO,SIM,MES-A-MES,CARTAO DE CREDITO - DEBITO AUTOMATICO,65.60756321839081,1502.65,1
132,8587-XYZSF,MASCULINO,0,NAO,NAO,67,SIM,DSL,NAO,SIM,NAO,DOIS ANOS,TRANSFERENCIA BANCARIA - DEBITO AUTOMATICO,65.60756321839081,3260.1,0
133,3091-FYHKI,MASCULINO,0,NAO,NAO,1,NAO,DSL,NAO,NAO,NAO,MES-A-MES,ENVIO POR E-MAIL,65.60756321839081,35.45,1
134,2372-HWUHI,MASCULINO,0,NAO,NAO,2,SIM,DSL,NAO,NAO,NAO,MES-A-MES,ENVIO POR E-MAIL,65.60756321839081,81.25,1
135,7799-LGRDP,FEMININO,0,NAO,NAO,43,SIM,NAO,SEM SERVICO DE INTERNET,SEM SERVICO DE INTERNET,SEM SERVICO DE INTERNET,DOIS ANOS,CARTAO DE CREDITO - DEBITO AUTOMATICO,65.60756321839081,1188.2,0
136,7850-VWJUU,FEMININO,0,NAO,NAO,23,SIM,FIBER OPTIC,SIM,NAO,NAO,MES-A-MES,TRANSFERENCIA BANCARIA - DEBITO AUTOMATICO,65.60756321839081,1778.5,0
137,3774-VBNXY,FEMININO,0,SIM,SIM,64,SIM,NAO,SEM SERVICO DE INTERNET,SEM SERVICO DE INTERNET,SEM SERVICO DE INTERNET,DOIS ANOS,ENVIO POR CORREIO,65.60756321839081,1277.75,0
138,6217-KDYWC,MASCULINO,0,NAO,SIM,57,SIM,NAO,SEM SERVICO DE INTERNET,SEM SERVICO DE INTERNET,SEM SERVICO DE INTERNET,DOIS ANOS,ENVIO POR CORREIO,65.60756321839081,1170.55,0
139,0390-DCFDQ,FEMININO,1,SIM,NAO,1,SIM,FIBER OPTIC,NAO,NAO,NAO,MES-A-MES,ENVIO POR CORREIO,65.60756321839081,70.45,1
140,3146-MSEGF,FEMININO,1,SIM,SIM,72,SIM,DSL,SIM,SIM,SIM,DOIS ANOS,CARTAO DE CREDITO - DEBITO AUTOMATICO,65.60756321839081,6425.65,0
141,4080-OGPJL,FEMININO,0,NAO,NAO,8,SIM,DSL,SIM,SIM,NAO,MES-A-MES,ENVIO POR E-MAIL,65.60756321839081,563.65,1
142,1095-WGNGG,FEMININO,0,SIM,NAO,61,SIM,FIBER OPTIC,NAO,NAO,SIM,DOIS ANOS,TRANSFERENCIA BANCARIA - DEBITO AUTOMATICO,65.60756321839081,5971.25,0
143,2636-SJDOU,MASCULINO,0,NAO,NAO,64,SIM,FIBER OPTIC,SIM,NAO,NAO,UM ANO,CARTAO DE CREDITO - DEBITO AUTOMATICO,65.60756321839081,5289.05,0
144,1131-QQZEB,MASCULINO,1,SIM,NAO,71,SIM,NAO,SEM SERVICO DE INTERNET,SEM SERVICO DE INTERNET,SEM SERVICO DE INTERNET,DOIS ANOS,TRANSFERENCIA BANCARIA - DEBITO AUTOMATICO,65.60756321839081,1756.2,0
145,5716-EZXZN,FEMININO,0,SIM,SIM,65,SIM,FIBER OPTIC,SIM,SIM,SIM,DOIS ANOS,CARTAO DE CREDITO - DEBITO AUTOMATICO,65.60756321839081,6416.7,0
146,6837-BJYDQ,MASCULINO,0,NAO,NAO,3,SIM,NAO,SEM SERVICO DE INTERNET,SEM SERVICO DE INTERNET,SEM SERVICO DE INTERNET,UM ANO,ENVIO POR CORREIO,65.60756321839081,61.35,0
147,2135-RXIHG,MASCULINO,0,NAO,NAO,1,SIM,DSL,NAO,NAO,NAO,MES-A-MES,ENVIO POR E-MAIL,65.60756321839081,45.65,1
148,6440-DKQGE,MASCULINO,0,NAO,SIM,30,SIM,DSL,NAO,NAO,SIM,UM ANO,CARTAO DE CREDITO - DEBITO AUTOMATICO,65.60756321839081,1929.95,0
149,3466-BYAVD,MASCULINO,0,SIM,SIM,15,SIM,DSL,NAO,SIM,NAO,MES-A-MES,ENVIO POR CORREIO,65.60756321839081,1071.4,0
150,3780-YVMFA,FEMININO,0,SIM,SIM,8,SIM,DSL,NAO,SIM,SIM,MES-A-MES,ENVIO POR E-MAIL,65.60756321839081,564.35,0
151,3874-EQOEP,MASCULINO,0,NAO,NAO,7,SIM,FIBER OPTIC,NAO,NAO,SIM,MES-A-MES,ENVIO POR CORREIO,65.60756321839081,655.5,1
152,1679-JRFBR,FEMININO,0,SIM,SIM,70,SIM,FIBER OPTIC,SIM,NAO,SIM,UM ANO,CARTAO DE CREDITO - DEBITO AUTOMATICO,65.60756321839081,7930.55,0
153,9073-ZZIAY,MASCULINO,0,SIM,SIM,62,SIM,DSL,SIM,SIM,SIM,DOIS ANOS,ENVIO POR E-MAIL,65.60756321839081,5215.25,0
154,3077-RSNTJ,FEMININO,0,SIM,SIM,6,SIM,NAO,SEM SERVICO DE INTERNET,SEM SERVICO DE INTERNET,SEM SERVICO DE INTERNET,MES-A-MES,ENVIO POR CORREIO,65.60756321839081,113.5,0
155,6551-GNYDG,FEMININO,0,SIM,SIM,14,SIM,FIBER OPTIC,NAO,NAO,NAO,MES-A-MES,TRANSFERENCIA BANCARIA - DEBITO AUTOMATICO,65.60756321839081,1152.8,0
156,9167-APMXZ,FEMININO,0,NAO,NAO,22,SIM,FIBER OPTIC,NAO,NAO,SIM,MES-A-MES,TRANSFERENCIA BANCARIA - DEBITO AUTOMATICO,65.60756321839081,1821.95,0
157,2749-CTKAJ,MASCULINO,0,SIM,SIM,22,SIM,NAO,SEM SERVICO DE INTERNET,SEM SERVICO DE INTERNET,SEM SERVICO DE INTERNET,UM ANO,ENVIO POR CORREIO,65.60756321839081,419.9,0
158,6371-NZYEG,MASCULINO,0,SIM,SIM,16,SIM,DSL,SIM,NAO,SIM,DOIS ANOS,ENVIO POR CORREIO,65.60756321839081,1024.0,0
159,7554-NEWDD,MASCULINO,0,NAO,NAO,10,SIM,NAO,SEM SERVICO DE INTERNET,SEM SERVICO DE INTERNET,SEM SERVICO DE INTERNET,DOIS ANOS,TRANSFERENCIA BANCARIA - DEBITO AUTOMATICO,65.60756321839081,251.6,0
160,8992-VONJD,FEMININO,0,NAO,SIM,13,SIM,DSL,SIM,NAO,NAO,MES-A-MES,ENVIO POR E-MAIL,65.60756321839081,764.55,0
161,0867-MKZVY,FEMININO,0,SIM,NAO,20,SIM,FIBER OPTIC,SIM,NAO,NAO,MES-A-MES,ENVIO POR E-MAIL,65.60756321839081,1592.35,1
162,4482-EWFMI,FEMININO,0,NAO,NAO,2,SIM,FIBER OPTIC,NAO,NAO,NAO,MES-A-MES,ENVIO POR E-MAIL,65.60756321839081,135.2,0
163,4648-YPBTM,MASCULINO,0,NAO,NAO,53,SIM,DSL,NAO,SIM,NAO,DOIS ANOS,TRANSFERENCIA BANCARIA - DEBITO AUTOMATICO,65.60756321839081,3958.25,0
164,2907-ILJBN,FEMININO,0,SIM,SIM,11,SIM,NAO,SEM SERVICO DE INTERNET,SEM SERVICO DE INTERNET,SEM SERVICO DE INTERNET,UM ANO,ENVIO POR CORREIO,65.60756321839081,233.9,0
165,6345-FZOQH,MASCULINO,0,SIM,NAO,69,SIM,NAO,SEM SERVICO DE INTERNET,SEM SERVICO DE INTERNET,SEM SERVICO DE INTERNET,DOIS ANOS,ENVIO POR CORREIO,65.60756321839081,1363.45,0
166,3376-BMGFE,FEMININO,0,NAO,NAO,4,SIM,FIBER OPTIC,NAO,NAO,NAO,MES-A-MES,TRANSFERENCIA BANCARIA - DEBITO AUTOMATICO,65.60756321839081,273.0,1
167,5997-OPVFA,MASCULINO,0,SIM,NAO,72,SIM,DSL,SIM,SIM,SIM,DOIS ANOS,TRANSFERENCIA BANCARIA - DEBITO AUTOMATICO,65.60756321839081,6254.45,0
168,3445-HXXGF,MASCULINO,1,SIM,NAO,58,SIM,DSL,NAO,NAO,NAO,MES-A-MES,ENVIO POR E-MAIL,65.60756321839081,2651.2,1
169,1159-WFSGR,FEMININO,0,SIM,SIM,16,SIM,NAO,SEM SERVICO DE INTERNET,SEM SERVICO DE INTERNET,SEM SERVICO DE INTERNET,MES-A-MES,ENVIO POR E-MAIL,65.60756321839081,321.4,0
170,7654-YWJUF,MASCULINO,0,SIM,NAO,43,SIM,FIBER OPTIC,SIM,SIM,NAO,UM ANO,TRANSFERENCIA BANCARIA - DEBITO AUTOMATICO,65.60756321839081,3539.25,0
171,1875-QIVME,FEMININO,0,SIM,NAO,2,SIM,FIBER OPTIC,NAO,SIM,SIM,MES-A-MES,ENVIO POR E-MAIL,65.60756321839081,242.8,1
172,6727-IOTLZ,MASCULINO,0,SIM,NAO,14,SIM,DSL,NAO,SIM,SIM,DOIS ANOS,ENVIO POR CORREIO,65.60756321839081,1181.75,0
173,0691-JVSYA,FEMININO,0,SIM,NAO,53,SIM,FIBER OPTIC,NAO,NAO,SIM,UM ANO,TRANSFERENCIA BANCARIA - DEBITO AUTOMATICO,65.60756321839081,5000.2,1
174,5918-VUKWP,FEMININO,0,NAO,NAO,32,SIM,NAO,SEM SERVICO DE INTERNET,SEM SERVICO DE INTERNET,SEM SERVICO DE INTERNET,UM ANO,TRANSFERENCIA BANCARIA - DEBITO AUTOMATICO,65.60756321839081,654.55,0
175,1744-JHKYS,FEMININO,0,SIM,NAO,34,SIM,NAO,SEM SERVICO DE INTERNET,SEM SERVICO DE INTERNET,SEM SERVICO DE INTERNET,MES-A-MES,ENVIO POR E-MAIL,65.60756321839081,780.2,0
176,2656-FMOKZ,FEMININO,1,NAO,NAO,15,SIM,FIBER OPTIC,NAO,NAO,NAO,MES-A-MES,ENVIO POR CORREIO,65.60756321839081,1145.7,1
177,2070-FNEXE,FEMININO,1,NAO,NAO,7,SIM,FIBER OPTIC,SIM,NAO,NAO,MES-A-MES,TRANSFERENCIA BANCARIA - DEBITO AUTOMATICO,65.60756321839081,503.6,1
178,5947-SGKCL,FEMININO,0,SIM,SIM,15,SIM,FIBER OPTIC,NAO,NAO,SIM,MES-A-MES,TRANSFERENCIA BANCARIA - DEBITO AUTOMATICO,65.60756321839081,1559.25,0
179,3712-PKXZA,MASCULINO,0,SIM,NAO,61,SIM,NAO,SEM SERVICO DE INTERNET,SEM SERVICO DE INTERNET,SEM SERVICO DE INTERNET,UM ANO,CARTAO DE CREDITO - DEBITO AUTOMATICO,65.60756321839081,1252.0,0
180,6317-YPKDH,FEMININO,0,NAO,NAO,1,SIM,DSL,NAO,NAO,NAO,MES-A-MES,TRANSFERENCIA BANCARIA - DEBITO AUTOMATICO,65.60756321839081,29.95,1
181,6582-OIVSP,FEMININO,0,NAO,NAO,1,SIM,DSL,NAO,NAO,NAO,MES-A-MES,ENVIO POR CORREIO,65.60756321839081,45.3,0
182,9367-WXLCH,MASCULINO,0,NAO,NAO,8,SIM,FIBER OPTIC,NAO,NAO,NAO,MES-A-MES,TRANSFERENCIA BANCARIA - DEBITO AUTOMATICO,65.60756321839081,662.65,1
183,5524-KHNJP,MASCULINO,0,SIM,SIM,33,SIM,DSL,SIM,NAO,SIM,UM ANO,CARTAO DE CREDITO - DEBITO AUTOMATICO,65.60756321839081,2453.3,0
184,1918-ZBFQJ,FEMININO,0,NAO,NAO,13,SIM,FIBER OPTIC,NAO,NAO,NAO,MES-A-MES,ENVIO POR E-MAIL,65.60756321839081,1111.65,1
185,1024-GUALD,FEMININO,0,SIM,NAO,1,SIM,DSL,NAO,NAO,NAO,MES-A-MES,ENVIO POR E-MAIL,65.60756321839081,24.8,1
186,4827-USJHP,MASCULINO,0,NAO,NAO,20,SIM,DSL,NAO,NAO,NAO,MES-A-MES,ENVIO POR CORREIO,65.60756321839081,1023.85,0
187,8167-GJLRN,MASCULINO,0,NAO,NAO,3,SIM,DSL,NAO,SIM,NAO,MES-A-MES,ENVIO POR E-MAIL,65.60756321839081,82.15,0
188,0956-SYCWG,FEMININO,0,NAO,NAO,13,SIM,NAO,SEM SERVICO DE INTERNET,SEM SERVICO DE INTERNET,SEM SERVICO DE INTERNET,UM ANO,ENVIO POR E-MAIL,65.60756321839081,244.8,0
189,8017-UVSZU,FEMININO,0,SIM,NAO,40,SIM,DSL,NAO,NAO,NAO,MES-A-MES,CARTAO DE CREDITO - DEBITO AUTOMATICO,65.60756321839081,2379.1,0
190,7100-FQPRV,MASCULINO,0,SIM,SIM,43,SIM,DSL,SIM,SIM,NAO,UM ANO,CARTAO DE CREDITO - DEBITO AUTOMATICO,65.60756321839081,3173.35,0
191,2472-OVKUP,MASCULINO,0,SIM,NAO,6,SIM,FIBER OPTIC,NAO,NAO,NAO,MES-A-MES,ENVIO POR E-MAIL,65.60756321839081,531.0,1
192,2984-RGEYA,FEMININO,0,SIM,SIM,69,SIM,NAO,SEM SERVICO DE INTERNET,SEM SERVICO DE INTERNET,SEM SERVICO DE INTERNET,DOIS ANOS,TRANSFERENCIA BANCARIA - DEBITO AUTOMATICO,65.60756321839081,1375.4,0
193,9680-NIAUV,FEMININO,0,SIM,SIM,72,SIM,FIBER OPTIC,SIM,NAO,SIM,DOIS ANOS,CARTAO DE CREDITO - DEBITO AUTOMATICO,65.60756321839081,8129.3,0
194,2146-EGVDT,MASCULINO,0,SIM,SIM,59,SIM,NAO,SEM SERVICO DE INTERNET,SEM SERVICO DE INTERNET,SEM SERVICO DE INTERNET,DOIS ANOS,CARTAO DE CREDITO - DEBITO AUTOMATICO,65.60756321839081,1192.7,0
195,2604-IJPDU,FEMININO,0,SIM,NAO,20,SIM,FIBER OPTIC,SIM,SIM,SIM,MES-A-MES,ENVIO POR E-MAIL,65.60756321839081,1901.65,0
196,9178-JHUVJ,MASCULINO,0,SIM,SIM,24,SIM,NAO,SEM SERVICO DE INTERNET,SEM SERVICO DE INTERNET,SEM SERVICO DE INTERNET,DOIS ANOS,TRANSFERENCIA BANCARIA - DEBITO AUTOMATICO,65.60756321839081,587.4,0
197,6168-YBYNP,MASCULINO,0,NAO,NAO,59,SIM,FIBER OPTIC,NAO,SIM,SIM,MES-A-MES,ENVIO POR E-MAIL,65.60756321839081,6519.75,0
198,7255-SSFBC,MASCULINO,0,SIM,SIM,72,SIM,FIBER OPTIC,NAO,SIM,SIM,DOIS ANOS,TRANSFERENCIA BANCARIA - DEBITO AUTOMATICO,65.60756321839081,8041.65,0
199,3645-DEYGF,MASCULINO,0,NAO,SIM,1,SIM,NAO,SEM SERVICO DE INTERNET,SEM SERVICO DE INTERNET,SEM SERVICO DE INTERNET,MES-A-MES,ENVIO POR CORREIO,65.60756321839081,20.75,0
200,9323-HGFWY,FEMININO,0,SIM,NAO,27,SIM,FIBER OPTIC,SIM,SIM,SIM,UM ANO,CARTAO DE CREDITO - DEBITO AUTOMATICO,65.60756321839081,2681.15,0
201,8544-GOQSH,FEMININO,0,NAO,NAO,14,SIM,FIBER OPTIC,NAO,SIM,NAO,MES-A-MES,CARTAO DE CREDITO - DEBITO AUTOMATICO,65.60756321839081,1112.3,0
202,3363-DTIVD,MASCULINO,0,SIM,SIM,71,SIM,FIBER OPTIC,SIM,NAO,SIM,DOIS ANOS,ENVIO POR E-MAIL,65.60756321839081,7405.5,0
203,7018-WBJNK,MASCULINO,0,NAO,SIM,13,SIM,FIBER OPTIC,NAO,NAO,SIM,MES-A-MES,CARTAO DE CREDITO - DEBITO AUTOMATICO,65.60756321839081,1033.95,0
204,9142-KZXOP,MASCULINO,0,NAO,NAO,44,SIM,FIBER OPTIC,NAO,NAO,NAO,MES-A-MES,CARTAO DE CREDITO - DEBITO AUTOMATICO,65.60756321839081,2958.95,0
205,7674-YTAFD,FEMININO,0,NAO,NAO,33,SIM,FIBER OPTIC,NAO,SIM,NAO,UM ANO,TRANSFERENCIA BANCARIA - DEBITO AUTOMATICO,65.60756321839081,2684.85,0
206,6348-SNFUS,MASCULINO,0,SIM,SIM,72,SIM,DSL,SIM,SIM,NAO,DOIS ANOS,CARTAO DE CREDITO - DEBITO AUTOMATICO,65.60756321839081,4179.2,0
207,1285-OKIPP,MASCULINO,0,NAO,NAO,1,SIM,FIBER OPTIC,NAO,NAO,NAO,MES-A-MES,ENVIO POR E-MAIL,65.60756321839081,79.9,1
208,7825-ECJRF,FEMININO,0,NAO,NAO,19,SIM,FIBER OPTIC,SIM,SIM,SIM,MES-A-MES,ENVIO POR E-MAIL,65.60756321839081,1934.45,1
209,1347-KTTTA,MASCULINO,0,SIM,NAO,64,SIM,FIBER OPTIC,NAO,SIM,SIM,UM ANO,CARTAO DE CREDITO - DEBITO AUTOMATICO,65.60756321839081,6654.1,0
210,7841-TZDMQ,MASCULINO,0,NAO,NAO,2,SIM,DSL,NAO,NAO,NAO,MES-A-MES,CARTAO DE CREDITO - DEBITO AUTOMATICO,65.60756321839081,84.5,1
211,4195-NZGTA,FEMININO,0,NAO,NAO,1,SIM,DSL,NAO,NAO,NAO,MES-A-MES,ENVIO POR E-MAIL,65.60756321839081,25.25,0
212,7157-SMCFK,MASCULINO,0,NAO,SIM,61,SIM,NAO,SEM SERVICO DE INTERNET,SEM SERVICO DE INTERNET,SEM SERVICO DE INTERNET,DOIS ANOS,ENVIO POR CORREIO,65.60756321839081,1124.2,0
213,4709-LKHYG,FEMININO,0,SIM,SIM,29,SIM,NAO,SEM SERVICO DE INTERNET,SEM SERVICO DE INTERNET,SEM SERVICO DE INTERNET,UM ANO,ENVIO POR E-MAIL,65.60756321839081,540.05,0
214,2504-DSHIH,MASCULINO,1,SIM,NAO,23,SIM,FIBER OPTIC,NAO,NAO,NAO,MES-A-MES,ENVIO POR E-MAIL,65.60756321839081,1975.85,0
215,0699-NDKJM,FEMININO,0,SIM,NAO,57,SIM,DSL,SIM,NAO,SIM,MES-A-MES,TRANSFERENCIA BANCARIA - DEBITO AUTOMATICO,65.60756321839081,3437.45,0
216,9286-BHDQG,MASCULINO,0,SIM,SIM,72,SIM,DSL,SIM,SIM,NAO,DOIS ANOS,CARTAO DE CREDITO - DEBITO AUTOMATICO,65.60756321839081,3139.8,0
217,0230-WEQUW,MASCULINO,0,SIM,NAO,66,SIM,DSL,SIM,SIM,SIM,DOIS ANOS,TRANSFERENCIA BANCARIA - DEBITO AUTOMATICO,65.60756321839081,3789.2,0
218,2040-LDIWQ,MASCULINO,0,SIM,SIM,65,SIM,DSL,NAO,SIM,SIM,DOIS ANOS,TRANSFERENCIA BANCARIA - DEBITO AUTOMATICO,65.60756321839081,5324.5,0
219,6496-JDSSB,FEMININO,0,NAO,NAO,8,SIM,FIBER OPTIC,NAO,NAO,SIM,MES-A-MES,TRANSFERENCIA BANCARIA - DEBITO AUTOMATICO,65.60756321839081,624.6,0
220,9408-SSNVZ,FEMININO,0,NAO,NAO,4,SIM,FIBER OPTIC,NAO,NAO,NAO,MES-A-MES,ENVIO POR E-MAIL,65.60756321839081,268.35,1
221,4443-EMBNA,FEMININO,0,SIM,NAO,71,SIM,NAO,SEM SERVICO DE INTERNET,SEM SERVICO DE INTERNET,SEM SERVICO DE INTERNET,DOIS ANOS,TRANSFERENCIA BANCARIA - DEBITO AUTOMATICO,65.60756321839081,1836.9,0
222,6469-MRVET,MASCULINO,0,SIM,SIM,1,SIM,NAO,SEM SERVICO DE INTERNET,SEM SERVICO DE INTERNET,SEM SERVICO DE INTERNET,UM ANO,ENVIO POR E-MAIL,65.60756321839081,20.2,0
223,0742-MOABM,MASCULINO,0,SIM,NAO,4,SIM,DSL,NAO,SIM,NAO,MES-A-MES,ENVIO POR CORREIO,65.60756321839081,179.35,1
224,5961-VUSRV,FEMININO,0,NAO,NAO,12,SIM,NAO,SEM SERVICO DE INTERNET,SEM SERVICO DE INTERNET,SEM SERVICO DE INTERNET,UM ANO,TRANSFERENCIA BANCARIA - DEBITO AUTOMATICO,65.60756321839081,219.35,0
225,6778-JFCMK,MASCULINO,0,NAO,NAO,24,SIM,DSL,SIM,NAO,SIM,UM ANO,ENVIO POR CORREIO,65.60756321839081,1288.75,0
226,6341-JVQGF,FEMININO,0,SIM,SIM,31,SIM,DSL,SIM,SIM,SIM,UM ANO,ENVIO POR CORREIO,65.60756321839081,2545.75,0
227,2232-DMLXU,FEMININO,0,SIM,NAO,1,SIM,DSL,NAO,NAO,SIM,MES-A-MES,ENVIO POR CORREIO,65.60756321839081,55.2,1
228,4811-JBUVU,MASCULINO,0,NAO,NAO,30,SIM,FIBER OPTIC,NAO,SIM,NAO,MES-A-MES,CARTAO DE CREDITO - DEBITO AUTOMATICO,65.60756321839081,2723.15,0
229,0945-TSONX,FEMININO,0,SIM,SIM,47,SIM,DSL,SIM,SIM,SIM,DOIS ANOS,CARTAO DE CREDITO - DEBITO AUTOMATICO,65.60756321839081,4107.25,0
230,2651-ZCBXV,MASCULINO,0,NAO,NAO,54,SIM,FIBER OPTIC,SIM,SIM,SIM,DOIS ANOS,CARTAO DE CREDITO - DEBITO AUTOMATICO,65.60756321839081,5760.65,0
231,3316-UWXUY,MASCULINO,0,NAO,NAO,50,SIM,FIBER OPTIC,SIM,SIM,NAO,MES-A-MES,CARTAO DE CREDITO - DEBITO AUTOMATICO,65.60756321839081,4747.5,0
232,8937-RDTHP,MASCULINO,0,NAO,NAO,1,SIM,FIBER OPTIC,SIM,NAO,NAO,MES-A-MES,ENVIO POR CORREIO,65.60756321839081,84.6,1
233,7083-MIOPC,FEMININO,0,NAO,NAO,72,SIM,NAO,SEM SERVICO DE INTERNET,SEM SERVICO DE INTERNET,SEM SERVICO DE INTERNET,DOIS ANOS,CARTAO DE CREDITO - DEBITO AUTOMATICO,65.60756321839081,1566.9,0
234,1984-GPTEH,FEMININO,0,NAO,NAO,29,SIM,NAO,SEM SERVICO DE INTERNET,SEM SERVICO DE INTERNET,SEM SERVICO DE INTERNET,MES-A-MES,ENVIO POR E-MAIL,65.60756321839081,702.0,0
235,1251-KRREG,MASCULINO,0,NAO,NAO,2,SIM,DSL,NAO,NAO,NAO,MES-A-MES,ENVIO POR CORREIO,65.60756321839081,114.1,1
236,0621-JFHOL,FEMININO,0,NAO,NAO,10,SIM,DSL,NAO,SIM,NAO,DOIS ANOS,ENVIO POR CORREIO,65.60756321839081,299.05,0
237,9903-LYSAB,MASCULINO,0,SIM,NAO,18,SIM,FIBER OPTIC,NAO,NAO,NAO,MES-A-MES,ENVIO POR E-MAIL,65.60756321839081,1305.95,0
238,0094-OIFMO,FEMININO,1,NAO,NAO,11,SIM,FIBER OPTIC,NAO,NAO,SIM,MES-A-MES,ENVIO POR E-MAIL,65.60756321839081,1120.3,1
239,9227-UAQFT,MASCULINO,0,NAO,NAO,16,SIM,NAO,SEM SERVICO DE INTERNET,SEM SERVICO DE INTERNET,SEM SERVICO DE INTERNET,DOIS ANOS,ENVIO POR CORREIO,65.60756321839081,284.35,0
240,7301-ABVAD,FEMININO,0,NAO,NAO,72,SIM,DSL,NAO,SIM,SIM,DOIS ANOS,TRANSFERENCIA BANCARIA - DEBITO AUTOMATICO,65.60756321839081,6350.5,0
241,6614-FHDBO,MASCULINO,0,NAO,NAO,72,SIM,FIBER OPTIC,NAO,SIM,SIM,DOIS ANOS,TRANSFERENCIA BANCARIA - DEBITO AUTOMATICO,65.60756321839081,7878.3,0
242,7576-ASEJU,FEMININO,0,SIM,SIM,41,SIM,DSL,SIM,SIM,SIM,UM ANO,CARTAO DE CREDITO - DEBITO AUTOMATICO,65.60756321839081,3187.65,0
243,9058-HRZSV,FEMININO,1,SIM,NAO,65,SIM,FIBER OPTIC,SIM,NAO,NAO,MES-A-MES,ENVIO POR E-MAIL,65.60756321839081,6126.15,0
244,4522-AKYLR,FEMININO,1,NAO,NAO,13,SIM,DSL,NAO,NAO,NAO,MES-A-MES,ENVIO POR E-MAIL,65.60756321839081,731.3,0
245,0221-WMXNQ,MASCULINO,1,NAO,NAO,4,SIM,FIBER OPTIC,SIM,NAO,NAO,MES-A-MES,ENVIO POR E-MAIL,65.60756321839081,273.4,0
246,0303-UNCIP,MASCULINO,0,NAO,NAO,41,SIM,DSL,NAO,NAO,NAO,UM ANO,ENVIO POR CORREIO,65.60756321839081,2531.8,0
247,9947-OTFQU,MASCULINO,1,NAO,NAO,15,SIM,FIBER OPTIC,NAO,NAO,NAO,MES-A-MES,ENVIO POR E-MAIL,65.60756321839081,1074.3,1
248,0322-YINQP,MASCULINO,0,NAO,NAO,1,SIM,DSL,SIM,NAO,NAO,MES-A-MES,ENVIO POR CORREIO,65.60756321839081,48.55,1
249,0959-WHOKV,MASCULINO,0,NAO,NAO,42,SIM,FIBER OPTIC,SIM,NAO,NAO,UM ANO,ENVIO POR E-MAIL,65.60756321839081,4298.45,0
250,4075-JFPGR,FEMININO,0,SIM,NAO,51,SIM,FIBER OPTIC,SIM,NAO,SIM,UM ANO,ENVIO POR E-MAIL,65.60756321839081,4619.55,0
251,4629-NRXKX,FEMININO,0,SIM,SIM,2,SIM,FIBER OPTIC,NAO,NAO,NAO,MES-A-MES,ENVIO POR E-MAIL,65.60756321839081,147.15,1
252,9514-JDSKI,MASCULINO,1,SIM,NAO,1,SIM,DSL,NAO,NAO,SIM,MES-A-MES,ENVIO POR E-MAIL,65.60756321839081,40.2,1
253,3282-ZISZV,MASCULINO,0,NAO,SIM,32,SIM,DSL,NAO,SIM,SIM,UM ANO,CARTAO DE CREDITO - DEBITO AUTOMATICO,65.60756321839081,2633.3,0
254,3675-YDUPJ,MASCULINO,0,NAO,NAO,10,SIM,NAO,SEM SERVICO DE INTERNET,SEM SERVICO DE INTERNET,SEM SERVICO DE INTERNET,MES-A-MES,ENVIO POR CORREIO,65.60756321839081,193.05,0
255,4111-BNXIF,FEMININO,0,SIM,SIM,67,SIM,DSL,NAO,SIM,SIM,DOIS ANOS,ENVIO POR E-MAIL,65.60756321839081,4103.9,0
256,7017-VFHAY,FEMININO,0,SIM,SIM,61,SIM,FIBER OPTIC,SIM,SIM,SIM,DOIS ANOS,CARTAO DE CREDITO - DEBITO AUTOMATICO,65.60756321839081,7008.15,0
257,6655-LHBYW,MASCULINO,0,NAO,NAO,50,SIM,FIBER OPTIC,SIM,SIM,SIM,UM ANO,CARTAO DE CREDITO - DEBITO AUTOMATICO,65.60756321839081,5791.1,0
258,4959-JOSRX,FEMININO,0,SIM,NAO,2,SIM,DSL,NAO,NAO,NAO,MES-A-MES,CARTAO DE CREDITO - DEBITO AUTOMATICO,65.60756321839081,80.55,1
259,5046-NUHWD,FEMININO,1,SIM,NAO,29,SIM,DSL,SIM,NAO,NAO,MES-A-MES,ENVIO POR E-MAIL,65.60756321839081,1228.65,0
260,7273-TEFQD,MASCULINO,1,NAO,NAO,3,SIM,DSL,NAO,NAO,NAO,MES-A-MES,ENVIO POR E-MAIL,65.60756321839081,132.2,1
261,3606-TWKGI,MASCULINO,1,NAO,NAO,13,SIM,FIBER OPTIC,NAO,NAO,SIM,MES-A-MES,ENVIO POR E-MAIL,65.60756321839081,1364.3,1
262,7529-ZDFXI,MASCULINO,1,SIM,NAO,57,SIM,FIBER OPTIC,NAO,NAO,NAO,MES-A-MES,ENVIO POR E-MAIL,65.60756321839081,4925.35,0
263,7605-BDWDC,FEMININO,0,NAO,NAO,31,SIM,DSL,SIM,SIM,NAO,DOIS ANOS,TRANSFERENCIA BANCARIA - DEBITO AUTOMATICO,65.60756321839081,1520.1,0
264,1950-KSVVJ,FEMININO,0,SIM,NAO,45,SIM,FIBER OPTIC,SIM,SIM,SIM,UM ANO,ENVIO POR CORREIO,65.60756321839081,5032.25,0
265,0123-CRBRT,FEMININO,0,SIM,SIM,61,SIM,DSL,SIM,SIM,SIM,DOIS ANOS,ENVIO POR CORREIO,65.60756321839081,5526.75,0
266,6292-TOSSS,MASCULINO,0,NAO,NAO,50,SIM,NAO,SEM SERVICO DE INTERNET,SEM SERVICO DE INTERNET,SEM SERVICO DE INTERNET,DOIS ANOS,TRANSFERENCIA BANCARIA - DEBITO AUTOMATICO,65.60756321839081,1195.25,0
267,3197-ARFOY,FEMININO,1,NAO,NAO,19,SIM,FIBER OPTIC,SIM,SIM,SIM,MES-A-MES,ENVIO POR CORREIO,65.60756321839081,2007.25,0
268,6323-AYBRX,MASCULINO,0,NAO,NAO,59,SIM,NAO,SEM SERVICO DE INTERNET,SEM SERVICO DE INTERNET,SEM SERVICO DE INTERNET,DOIS ANOS,ENVIO POR CORREIO,65.60756321839081,1099.6,1
269,7014-ZZXAW,FEMININO,0,SIM,NAO,71,SIM,NAO,SEM SERVICO DE INTERNET,SEM SERVICO DE INTERNET,SEM SERVICO DE INTERNET,DOIS ANOS,CARTAO DE CREDITO - DEBITO AUTOMATICO,65.60756321839081,1732.95,0
270,4385-GZQXV,FEMININO,1,NAO,NAO,16,SIM,FIBER OPTIC,NAO,SIM,SIM,MES-A-MES,ENVIO POR E-MAIL,65.60756321839081,1511.2,1
271,7633-MVPUY,MASCULINO,0,SIM,NAO,57,SIM,DSL,SIM,SIM,NAO,DOIS ANOS,ENVIO POR E-MAIL,65.60756321839081,3450.15,0
272,6366-ZGQGL,MASCULINO,0,NAO,NAO,1,SIM,DSL,NAO,NAO,NAO,MES-A-MES,TRANSFERENCIA BANCARIA - DEBITO AUTOMATICO,65.60756321839081,24.8,1
273,4716-HHKQH,MASCULINO,1,SIM,NAO,20,SIM,FIBER OPTIC,NAO,SIM,SIM,MES-A-MES,ENVIO POR E-MAIL,65.60756321839081,2172.05,0
274,5940-AHUHD,MASCULINO,0,NAO,NAO,1,SIM,FIBER OPTIC,NAO,NAO,NAO,MES-A-MES,ENVIO POR CORREIO,65.60756321839081,70.6,1
275,6432-TWQLB,MASCULINO,0,SIM,NAO,5,SIM,FIBER OPTIC,NAO,SIM,NAO,MES-A-MES,ENVIO POR E-MAIL,65.60756321839081,401.1,1
276,4484-GLZOU,FEMININO,0,SIM,NAO,52,SIM,FIBER OPTIC,NAO,NAO,SIM,MES-A-MES,ENVIO POR E-MAIL,65.60756321839081,5624.85,1
277,3179-GBRWV,MASCULINO,1,SIM,NAO,21,SIM,DSL,SIM,NAO,NAO,MES-A-MES,TRANSFERENCIA BANCARIA - DEBITO AUTOMATICO,65.60756321839081,1339.8,0
278,8645-KWHJO,MASCULINO,0,NAO,NAO,14,SIM,DSL,NAO,SIM,SIM,MES-A-MES,ENVIO POR E-MAIL,65.60756321839081,771.95,0
279,4130-MZLCC,FEMININO,0,NAO,NAO,5,SIM,DSL,NAO,NAO,NAO,MES-A-MES,TRANSFERENCIA BANCARIA - DEBITO AUTOMATICO,65.60756321839081,244.75,0
280,0314-TKOSI,FEMININO,0,NAO,NAO,6,SIM,DSL,SIM,NAO,NAO,MES-A-MES,ENVIO POR CORREIO,65.60756321839081,322.9,0
281,8229-MYEJZ,FEMININO,0,NAO,NAO,10,SIM,DSL,NAO,NAO,NAO,MES-A-MES,ENVIO POR E-MAIL,65.60756321839081,498.25,0
282,2080-SRCDE,FEMININO,0,NAO,SIM,1,SIM,NAO,SEM SERVICO DE INTERNET,SEM SERVICO DE INTERNET,SEM SERVICO DE INTERNET,MES-A-MES,ENVIO POR CORREIO,65.60756321839081,25.4,0
283,9577-WJVCQ,FEMININO,0,NAO,NAO,68,SIM,DSL,SIM,NAO,NAO,MES-A-MES,ENVIO POR CORREIO,65.60756321839081,3687.75,0
284,9512-UIBFX,MASCULINO,0,SIM,SIM,18,SIM,FIBER OPTIC,NAO,NAO,SIM,MES-A-MES,ENVIO POR CORREIO,65.60756321839081,1779.95,1
285,6202-DYYFX,FEMININO,0,NAO,NAO,22,SIM,FIBER OPTIC,NAO,NAO,NAO,UM ANO,CARTAO DE CREDITO - DEBITO AUTOMATICO,65.60756321839081,1783.6,0
286,3808-HFKDE,FEMININO,0,NAO,NAO,20,SIM,DSL,NAO,NAO,NAO,MES-A-MES,ENVIO POR E-MAIL,65.60756321839081,927.15,0
287,5583-SXDAG,MASCULINO,0,SIM,NAO,1,SIM,FIBER OPTIC,NAO,NAO,NAO,MES-A-MES,ENVIO POR E-MAIL,65.60756321839081,70.0,1
288,3488-PGMQJ,MASCULINO,1,NAO,NAO,8,SIM,FIBER OPTIC,NAO,NAO,NAO,MES-A-MES,ENVIO POR E-MAIL,65.60756321839081,606.55,1
289,3580-REOAC,MASCULINO,0,NAO,NAO,10,SIM,DSL,NAO,NAO,NAO,MES-A-MES,CARTAO DE CREDITO - DEBITO AUTOMATICO,65.60756321839081,435.4,1
290,7534-BFESC,MASCULINO,1,NAO,NAO,24,SIM,FIBER OPTIC,NAO,NAO,NAO,MES-A-MES,ENVIO POR E-MAIL,65.60756321839081,1712.7,1
291,3727-OWVYD,MASCULINO,0,NAO,NAO,35,SIM,DSL,SIM,NAO,NAO,UM ANO,ENVIO POR CORREIO,65.60756321839081,2021.2,0
292,2294-SALNE,MASCULINO,0,SIM,SIM,23,SIM,FIBER OPTIC,NAO,SIM,NAO,UM ANO,ENVIO POR CORREIO,65.60756321839081,1940.8,0
293,4847-TAJYI,FEMININO,1,NAO,NAO,6,SIM,FIBER OPTIC,NAO,NAO,SIM,MES-A-MES,ENVIO POR E-MAIL,65.60756321839081,567.8,0
294,1563-IWQEX,FEMININO,0,NAO,NAO,12,SIM,NAO,SEM SERVICO DE INTERNET,SEM SERVICO DE INTERNET,SEM SERVICO DE INTERNET,MES-A-MES,ENVIO POR CORREIO,65.60756321839081,220.35,0
295,8203-XJZRC,MASCULINO,0,NAO,NAO,1,SIM,NAO,SEM SERVICO DE INTERNET,SEM SERVICO DE INTERNET,SEM SERVICO DE INTERNET,MES-A-MES,ENVIO POR CORREIO,65.60756321839081,20.25,0
296,6556-DBKZF,FEMININO,0,SIM,SIM,71,SIM,FIBER OPTIC,NAO,NAO,NAO,DOIS ANOS,ENVIO POR E-MAIL,65.60756321839081,5436.45,0
297,6851-WEFYX,MASCULINO,1,SIM,NAO,35,SIM,FIBER OPTIC,NAO,NAO,SIM,MES-A-MES,ENVIO POR E-MAIL,65.60756321839081,3437.5,0
298,2985-JUUBZ,MASCULINO,0,SIM,SIM,40,SIM,DSL,NAO,NAO,SIM,MES-A-MES,ENVIO POR E-MAIL,65.60756321839081,3015.75,0
299,6390-DSAZX,FEMININO,0,NAO,SIM,1,SIM,FIBER OPTIC,SIM,NAO,NAO,MES-A-MES,ENVIO POR CORREIO,65.60756321839081,73.6,1
300,0895-LMRSF,MASCULINO,0,NAO,NAO,23,SIM,DSL,NAO,NAO,SIM,UM ANO,TRANSFERENCIA BANCARIA - DEBITO AUTOMATICO,64.9,1509.8,0
301,8098-LLAZX,FEMININO,1,NAO,NAO,4,SIM,FIBER OPTIC,NAO,NAO,SIM,MES-A-MES,ENVIO POR E-MAIL,95.45,396.1,1
302,8266-VBFQL,MASCULINO,0,NAO,NAO,4,SIM,FIBER OPTIC,NAO,SIM,NAO,MES-A-MES,ENVIO POR E-MAIL,90.4,356.65,0
303,8181-YHCMF,FEMININO,0,SIM,SIM,68,SIM,DSL,NAO,SIM,SIM,DOIS ANOS,CARTAO DE CREDITO - DEBITO AUTOMATICO,60.3,4109.0,0
304,2240-HSJQD,MASCULINO,0,NAO,SIM,38,SIM,FIBER OPTIC,NAO,NAO,NAO,MES-A-MES,ENVIO POR CORREIO,81.85,3141.7,0
305,1248-DYXUB,MASCULINO,0,SIM,SIM,52,SIM,NAO,SEM SERVICO DE INTERNET,SEM SERVICO DE INTERNET,SEM SERVICO DE INTERNET,DOIS ANOS,ENVIO POR CORREIO,24.8,1229.1,0
306,0265-EDXBD,MASCULINO,1,SIM,NAO,32,SIM,FIBER OPTIC,NAO,NAO,NAO,MES-A-MES,ENVIO POR E-MAIL,74.9,2303.35,1
307,4115-BNPJY,MASCULINO,0,SIM,SIM,29,SIM,DSL,NAO,SIM,SIM,DOIS ANOS,ENVIO POR CORREIO,75.55,2054.4,0
308,3167-SNQPL,MASCULINO,1,SIM,SIM,38,SIM,FIBER OPTIC,NAO,NAO,SIM,MES-A-MES,ENVIO POR E-MAIL,101.15,3741.85,0
309,4091-TVOCN,MASCULINO,0,NAO,SIM,48,SIM,DSL,SIM,NAO,SIM,UM ANO,CARTAO DE CREDITO - DEBITO AUTOMATICO,78.75,3682.45,0
310,1098-TDVUQ,FEMININO,0,NAO,NAO,1,SIM,NAO,SEM SERVICO DE INTERNET,SEM SERVICO DE INTERNET,SEM SERVICO DE INTERNET,MES-A-MES,TRANSFERENCIA BANCARIA - DEBITO AUTOMATICO,19.25,19.25,0
311,7277-OZCGZ,FEMININO,0,NAO,NAO,22,SIM,FIBER OPTIC,SIM,SIM,NAO,MES-A-MES,ENVIO POR E-MAIL,89.05,1886.25,0
312,1557-EMYVT,FEMININO,0,NAO,NAO,43,SIM,FIBER OPTIC,SIM,SIM,SIM,DOIS ANOS,CARTAO DE CREDITO - DEBITO AUTOMATICO,115.05,4895.1,0
313,2799-ARNLO,FEMININO,1,SIM,NAO,5,SIM,FIBER OPTIC,NAO,NAO,NAO,MES-A-MES,ENVIO POR E-MAIL,69.35,341.6,0
314,7563-BIUPC,MASCULINO,0,NAO,NAO,5,SIM,FIBER OPTIC,NAO,NAO,SIM,MES-A-MES,ENVIO POR E-MAIL,80.6,415.55,1
315,5027-YOCXN,MASCULINO,0,SIM,SIM,51,SIM,FIBER OPTIC,SIM,SIM,SIM,UM ANO,CARTAO DE CREDITO - DEBITO AUTOMATICO,110.05,5686.4,0
316,3973-SKMLN,MASCULINO,0,NAO,NAO,71,SIM,NAO,SEM SERVICO DE INTERNET,SEM SERVICO DE INTERNET,SEM SERVICO DE INTERNET,DOIS ANOS,CARTAO DE CREDITO - DEBITO AUTOMATICO,19.9,1355.1,0
317,2321-OMBXY,FEMININO,0,SIM,SIM,38,SIM,DSL,SIM,SIM,SIM,UM ANO,CARTAO DE CREDITO - DEBITO AUTOMATICO,80.3,3058.65,1
318,2840-XANRC,MASCULINO,1,SIM,NAO,24,SIM,FIBER OPTIC,NAO,NAO,SIM,MES-A-MES,ENVIO POR E-MAIL,93.15,2231.05,1
319,6745-JEFZB,MASCULINO,0,SIM,NAO,35,SIM,FIBER OPTIC,NAO,SIM,SIM,MES-A-MES,CARTAO DE CREDITO - DEBITO AUTOMATICO,91.5,3236.35,0
320,5020-ZSTTY,FEMININO,1,NAO,NAO,54,SIM,DSL,SIM,SIM,SIM,UM ANO,TRANSFERENCIA BANCARIA - DEBITO AUTOMATICO,82.45,4350.1,1
321,9880-TDQAC,FEMININO,0,SIM,SIM,72,SIM,DSL,NAO,SIM,SIM,DOIS ANOS,ENVIO POR E-MAIL,60.0,4264.0,0
322,8705-WZCYL,MASCULINO,0,NAO,NAO,1,SIM,DSL,NAO,NAO,NAO,MES-A-MES,ENVIO POR E-MAIL,44.8,44.8,0
323,7102-JJVTX,FEMININO,0,SIM,SIM,9,SIM,DSL,SIM,NAO,NAO,UM ANO,ENVIO POR CORREIO,48.6,422.3,0
324,8626-PTQGE,MASCULINO,0,NAO,NAO,69,SIM,DSL,SIM,SIM,SIM,DOIS ANOS,TRANSFERENCIA BANCARIA - DEBITO AUTOMATICO,60.05,4176.7,0
325,4983-CLMLV,FEMININO,0,SIM,NAO,52,SIM,FIBER OPTIC,NAO,SIM,SIM,MES-A-MES,CARTAO DE CREDITO - DEBITO AUTOMATICO,102.7,5138.1,0
326,5701-YVSVF,FEMININO,1,SIM,NAO,11,SIM,FIBER OPTIC,NAO,SIM,SIM,MES-A-MES,ENVIO POR E-MAIL,82.9,880.05,0
327,5804-LEPIM,FEMININO,1,NAO,NAO,2,SIM,FIBER OPTIC,NAO,NAO,NAO,MES-A-MES,ENVIO POR E-MAIL,70.35,139.05,1
328,5697-GOMBF,FEMININO,1,SIM,SIM,28,SIM,DSL,NAO,NAO,SIM,MES-A-MES,ENVIO POR E-MAIL,35.9,973.65,0
329,2739-CACDQ,FEMININO,1,NAO,NAO,17,SIM,FIBER OPTIC,NAO,NAO,NAO,MES-A-MES,CARTAO DE CREDITO - DEBITO AUTOMATICO,82.65,1470.05,0
330,9385-EHGDO,FEMININO,0,SIM,SIM,35,SIM,NAO,SEM SERVICO DE INTERNET,SEM SERVICO DE INTERNET,SEM SERVICO DE INTERNET,DOIS ANOS,ENVIO POR CORREIO,19.85,739.35,0
331,9498-FIMXL,FEMININO,0,NAO,NAO,8,SIM,NAO,SEM SERVICO DE INTERNET,SEM SERVICO DE INTERNET,SEM SERVICO DE INTERNET,UM ANO,ENVIO POR CORREIO,19.2,161.95,0
332,2379-GYFLQ,MASCULINO,0,NAO,NAO,46,SIM,FIBER OPTIC,NAO,NAO,SIM,UM ANO,CARTAO DE CREDITO - DEBITO AUTOMATICO,94.9,4422.95,0
333,0122-OAHPZ,FEMININO,0,NAO,NAO,7,SIM,FIBER OPTIC,NAO,NAO,NAO,MES-A-MES,ENVIO POR E-MAIL,73.85,511.25,1
334,2868-SNELZ,FEMININO,0,NAO,NAO,2,SIM,FIBER OPTIC,NAO,NAO,NAO,MES-A-MES,ENVIO POR CORREIO,80.6,155.8,1
335,4322-RCYMT,MASCULINO,0,SIM,SIM,68,SIM,DSL,NAO,SIM,NAO,UM ANO,TRANSFERENCIA BANCARIA - DEBITO AUTOMATICO,75.8,5293.95,1
336,6680-NENYN,FEMININO,0,NAO,NAO,43,SIM,FIBER OPTIC,NAO,NAO,SIM,DOIS ANOS,ENVIO POR E-MAIL,104.6,4759.85,1
337,2088-IEBAU,FEMININO,0,NAO,NAO,68,SIM,DSL,SIM,SIM,SIM,DOIS ANOS,ENVIO POR E-MAIL,88.15,6148.45,0
338,7982-VCELR,FEMININO,0,NAO,NAO,36,SIM,FIBER OPTIC,NAO,NAO,SIM,MES-A-MES,CARTAO DE CREDITO - DEBITO AUTOMATICO,94.8,3565.65,0
339,1343-EHPYB,MASCULINO,0,SIM,NAO,63,SIM,FIBER OPTIC,NAO,NAO,SIM,MES-A-MES,ENVIO POR E-MAIL,103.4,6603.0,1
340,6035-BXTTY,FEMININO,1,NAO,NAO,32,SIM,DSL,NAO,SIM,NAO,MES-A-MES,TRANSFERENCIA BANCARIA - DEBITO AUTOMATICO,54.65,1830.1,0
341,6885-PKOAM,FEMININO,0,SIM,NAO,71,SIM,DSL,SIM,SIM,SIM,DOIS ANOS,CARTAO DE CREDITO - DEBITO AUTOMATICO,85.75,6223.8,0
342,7520-HQWJU,FEMININO,0,SIM,SIM,66,SIM,DSL,SIM,NAO,NAO,MES-A-MES,TRANSFERENCIA BANCARIA - DEBITO AUTOMATICO,67.45,4508.65,0
343,9639-BUJXT,MASCULINO,0,NAO,NAO,63,SIM,NAO,SEM SERVICO DE INTERNET,SEM SERVICO DE INTERNET,SEM SERVICO DE INTERNET,UM ANO,ENVIO POR CORREIO,20.5,1328.15,0
344,5924-SNGKP,FEMININO,0,NAO,SIM,41,SIM,NAO,SEM SERVICO DE INTERNET,SEM SERVICO DE INTERNET,SEM SERVICO DE INTERNET,UM ANO,CARTAO DE CREDITO - DEBITO AUTOMATICO,20.25,865.0,0
345,0021-IKXGC,FEMININO,1,NAO,NAO,1,SIM,FIBER OPTIC,NAO,NAO,NAO,MES-A-MES,ENVIO POR E-MAIL,72.1,72.1,0
346,2034-GDRCN,FEMININO,0,NAO,NAO,2,SIM,FIBER OPTIC,NAO,NAO,SIM,MES-A-MES,ENVIO POR E-MAIL,90.4,168.2,1
347,8966-SNIZF,FEMININO,0,SIM,NAO,70,SIM,NAO,SEM SERVICO DE INTERNET,SEM SERVICO DE INTERNET,SEM SERVICO DE INTERNET,DOIS ANOS,TRANSFERENCIA BANCARIA - DEBITO AUTOMATICO,19.45,1303.5,0
348,6243-OZGFH,FEMININO,0,NAO,NAO,23,SIM,DSL,NAO,NAO,SIM,MES-A-MES,ENVIO POR E-MAIL,44.95,996.85,0
349,4654-DLAMQ,FEMININO,1,SIM,NAO,64,SIM,FIBER OPTIC,SIM,NAO,NAO,UM ANO,TRANSFERENCIA BANCARIA - DEBITO AUTOMATICO,97.0,6430.9,0
350,0513-RBGPE,MASCULINO,0,SIM,SIM,37,SIM,DSL,SIM,SIM,NAO,DOIS ANOS,CARTAO DE CREDITO - DEBITO AUTOMATICO,62.8,2278.75,0
351,5160-UXJED,MASCULINO,0,NAO,SIM,17,SIM,DSL,NAO,NAO,NAO,UM ANO,ENVIO POR CORREIO,44.6,681.4,0
352,4115-NZRKS,FEMININO,1,NAO,NAO,7,SIM,FIBER OPTIC,NAO,NAO,SIM,MES-A-MES,ENVIO POR E-MAIL,89.15,574.35,0
353,0219-YTZUE,MASCULINO,0,SIM,SIM,4,SIM,FIBER OPTIC,NAO,NAO,NAO,MES-A-MES,TRANSFERENCIA BANCARIA - DEBITO AUTOMATICO,84.8,371.9,1
354,0623-IIHUG,FEMININO,1,NAO,NAO,21,SIM,DSL,SIM,NAO,SIM,MES-A-MES,ENVIO POR E-MAIL,41.9,840.1,1
355,4572-DVCGN,FEMININO,0,NAO,NAO,10,SIM,FIBER OPTIC,NAO,NAO,NAO,MES-A-MES,TRANSFERENCIA BANCARIA - DEBITO AUTOMATICO,80.25,846.0,1
356,3351-NGXYI,FEMININO,1,NAO,NAO,16,SIM,DSL,SIM,NAO,NAO,MES-A-MES,ENVIO POR E-MAIL,54.1,889.0,0
357,8984-EYLLL,MASCULINO,0,SIM,NAO,64,SIM,FIBER OPTIC,NAO,SIM,SIM,DOIS ANOS,ENVIO POR E-MAIL,105.25,6823.4,0
358,9057-MSWCO,MASCULINO,1,SIM,NAO,27,SIM,DSL,SIM,NAO,NAO,MES-A-MES,CARTAO DE CREDITO - DEBITO AUTOMATICO,30.75,805.1,1
359,9833-TGFHX,MASCULINO,0,SIM,SIM,42,SIM,FIBER OPTIC,SIM,NAO,SIM,UM ANO,ENVIO POR E-MAIL,97.1,4016.75,0
360,9294-TDIPC,MASCULINO,0,NAO,SIM,5,SIM,NAO,SEM SERVICO DE INTERNET,SEM SERVICO DE INTERNET,SEM SERVICO DE INTERNET,MES-A-MES,ENVIO POR CORREIO,20.2,83.75,0
361,5229-DTFYB,FEMININO,0,NAO,NAO,41,SIM,FIBER OPTIC,NAO,SIM,SIM,DOIS ANOS,TRANSFERENCIA BANCARIA - DEBITO AUTOMATICO,98.8,3959.15,0
362,0104-PPXDV,MASCULINO,0,SIM,NAO,58,SIM,DSL,NAO,NAO,NAO,UM ANO,CARTAO DE CREDITO - DEBITO AUTOMATICO,50.3,2878.55,0
363,5176-LMJXE,FEMININO,0,NAO,NAO,47,SIM,NAO,SEM SERVICO DE INTERNET,SEM SERVICO DE INTERNET,SEM SERVICO DE INTERNET,DOIS ANOS,ENVIO POR CORREIO,20.55,945.7,0
364,3583-KRKMD,MASCULINO,0,NAO,NAO,18,SIM,FIBER OPTIC,NAO,SIM,NAO,MES-A-MES,TRANSFERENCIA BANCARIA - DEBITO AUTOMATICO,75.9,1373.05,0
365,1010-DIAUQ,MASCULINO,0,NAO,NAO,5,SIM,FIBER OPTIC,NAO,NAO,SIM,MES-A-MES,TRANSFERENCIA BANCARIA - DEBITO AUTOMATICO,96.5,492.55,1
366,9069-LGEUL,MASCULINO,0,SIM,NAO,23,SIM,DSL,SIM,NAO,NAO,MES-A-MES,TRANSFERENCIA BANCARIA - DEBITO AUTOMATICO,59.95,1406.0,0
367,7302-ZHMHP,FEMININO,0,NAO,NAO,1,SIM,NAO,SEM SERVICO DE INTERNET,SEM SERVICO DE INTERNET,SEM SERVICO DE INTERNET,MES-A-MES,ENVIO POR CORREIO,19.15,19.15,0
368,9571-EDEBV,MASCULINO,0,SIM,NAO,71,SIM,FIBER OPTIC,NAO,NAO,SIM,UM ANO,CARTAO DE CREDITO - DEBITO AUTOMATICO,98.65,6962.85,0
369,3520-FJGCV,MASCULINO,0,SIM,SIM,72,SIM,FIBER OPTIC,SIM,SIM,SIM,DOIS ANOS,CARTAO DE CREDITO - DEBITO AUTOMATICO,112.6,8126.65,0
370,6563-VRERX,MASCULINO,0,SIM,SIM,33,SIM,NAO,SEM SERVICO DE INTERNET,SEM SERVICO DE INTERNET,SEM SERVICO DE INTERNET,UM ANO,ENVIO POR CORREIO,20.6,690.25,0
371,0259-GBZSH,MASCULINO,0,NAO,NAO,2,SIM,FIBER OPTIC,NAO,NAO,SIM,MES-A-MES,ENVIO POR E-MAIL,85.65,181.5,1
372,6122-EFVKN,MASCULINO,0,NAO,SIM,24,SIM,DSL,SIM,SIM,NAO,DOIS ANOS,ENVIO POR CORREIO,35.75,830.8,0
373,2805-EDJPQ,FEMININO,0,SIM,SIM,56,SIM,FIBER OPTIC,NAO,SIM,NAO,UM ANO,CARTAO DE CREDITO - DEBITO AUTOMATICO,99.75,5608.4,0
374,6862-CQUMB,MASCULINO,0,NAO,NAO,37,SIM,FIBER OPTIC,NAO,NAO,SIM,MES-A-MES,CARTAO DE CREDITO - DEBITO AUTOMATICO,96.1,3646.8,0
375,7156-MXBJE,FEMININO,0,NAO,NAO,43,SIM,DSL,NAO,SIM,SIM,UM ANO,CARTAO DE CREDITO - DEBITO AUTOMATICO,85.1,3662.25,0
376,6158-HDPXZ,MASCULINO,0,NAO,NAO,1,SIM,DSL,NAO,NAO,NAO,MES-A-MES,ENVIO POR CORREIO,25.35,25.35,0
377,9601-BRXPO,FEMININO,0,SIM,NAO,25,SIM,FIBER OPTIC,NAO,SIM,SIM,MES-A-MES,TRANSFERENCIA BANCARIA - DEBITO AUTOMATICO,104.95,2566.5,1
378,2863-IMQDR,FEMININO,0,NAO,NAO,61,SIM,DSL,SIM,SIM,SIM,DOIS ANOS,ENVIO POR E-MAIL,89.65,5308.7,0
379,5686-CMAWK,MASCULINO,0,NAO,NAO,17,SIM,FIBER OPTIC,NAO,SIM,NAO,UM ANO,ENVIO POR E-MAIL,86.75,1410.25,0
380,5651-CRHKQ,FEMININO,0,SIM,NAO,41,SIM,FIBER OPTIC,NAO,SIM,NAO,UM ANO,TRANSFERENCIA BANCARIA - DEBITO AUTOMATICO,86.2,3339.05,0
381,6905-NIQIN,MASCULINO,0,NAO,NAO,1,SIM,DSL,NAO,NAO,NAO,MES-A-MES,ENVIO POR CORREIO,50.65,50.65,1
382,8204-YJCLA,MASCULINO,1,SIM,SIM,72,SIM,DSL,SIM,SIM,SIM,DOIS ANOS,TRANSFERENCIA BANCARIA - DEBITO AUTOMATICO,64.8,4732.35,0
383,5167-ZFFMM,MASCULINO,0,NAO,NAO,1,SIM,FIBER OPTIC,NAO,NAO,NAO,MES-A-MES,CARTAO DE CREDITO - DEBITO AUTOMATICO,90.85,90.85,1
384,6583-SZVGP,MASCULINO,0,NAO,NAO,48,SIM,FIBER OPTIC,NAO,NAO,SIM,DOIS ANOS,TRANSFERENCIA BANCARIA - DEBITO AUTOMATICO,108.1,5067.45,0
385,4895-TMWIR,MASCULINO,1,SIM,NAO,11,SIM,NAO,SEM SERVICO DE INTERNET,SEM SERVICO DE INTERNET,SEM SERVICO DE INTERNET,MES-A-MES,ENVIO POR CORREIO,19.95,214.75,1
386,0533-BNWKF,FEMININO,1,SIM,NAO,55,SIM,FIBER OPTIC,NAO,NAO,NAO,MES-A-MES,ENVIO POR E-MAIL,85.45,4874.7,1
387,1708-PBBOA,FEMININO,0,NAO,NAO,42,SIM,DSL,SIM,SIM,NAO,UM ANO,ENVIO POR E-MAIL,54.75,2348.45,0
388,8782-LKFPK,MASCULINO,0,NAO,NAO,44,SIM,FIBER OPTIC,NAO,NAO,NAO,MES-A-MES,ENVIO POR CORREIO,90.4,4063.0,0
389,5522-JBWMO,MASCULINO,0,NAO,SIM,1,SIM,DSL,NAO,NAO,NAO,MES-A-MES,ENVIO POR E-MAIL,44.0,44.0,0
390,3597-MVHJT,FEMININO,0,NAO,NAO,27,SIM,FIBER OPTIC,NAO,NAO,SIM,MES-A-MES,TRANSFERENCIA BANCARIA - DEBITO AUTOMATICO,95.6,2595.25,0
391,9774-NRNAU,MASCULINO,1,SIM,NAO,27,SIM,DSL,NAO,SIM,SIM,MES-A-MES,TRANSFERENCIA BANCARIA - DEBITO AUTOMATICO,84.8,2309.55,0
392,0224-RLWWD,FEMININO,1,NAO,NAO,2,SIM,DSL,NAO,NAO,NAO,MES-A-MES,ENVIO POR E-MAIL,44.3,89.3,0
393,9967-ATRFS,FEMININO,0,NAO,NAO,19,SIM,NAO,SEM SERVICO DE INTERNET,SEM SERVICO DE INTERNET,SEM SERVICO DE INTERNET,MES-A-MES,ENVIO POR CORREIO,19.9,367.55,0
394,3951-NJCVI,FEMININO,1,SIM,NAO,42,SIM,FIBER OPTIC,NAO,NAO,SIM,MES-A-MES,ENVIO POR E-MAIL,95.05,3944.5,0
395,2977-CEBSX,FEMININO,0,NAO,NAO,66,SIM,DSL,SIM,SIM,SIM,DOIS ANOS,CARTAO DE CREDITO - DEBITO AUTOMATICO,90.05,5965.95,0
396,0177-PXBAT,MASCULINO,1,SIM,NAO,33,SIM,FIBER OPTIC,SIM,SIM,SIM,MES-A-MES,TRANSFERENCIA BANCARIA - DEBITO AUTOMATICO,109.9,3694.7,0
397,6599-CEBNN,FEMININO,0,NAO,NAO,34,SIM,FIBER OPTIC,NAO,NAO,NAO,MES-A-MES,CARTAO DE CREDITO - DEBITO AUTOMATICO,73.95,2524.45,1
398,2519-ERQOJ,MASCULINO,1,NAO,NAO,33,SIM,DSL,NAO,SIM,SIM,MES-A-MES,ENVIO POR E-MAIL,54.6,1803.7,0
399,5876-QMYLD,FEMININO,0,SIM,SIM,23,SIM,NAO,SEM SERVICO DE INTERNET,SEM SERVICO DE INTERNET,SEM SERVICO DE INTERNET,UM ANO,ENVIO POR CORREIO,20.05,415.1,0
400,2277-AXSDC,FEMININO,0,NAO,NAO,32,SIM,NAO,SEM SERVICO DE INTERNET,SEM SERVICO DE INTERNET,SEM SERVICO DE INTERNET,UM ANO,TRANSFERENCIA BANCARIA - DEBITO AUTOMATICO,19.75,624.15,0
401,9442-JTWDL,FEMININO,0,NAO,NAO,11,SIM,NAO,SEM SERVICO DE INTERNET,SEM SERVICO DE INTERNET,SEM SERVICO DE INTERNET,UM ANO,CARTAO DE CREDITO - DEBITO AUTOMATICO,20.05,237.7,0
402,0979-PHULV,MASCULINO,0,SIM,SIM,69,SIM,FIBER OPTIC,NAO,NAO,SIM,MES-A-MES,CARTAO DE CREDITO - DEBITO AUTOMATICO,99.45,7007.6,1
403,3067-SVMTC,FEMININO,0,SIM,NAO,68,SIM,DSL,SIM,SIM,NAO,UM ANO,TRANSFERENCIA BANCARIA - DEBITO AUTOMATICO,55.9,3848.8,0
404,5495-GPSRW,MASCULINO,0,NAO,NAO,20,SIM,NAO,SEM SERVICO DE INTERNET,SEM SERVICO DE INTERNET,SEM SERVICO DE INTERNET,DOIS ANOS,ENVIO POR CORREIO,19.7,419.4,0
405,7606-BPHHN,MASCULINO,0,NAO,NAO,72,SIM,NAO,SEM SERVICO DE INTERNET,SEM SERVICO DE INTERNET,SEM SERVICO DE INTERNET,DOIS ANOS,CARTAO DE CREDITO - DEBITO AUTOMATICO,19.8,1468.75,0
406,4742-DRORA,MASCULINO,0,SIM,SIM,60,SIM,FIBER OPTIC,SIM,NAO,SIM,UM ANO,TRANSFERENCIA BANCARIA - DEBITO AUTOMATICO,95.4,5812.0,0
407,0111-KLBQG,MASCULINO,1,SIM,SIM,32,SIM,FIBER OPTIC,NAO,NAO,SIM,MES-A-MES,ENVIO POR CORREIO,93.95,2861.45,0
408,4800-VHZKI,FEMININO,0,NAO,NAO,1,SIM,NAO,SEM SERVICO DE INTERNET,SEM SERVICO DE INTERNET,SEM SERVICO DE INTERNET,MES-A-MES,ENVIO POR CORREIO,19.9,19.9,1
409,7989-CHGTL,MASCULINO,0,NAO,NAO,1,SIM,NAO,SEM SERVICO DE INTERNET,SEM SERVICO DE INTERNET,SEM SERVICO DE INTERNET,MES-A-MES,ENVIO POR CORREIO,19.6,19.6,1
410,0334-GDDSO,MASCULINO,1,NAO,NAO,3,SIM,FIBER OPTIC,NAO,NAO,NAO,MES-A-MES,ENVIO POR E-MAIL,81.35,233.7,1
411,4163-NCJAK,FEMININO,0,SIM,NAO,46,SIM,NAO,SEM SERVICO DE INTERNET,SEM SERVICO DE INTERNET,SEM SERVICO DE INTERNET,UM ANO,TRANSFERENCIA BANCARIA - DEBITO AUTOMATICO,24.45,1066.15,0
412,5233-AOZUF,FEMININO,0,SIM,NAO,29,SIM,FIBER OPTIC,NAO,NAO,NAO,MES-A-MES,ENVIO POR E-MAIL,74.95,2149.05,0
413,5973-EJGDP,MASCULINO,0,NAO,NAO,51,SIM,FIBER OPTIC,NAO,SIM,NAO,MES-A-MES,ENVIO POR E-MAIL,87.35,4473.0,0
414,1996-DBMUS,FEMININO,1,SIM,NAO,48,SIM,FIBER OPTIC,NAO,NAO,NAO,MES-A-MES,TRANSFERENCIA BANCARIA - DEBITO AUTOMATICO,70.65,3545.05,0
415,7916-VCCPB,FEMININO,0,SIM,SIM,16,SIM,FIBER OPTIC,NAO,NAO,NAO,MES-A-MES,TRANSFERENCIA BANCARIA - DEBITO AUTOMATICO,73.25,1195.75,0
416,4686-GEFRM,MASCULINO,0,SIM,NAO,70,SIM,FIBER OPTIC,NAO,SIM,NAO,DOIS ANOS,TRANSFERENCIA BANCARIA - DEBITO AUTOMATICO,98.7,6858.9,0
417,5249-QYHEX,FEMININO,0,SIM,SIM,40,SIM,NAO,SEM SERVICO DE INTERNET,SEM SERVICO DE INTERNET,SEM SERVICO DE INTERNET,DOIS ANOS,ENVIO POR CORREIO,24.8,1024.7,0
418,0578-SKVMF,FEMININO,0,SIM,SIM,22,SIM,FIBER OPTIC,NAO,NAO,NAO,MES-A-MES,ENVIO POR E-MAIL,83.3,1845.9,1
419,5564-NEMQO,FEMININO,1,NAO,NAO,1,SIM,FIBER OPTIC,NAO,NAO,NAO,MES-A-MES,TRANSFERENCIA BANCARIA - DEBITO AUTOMATICO,75.3,75.3,1
420,2233-FAGXV,FEMININO,0,SIM,SIM,5,SIM,NAO,SEM SERVICO DE INTERNET,SEM SERVICO DE INTERNET,SEM SERVICO DE INTERNET,MES-A-MES,ENVIO POR CORREIO,24.3,132.25,0
421,5605-IYGFG,FEMININO,0,NAO,NAO,7,SIM,FIBER OPTIC,NAO,NAO,NAO,MES-A-MES,TRANSFERENCIA BANCARIA - DEBITO AUTOMATICO,69.85,515.45,0
422,7663-ZTEGJ,MASCULINO,0,NAO,SIM,29,SIM,FIBER OPTIC,NAO,SIM,NAO,UM ANO,CARTAO DE CREDITO - DEBITO AUTOMATICO,100.55,2830.45,0
423,3935-TBRZZ,MASCULINO,0,SIM,SIM,44,SIM,NAO,SEM SERVICO DE INTERNET,SEM SERVICO DE INTERNET,SEM SERVICO DE INTERNET,UM ANO,ENVIO POR CORREIO,25.7,1110.5,0
424,8111-BKVDS,FEMININO,0,NAO,NAO,10,SIM,DSL,SIM,NAO,NAO,MES-A-MES,TRANSFERENCIA BANCARIA - DEBITO AUTOMATICO,40.7,449.3,0
425,2055-SIFSS,FEMININO,1,SIM,NAO,55,SIM,DSL,NAO,NAO,NAO,MES-A-MES,TRANSFERENCIA BANCARIA - DEBITO AUTOMATICO,51.65,2838.55,0
426,2806-MLNTI,MASCULINO,1,SIM,NAO,52,SIM,FIBER OPTIC,NAO,NAO,SIM,UM ANO,TRANSFERENCIA BANCARIA - DEBITO AUTOMATICO,105.1,5376.4,0
427,8734-DKSTZ,FEMININO,0,SIM,SIM,10,SIM,FIBER OPTIC,NAO,NAO,NAO,MES-A-MES,ENVIO POR E-MAIL,85.95,858.6,0
428,4360-PNRQB,MASCULINO,0,NAO,NAO,18,SIM,FIBER OPTIC,NAO,NAO,NAO,MES-A-MES,TRANSFERENCIA BANCARIA - DEBITO AUTOMATICO,75.6,1395.05,0
429,6152-ONASV,FEMININO,0,SIM,NAO,68,SIM,DSL,SIM,SIM,NAO,UM ANO,TRANSFERENCIA BANCARIA - DEBITO AUTOMATICO,58.25,3975.7,0
430,9063-ZGTUY,FEMININO,0,SIM,SIM,61,SIM,NAO,SEM SERVICO DE INTERNET,SEM SERVICO DE INTERNET,SEM SERVICO DE INTERNET,MES-A-MES,ENVIO POR CORREIO,19.4,1182.55,1
431,7781-HVGMK,FEMININO,0,SIM,SIM,72,SIM,DSL,SIM,SIM,SIM,DOIS ANOS,CARTAO DE CREDITO - DEBITO AUTOMATICO,65.2,4784.45,0
432,2181-UAESM,MASCULINO,0,NAO,NAO,2,SIM,DSL,SIM,NAO,NAO,MES-A-MES,ENVIO POR E-MAIL,53.45,119.5,0
433,2957-LOLHO,MASCULINO,0,NAO,NAO,12,SIM,DSL,NAO,NAO,NAO,MES-A-MES,TRANSFERENCIA BANCARIA - DEBITO AUTOMATICO,45.4,518.9,1
434,6048-NJXHX,MASCULINO,0,SIM,NAO,41,SIM,NAO,SEM SERVICO DE INTERNET,SEM SERVICO DE INTERNET,SEM SERVICO DE INTERNET,DOIS ANOS,ENVIO POR E-MAIL,19.75,899.45,0
435,2320-SLKMB,FEMININO,0,NAO,NAO,26,SIM,DSL,NAO,SIM,SIM,MES-A-MES,CARTAO DE CREDITO - DEBITO AUTOMATICO,44.45,1183.8,0
436,4980-URKXC,MASCULINO,0,SIM,NAO,36,SIM,NAO,SEM SERVICO DE INTERNET,SEM SERVICO DE INTERNET,SEM SERVICO DE INTERNET,UM ANO,TRANSFERENCIA BANCARIA - DEBITO AUTOMATICO,20.85,720.05,0
437,4376-KFVRS,MASCULINO,0,SIM,SIM,72,SIM,FIBER OPTIC,SIM,SIM,SIM,DOIS ANOS,CARTAO DE CREDITO - DEBITO AUTOMATICO,114.05,8468.2,0
438,5886-VLQVU,MASCULINO,0,SIM,NAO,35,SIM,FIBER OPTIC,NAO,SIM,NAO,MES-A-MES,TRANSFERENCIA BANCARIA - DEBITO AUTOMATICO,89.85,3161.2,0
439,3577-AMVUX,MASCULINO,0,NAO,NAO,1,SIM,DSL,NAO,SIM,NAO,MES-A-MES,ENVIO POR CORREIO,55.05,55.05,0
440,0771-WLCLA,FEMININO,0,SIM,SIM,16,SIM,FIBER OPTIC,SIM,SIM,SIM,MES-A-MES,ENVIO POR E-MAIL,112.95,1882.55,0
441,5628-RKIFK,FEMININO,1,NAO,NAO,49,SIM,FIBER OPTIC,SIM,NAO,SIM,MES-A-MES,CARTAO DE CREDITO - DEBITO AUTOMATICO,101.55,5070.4,0
442,0206-TBWLC,FEMININO,0,SIM,NAO,54,SIM,FIBER OPTIC,SIM,SIM,SIM,UM ANO,ENVIO POR CORREIO,114.65,6049.5,0
443,2937-FTHUR,FEMININO,0,NAO,SIM,18,SIM,DSL,SIM,NAO,NAO,MES-A-MES,ENVIO POR E-MAIL,64.8,1166.7,0
444,1910-FMXJM,FEMININO,0,SIM,NAO,36,SIM,FIBER OPTIC,NAO,NAO,NAO,MES-A-MES,ENVIO POR E-MAIL,80.4,2937.65,0
445,7752-XUSCI,FEMININO,0,NAO,NAO,60,SIM,FIBER OPTIC,NAO,NAO,SIM,MES-A-MES,ENVIO POR E-MAIL,105.9,6396.45,1
446,4110-PFEUZ,FEMININO,0,NAO,NAO,1,SIM,FIBER OPTIC,NAO,NAO,NAO,MES-A-MES,ENVIO POR CORREIO,69.55,69.55,1
447,0732-OCQOC,FEMININO,0,SIM,SIM,52,SIM,NAO,SEM SERVICO DE INTERNET,SEM SERVICO DE INTERNET,SEM SERVICO DE INTERNET,DOIS ANOS,TRANSFERENCIA BANCARIA - DEBITO AUTOMATICO,25.05,1270.25,0
448,5168-MSWXT,MASCULINO,0,SIM,SIM,8,SIM,FIBER OPTIC,NAO,NAO,SIM,MES-A-MES,ENVIO POR E-MAIL,94.75,759.55,0
449,1090-ESELR,MASCULINO,0,SIM,SIM,72,SIM,FIBER OPTIC,SIM,SIM,SIM,DOIS ANOS,TRANSFERENCIA BANCARIA - DEBITO AUTOMATICO,105.5,7611.55,0
450,8592-PLTMQ,FEMININO,0,NAO,NAO,64,SIM,NAO,SEM SERVICO DE INTERNET,SEM SERVICO DE INTERNET,SEM SERVICO DE INTERNET,UM ANO,ENVIO POR CORREIO,24.7,1642.75,0
451,5760-WRAHC,FEMININO,1,NAO,NAO,22,SIM,DSL,SIM,SIM,NAO,MES-A-MES,ENVIO POR CORREIO,69.75,1545.4,0
452,8847-GEOOQ,MASCULINO,0,SIM,NAO,60,SIM,DSL,NAO,SIM,SIM,MES-A-MES,TRANSFERENCIA BANCARIA - DEBITO AUTOMATICO,60.2,3582.4,0
453,0256-LTHVJ,FEMININO,0,SIM,SIM,28,SIM,FIBER OPTIC,NAO,NAO,NAO,MES-A-MES,ENVIO POR E-MAIL,81.05,2227.1,1
454,4785-FCIFB,FEMININO,0,SIM,NAO,61,SIM,NAO,SEM SERVICO DE INTERNET,SEM SERVICO DE INTERNET,SEM SERVICO DE INTERNET,DOIS ANOS,ENVIO POR CORREIO,24.4,1417.9,0
455,8313-NDOIA,FEMININO,0,NAO,NAO,24,SIM,FIBER OPTIC,NAO,NAO,SIM,MES-A-MES,ENVIO POR E-MAIL,104.15,2494.65,0
456,5149-CUZUJ,MASCULINO,0,SIM,SIM,28,SIM,FIBER OPTIC,NAO,SIM,SIM,UM ANO,TRANSFERENCIA BANCARIA - DEBITO AUTOMATICO,92.9,2768.35,0
457,0942-KOWSM,FEMININO,0,SIM,SIM,30,SIM,DSL,NAO,SIM,SIM,DOIS ANOS,TRANSFERENCIA BANCARIA - DEBITO AUTOMATICO,80.8,2369.3,0
458,4237-CLSMM,MASCULINO,0,SIM,NAO,2,SIM,NAO,SEM SERVICO DE INTERNET,SEM SERVICO DE INTERNET,SEM SERVICO DE INTERNET,MES-A-MES,ENVIO POR CORREIO,20.0,38.0,0
459,1452-VOQCH,MASCULINO,0,NAO,NAO,1,SIM,FIBER OPTIC,NAO,NAO,NAO,MES-A-MES,ENVIO POR E-MAIL,75.1,75.1,0
460,4719-UMSIY,MASCULINO,0,NAO,SIM,6,SIM,NAO,SEM SERVICO DE INTERNET,SEM SERVICO DE INTERNET,SEM SERVICO DE INTERNET,MES-A-MES,ENVIO POR CORREIO,19.65,100.9,0
461,6614-VBEGU,FEMININO,0,SIM,NAO,24,SIM,DSL,NAO,NAO,SIM,MES-A-MES,TRANSFERENCIA BANCARIA - DEBITO AUTOMATICO,69.45,1614.05,0
462,0880-TKATG,MASCULINO,0,SIM,SIM,4,SIM,FIBER OPTIC,NAO,NAO,SIM,MES-A-MES,ENVIO POR E-MAIL,101.15,385.9,1
463,3811-VBYBZ,MASCULINO,0,NAO,NAO,7,SIM,FIBER OPTIC,NAO,NAO,SIM,MES-A-MES,ENVIO POR E-MAIL,99.8,673.25,1
464,1480-BKXGA,MASCULINO,1,SIM,NAO,72,SIM,FIBER OPTIC,SIM,SIM,SIM,DOIS ANOS,TRANSFERENCIA BANCARIA - DEBITO AUTOMATICO,116.05,8404.9,0
465,2996-XAUVF,MASCULINO,0,NAO,NAO,70,SIM,DSL,NAO,SIM,NAO,DOIS ANOS,ENVIO POR CORREIO,40.05,2799.75,0
466,9076-AXYIK,MASCULINO,1,SIM,NAO,64,SIM,FIBER OPTIC,NAO,SIM,SIM,DOIS ANOS,ENVIO POR E-MAIL,102.1,6538.45,0
467,5968-XQIVE,MASCULINO,0,SIM,SIM,72,SIM,FIBER OPTIC,NAO,NAO,SIM,UM ANO,ENVIO POR E-MAIL,89.7,6588.95,0
468,8896-RAZCR,FEMININO,0,NAO,SIM,44,SIM,NAO,SEM SERVICO DE INTERNET,SEM SERVICO DE INTERNET,SEM SERVICO DE INTERNET,DOIS ANOS,ENVIO POR CORREIO,19.9,868.1,0
469,4640-UHDOS,FEMININO,0,SIM,SIM,13,SIM,DSL,NAO,NAO,NAO,MES-A-MES,ENVIO POR E-MAIL,55.95,734.35,1
470,4933-IKULF,FEMININO,1,NAO,NAO,17,SIM,NAO,SEM SERVICO DE INTERNET,SEM SERVICO DE INTERNET,SEM SERVICO DE INTERNET,UM ANO,ENVIO POR CORREIO,20.65,330.6,0
471,3583-EKAPL,MASCULINO,0,NAO,NAO,1,SIM,DSL,NAO,NAO,NAO,MES-A-MES,ENVIO POR E-MAIL,55.0,55.0,1
472,1304-BCCFO,MASCULINO,0,SIM,NAO,9,SIM,DSL,NAO,NAO,SIM,MES-A-MES,ENVIO POR CORREIO,70.05,564.4,0
473,4104-PVRPS,MASCULINO,0,SIM,NAO,24,SIM,DSL,SIM,SIM,NAO,MES-A-MES,ENVIO POR CORREIO,53.6,1315.35,0
474,9399-APLBT,FEMININO,0,SIM,SIM,1,SIM,FIBER OPTIC,NAO,NAO,NAO,MES-A-MES,ENVIO POR E-MAIL,74.7,74.7,1
475,2359-KMGLI,MASCULINO,0,NAO,NAO,24,SIM,FIBER OPTIC,NAO,NAO,NAO,MES-A-MES,ENVIO POR E-MAIL,80.25,1861.5,1
476,3780-DDGSE,MASCULINO,1,SIM,SIM,35,SIM,DSL,NAO,SIM,SIM,MES-A-MES,ENVIO POR E-MAIL,76.05,2747.2,0
477,4431-EDMIQ,FEMININO,0,SIM,SIM,7,SIM,DSL,SIM,SIM,SIM,MES-A-MES,ENVIO POR E-MAIL,75.7,554.05,0
478,0306-JAELE,MASCULINO,0,NAO,NAO,5,SIM,FIBER OPTIC,NAO,SIM,SIM,MES-A-MES,ENVIO POR E-MAIL,96.1,453.4,1
479,6227-HWPWX,FEMININO,0,NAO,SIM,15,SIM,FIBER OPTIC,NAO,NAO,NAO,MES-A-MES,TRANSFERENCIA BANCARIA - DEBITO AUTOMATICO,69.0,994.8,1
480,0486-LGCCH,MASCULINO,0,SIM,SIM,11,SIM,NAO,SEM SERVICO DE INTERNET,SEM SERVICO DE INTERNET,SEM SERVICO DE INTERNET,DOIS ANOS,ENVIO POR CORREIO,19.65,225.75,0
481,0447-BEMNG,FEMININO,0,SIM,NAO,48,SIM,DSL,SIM,NAO,NAO,MES-A-MES,TRANSFERENCIA BANCARIA - DEBITO AUTOMATICO,45.3,2145.0,1
482,4612-SSVHJ,FEMININO,1,NAO,NAO,20,SIM,FIBER OPTIC,NAO,NAO,NAO,MES-A-MES,ENVIO POR E-MAIL,81.45,1671.6,0
483,5168-MQQCA,FEMININO,0,SIM,NAO,72,SIM,FIBER OPTIC,NAO,SIM,SIM,UM ANO,TRANSFERENCIA BANCARIA - DEBITO AUTOMATICO,108.5,8003.8,0
484,5949-XIKAE,FEMININO,0,SIM,SIM,8,SIM,FIBER OPTIC,NAO,NAO,SIM,MES-A-MES,ENVIO POR E-MAIL,83.55,680.05,1
485,7971-HLVXI,MASCULINO,0,SIM,SIM,72,SIM,FIBER OPTIC,NAO,NAO,NAO,DOIS ANOS,CARTAO DE CREDITO - DEBITO AUTOMATICO,84.5,6130.85,0
486,9094-AZPHK,FEMININO,0,NAO,NAO,15,SIM,FIBER OPTIC,NAO,NAO,SIM,MES-A-MES,ENVIO POR E-MAIL,100.15,1415.0,0
487,3649-JPUGY,MASCULINO,0,NAO,NAO,72,SIM,DSL,NAO,SIM,SIM,DOIS ANOS,TRANSFERENCIA BANCARIA - DEBITO AUTOMATICO,88.6,6201.95,0
488,4472-LVYGI,FEMININO,0,SIM,SIM,0,SIM,DSL,SIM,SIM,SIM,DOIS ANOS,TRANSFERENCIA BANCARIA - DEBITO AUTOMATICO,52.55,52.55,0
489,8372-JUXUI,MASCULINO,0,NAO,SIM,1,SIM,FIBER OPTIC,NAO,NAO,NAO,MES-A-MES,ENVIO POR E-MAIL,74.35,20.25,1
490,3552-CTCYF,MASCULINO,0,SIM,SIM,63,SIM,FIBER OPTIC,NAO,NAO,SIM,DOIS ANOS,TRANSFERENCIA BANCARIA - DEBITO AUTOMATICO,104.8,80.85,0
491,6778-YSNIH,FEMININO,0,NAO,NAO,2,SIM,DSL,NAO,NAO,SIM,MES-A-MES,ENVIO POR E-MAIL,59.0,25.75,0
492,0388-EOPEX,FEMININO,0,SIM,NAO,2,SIM,FIBER OPTIC,SIM,NAO,NAO,MES-A-MES,ENVIO POR E-MAIL,74.4,56.05,1
493,5756-OZRIO,MASCULINO,1,SIM,NAO,61,SIM,DSL,NAO,NAO,NAO,UM ANO,TRANSFERENCIA BANCARIA - DEBITO AUTOMATICO,64.05,3902.6,0
494,6579-JPICP,MASCULINO,0,NAO,NAO,1,SIM,NAO,SEM SERVICO DE INTERNET,SEM SERVICO DE INTERNET,SEM SERVICO DE INTERNET,MES-A-MES,ENVIO POR CORREIO,20.4,20.4,0
495,8205-OTCHB,MASCULINO,0,NAO,NAO,22,SIM,DSL,NAO,NAO,NAO,UM ANO,TRANSFERENCIA BANCARIA - DEBITO AUTOMATICO,43.75,903.6,1
496,4134-BSXLX,MASCULINO,0,SIM,NAO,28,SIM,DSL,SIM,SIM,NAO,MES-A-MES,ENVIO POR CORREIO,60.9,1785.65,0
497,0505-SPOOW,FEMININO,0,SIM,NAO,70,SIM,NAO,SEM SERVICO DE INTERNET,SEM SERVICO DE INTERNET,SEM SERVICO DE INTERNET,DOIS ANOS,TRANSFERENCIA BANCARIA - DEBITO AUTOMATICO,19.8,1397.65,0
498,6235-VDHOM,FEMININO,1,NAO,NAO,5,SIM,DSL,NAO,NAO,NAO,MES-A-MES,ENVIO POR E-MAIL,28.45,131.05,1
499,7783-YKGDV,FEMININO,0,NAO,NAO,12,SIM,FIBER OPTIC,SIM,NAO,NAO,MES-A-MES,TRANSFERENCIA BANCARIA - DEBITO AUTOMATICO,99.7,1238.45,1
500,4374-YMUSQ,MASCULINO,0,NAO,NAO,34,SIM,FIBER OPTIC,SIM,SIM,SIM,UM ANO,CARTAO DE CREDITO - DEBITO AUTOMATICO,116.25,3899.05,0
501,4513-CXYIX,FEMININO,1,SIM,NAO,71,SIM,FIBER OPTIC,SIM,NAO,NAO,DOIS ANOS,CARTAO DE CREDITO - DEBITO AUTOMATICO,80.7,5676.0,0
502,3957-HHLMR,FEMININO,0,SIM,SIM,70,SIM,DSL,SIM,NAO,NAO,UM ANO,TRANSFERENCIA BANCARIA - DEBITO AUTOMATICO,65.2,4543.15,0
503,7803-XOCCZ,FEMININO,0,SIM,SIM,52,SIM,FIBER OPTIC,SIM,SIM,NAO,MES-A-MES,TRANSFERENCIA BANCARIA - DEBITO AUTOMATICO,84.05,4326.8,0
504,5736-YEJAX,MASCULINO,0,NAO,SIM,69,SIM,DSL,SIM,SIM,SIM,DOIS ANOS,CARTAO DE CREDITO - DEBITO AUTOMATICO,79.45,5502.55,0
505,5609-CEBID,FEMININO,1,NAO,NAO,20,SIM,FIBER OPTIC,NAO,NAO,NAO,MES-A-MES,ENVIO POR E-MAIL,94.1,1782.4,1
506,8981-FJGLA,MASCULINO,0,NAO,SIM,11,SIM,FIBER OPTIC,NAO,NAO,NAO,MES-A-MES,ENVIO POR CORREIO,78.0,851.8,0
507,7218-HKQFK,MASCULINO,0,SIM,NAO,2,SIM,FIBER OPTIC,NAO,SIM,SIM,MES-A-MES,ENVIO POR E-MAIL,94.2,167.5,1
508,4636-QRJKY,FEMININO,0,SIM,SIM,6,SIM,FIBER OPTIC,NAO,SIM,NAO,MES-A-MES,ENVIO POR E-MAIL,80.5,502.85,1
509,1135-LMECX,FEMININO,0,NAO,NAO,1,SIM,NAO,SEM SERVICO DE INTERNET,SEM SERVICO DE INTERNET,SEM SERVICO DE INTERNET,MES-A-MES,ENVIO POR CORREIO,19.85,19.85,0
510,4332-MUOEZ,MASCULINO,1,SIM,SIM,20,SIM,FIBER OPTIC,SIM,SIM,NAO,UM ANO,CARTAO DE CREDITO - DEBITO AUTOMATICO,94.3,1818.3,0
511,8535-SFUTN,MASCULINO,0,NAO,NAO,61,SIM,FIBER OPTIC,SIM,NAO,SIM,MES-A-MES,ENVIO POR E-MAIL,106.45,6300.15,0
512,5956-VKDTT,FEMININO,1,SIM,NAO,5,SIM,FIBER OPTIC,NAO,NAO,NAO,MES-A-MES,ENVIO POR E-MAIL,74.35,334.8,1
513,8677-HDZEE,FEMININO,0,NAO,NAO,56,SIM,FIBER OPTIC,NAO,SIM,SIM,MES-A-MES,TRANSFERENCIA BANCARIA - DEBITO AUTOMATICO,105.45,5916.95,0
514,2475-MROZF,MASCULINO,0,NAO,NAO,30,SIM,FIBER OPTIC,SIM,SIM,NAO,MES-A-MES,CARTAO DE CREDITO - DEBITO AUTOMATICO,95.0,2852.4,0
515,9412-GHEEC,MASCULINO,0,NAO,NAO,40,SIM,FIBER OPTIC,NAO,SIM,SIM,MES-A-MES,TRANSFERENCIA BANCARIA - DEBITO AUTOMATICO,104.8,4131.95,1
516,3482-ABPKK,FEMININO,0,NAO,NAO,28,SIM,DSL,SIM,SIM,NAO,UM ANO,ENVIO POR CORREIO,54.3,1546.3,0
517,6705-LXORM,FEMININO,1,SIM,NAO,5,SIM,FIBER OPTIC,NAO,NAO,NAO,MES-A-MES,ENVIO POR E-MAIL,70.05,302.6,0
518,0257-ZESQC,FEMININO,1,SIM,NAO,27,SIM,FIBER OPTIC,SIM,NAO,NAO,MES-A-MES,TRANSFERENCIA BANCARIA - DEBITO AUTOMATICO,75.2,1929.35,1
519,7531-GQHME,MASCULINO,0,NAO,NAO,12,SIM,NAO,SEM SERVICO DE INTERNET,SEM SERVICO DE INTERNET,SEM SERVICO DE INTERNET,MES-A-MES,CARTAO DE CREDITO - DEBITO AUTOMATICO,20.05,265.45,0
520,5174-ITUMV,MASCULINO,0,SIM,SIM,67,SIM,FIBER OPTIC,NAO,NAO,SIM,UM ANO,ENVIO POR E-MAIL,105.4,6989.45,0
521,4109-CYRBD,MASCULINO,1,SIM,NAO,29,SIM,DSL,NAO,NAO,NAO,MES-A-MES,ENVIO POR E-MAIL,51.6,1442.0,0
522,0913-XWSCN,MASCULINO,0,SIM,SIM,55,SIM,FIBER OPTIC,NAO,NAO,NAO,MES-A-MES,TRANSFERENCIA BANCARIA - DEBITO AUTOMATICO,85.5,4713.4,0
523,6825-UYPFK,FEMININO,0,NAO,NAO,23,SIM,FIBER OPTIC,NAO,NAO,NAO,MES-A-MES,TRANSFERENCIA BANCARIA - DEBITO AUTOMATICO,75.6,1758.6,1
524,8397-MVTAZ,MASCULINO,0,SIM,NAO,34,SIM,FIBER OPTIC,NAO,NAO,SIM,MES-A-MES,ENVIO POR E-MAIL,100.05,3480.0,1
525,0750-EBAIU,MASCULINO,0,NAO,NAO,52,SIM,FIBER OPTIC,SIM,NAO,SIM,UM ANO,ENVIO POR E-MAIL,91.25,4738.3,0
526,8606-CIQUL,MASCULINO,1,SIM,SIM,72,SIM,FIBER OPTIC,SIM,SIM,SIM,DOIS ANOS,CARTAO DE CREDITO - DEBITO AUTOMATICO,115.75,8399.15,0
527,3571-DPYUH,MASCULINO,0,SIM,SIM,58,SIM,FIBER OPTIC,NAO,SIM,SIM,UM ANO,CARTAO DE CREDITO - DEBITO AUTOMATICO,94.7,5430.35,0
528,7601-GNDYK,MASCULINO,0,SIM,SIM,35,SIM,NAO,SEM SERVICO DE INTERNET,SEM SERVICO DE INTERNET,SEM SERVICO DE INTERNET,DOIS ANOS,ENVIO POR CORREIO,19.6,686.95,0
529,0356-OBMAC,FEMININO,1,NAO,NAO,56,SIM,FIBER OPTIC,NAO,SIM,SIM,DOIS ANOS,TRANSFERENCIA BANCARIA - DEBITO AUTOMATICO,99.9,5706.3,0
530,8067-NIOYM,FEMININO,0,SIM,SIM,24,SIM,NAO,SEM SERVICO DE INTERNET,SEM SERVICO DE INTERNET,SEM SERVICO DE INTERNET,DOIS ANOS,CARTAO DE CREDITO - DEBITO AUTOMATICO,21.1,490.65,0
531,1403-GYAFU,MASCULINO,0,SIM,SIM,70,SIM,NAO,SEM SERVICO DE INTERNET,SEM SERVICO DE INTERNET,SEM SERVICO DE INTERNET,DOIS ANOS,CARTAO DE CREDITO - DEBITO AUTOMATICO,20.05,1360.25,0
532,4234-XTNEA,MASCULINO,0,NAO,NAO,2,SIM,FIBER OPTIC,NAO,NAO,SIM,MES-A-MES,ENVIO POR E-MAIL,79.95,174.45,0
533,1297-VQDRP,MASCULINO,1,SIM,SIM,68,SIM,FIBER OPTIC,NAO,SIM,SIM,UM ANO,CARTAO DE CREDITO - DEBITO AUTOMATICO,107.15,7379.8,0
534,9282-IZGQK,FEMININO,0,NAO,NAO,1,SIM,FIBER OPTIC,NAO,NAO,NAO,MES-A-MES,ENVIO POR E-MAIL,85.0,85.0,1
535,5348-CAGXB,MASCULINO,0,NAO,NAO,12,SIM,FIBER OPTIC,NAO,NAO,SIM,MES-A-MES,ENVIO POR E-MAIL,89.55,1021.75,0
536,0621-HJWXJ,FEMININO,0,SIM,NAO,63,SIM,FIBER OPTIC,NAO,NAO,NAO,MES-A-MES,TRANSFERENCIA BANCARIA - DEBITO AUTOMATICO,81.55,5029.05,0
537,5844-QVTAT,FEMININO,0,SIM,SIM,33,SIM,DSL,SIM,NAO,NAO,UM ANO,ENVIO POR CORREIO,58.45,1955.4,0
538,8905-IAZPF,FEMININO,0,SIM,NAO,69,SIM,FIBER OPTIC,NAO,NAO,SIM,UM ANO,CARTAO DE CREDITO - DEBITO AUTOMATICO,95.65,6744.2,0
539,5394-MEITZ,FEMININO,0,SIM,SIM,60,SIM,DSL,NAO,SIM,SIM,DOIS ANOS,TRANSFERENCIA BANCARIA - DEBITO AUTOMATICO,80.6,4946.7,0
540,6859-QNXIQ,FEMININO,0,SIM,SIM,72,SIM,FIBER OPTIC,SIM,SIM,SIM,DOIS ANOS,TRANSFERENCIA BANCARIA - DEBITO AUTOMATICO,113.1,8248.5,0
541,2782-LFZVW,FEMININO,0,NAO,NAO,11,SIM,DSL,NAO,NAO,NAO,MES-A-MES,ENVIO POR CORREIO,58.95,601.6,0
542,2866-IKBTM,FEMININO,0,NAO,NAO,1,SIM,NAO,SEM SERVICO DE INTERNET,SEM SERVICO DE INTERNET,SEM SERVICO DE INTERNET,MES-A-MES,ENVIO POR CORREIO,19.55,19.55,0
543,1342-JPNKI,MASCULINO,0,NAO,NAO,10,SIM,FIBER OPTIC,NAO,NAO,SIM,MES-A-MES,TRANSFERENCIA BANCARIA - DEBITO AUTOMATICO,86.05,834.1,1
544,2817-NTQDO,MASCULINO,0,NAO,NAO,13,SIM,DSL,SIM,SIM,SIM,MES-A-MES,CARTAO DE CREDITO - DEBITO AUTOMATICO,45.55,597.0,1
545,7129-AZJDE,MASCULINO,0,SIM,SIM,34,SIM,FIBER OPTIC,NAO,NAO,NAO,UM ANO,TRANSFERENCIA BANCARIA - DEBITO AUTOMATICO,78.95,2647.2,0
546,6986-IJDHX,MASCULINO,0,SIM,SIM,39,SIM,FIBER OPTIC,NAO,NAO,SIM,MES-A-MES,ENVIO POR CORREIO,86.3,3266.0,1
547,2560-PPCHE,FEMININO,0,NAO,NAO,65,SIM,FIBER OPTIC,NAO,SIM,SIM,UM ANO,TRANSFERENCIA BANCARIA - DEBITO AUTOMATICO,105.05,6744.25,0
548,4676-MQUEA,MASCULINO,1,SIM,NAO,50,SIM,FIBER OPTIC,SIM,NAO,SIM,UM ANO,TRANSFERENCIA BANCARIA - DEBITO AUTOMATICO,101.9,5265.5,0
549,8138-EALND,MASCULINO,0,NAO,NAO,15,SIM,NAO,SEM SERVICO DE INTERNET,SEM SERVICO DE INTERNET,SEM SERVICO DE INTERNET,MES-A-MES,ENVIO POR CORREIO,19.75,311.6,0
550,3580-HYCSP,MASCULINO,0,SIM,SIM,72,SIM,FIBER OPTIC,SIM,NAO,SIM,DOIS ANOS,TRANSFERENCIA BANCARIA - DEBITO AUTOMATICO,110.3,7966.9,0
551,1352-HNSAW,FEMININO,0,SIM,SIM,72,SIM,FIBER OPTIC,SIM,SIM,SIM,DOIS ANOS,TRANSFERENCIA BANCARIA - DEBITO AUTOMATICO,115.6,8220.4,0
552,2075-PUEPR,MASCULINO,0,SIM,SIM,55,SIM,NAO,SEM SERVICO DE INTERNET,SEM SERVICO DE INTERNET,SEM SERVICO DE INTERNET,DOIS ANOS,TRANSFERENCIA BANCARIA - DEBITO AUTOMATICO,19.35,1153.25,0
553,1982-FEBTD,FEMININO,0,SIM,SIM,23,SIM,NAO,SEM SERVICO DE INTERNET,SEM SERVICO DE INTERNET,SEM SERVICO DE INTERNET,DOIS ANOS,CARTAO DE CREDITO - DEBITO AUTOMATICO,25.6,514.75,0
554,5301-GAUUY,MASCULINO,0,NAO,NAO,32,SIM,FIBER OPTIC,NAO,NAO,NAO,MES-A-MES,TRANSFERENCIA BANCARIA - DEBITO AUTOMATICO,80.35,2596.15,1
555,5791-KAJFD,FEMININO,0,SIM,SIM,56,SIM,DSL,SIM,NAO,NAO,UM ANO,TRANSFERENCIA BANCARIA - DEBITO AUTOMATICO,68.75,3808.0,0
556,2654-VBVPB,FEMININO,0,NAO,NAO,1,SIM,NAO,SEM SERVICO DE INTERNET,SEM SERVICO DE INTERNET,SEM SERVICO DE INTERNET,MES-A-MES,TRANSFERENCIA BANCARIA - DEBITO AUTOMATICO,19.9,19.9,0
557,1154-HYWWO,MASCULINO,0,NAO,NAO,38,SIM,DSL,SIM,SIM,SIM,UM ANO,ENVIO POR CORREIO,70.6,2708.2,0
558,2501-XWWTZ,MASCULINO,0,NAO,NAO,11,SIM,FIBER OPTIC,NAO,NAO,NAO,MES-A-MES,ENVIO POR E-MAIL,70.2,760.05,0
559,3716-UVSPD,MASCULINO,0,NAO,NAO,1,SIM,DSL,NAO,SIM,NAO,MES-A-MES,ENVIO POR E-MAIL,49.3,49.3,0
560,6815-ABQFQ,MASCULINO,0,SIM,NAO,56,SIM,FIBER OPTIC,NAO,SIM,SIM,UM ANO,ENVIO POR E-MAIL,107.25,6033.3,0
561,7343-EOBEU,MASCULINO,0,SIM,NAO,3,SIM,NAO,SEM SERVICO DE INTERNET,SEM SERVICO DE INTERNET,SEM SERVICO DE INTERNET,MES-A-MES,ENVIO POR CORREIO,23.6,89.05,0
562,3701-SFMUH,MASCULINO,0,SIM,SIM,7,SIM,DSL,SIM,NAO,SIM,MES-A-MES,CARTAO DE CREDITO - DEBITO AUTOMATICO,69.7,516.15,0
563,6103-LIANB,MASCULINO,0,SIM,SIM,59,SIM,FIBER OPTIC,NAO,NAO,SIM,DOIS ANOS,CARTAO DE CREDITO - DEBITO AUTOMATICO,99.5,5861.75,0
564,7319-VENRZ,MASCULINO,0,NAO,NAO,7,SIM,DSL,NAO,SIM,SIM,MES-A-MES,TRANSFERENCIA BANCARIA - DEBITO AUTOMATICO,64.3,445.95,0
565,5846-NEQVZ,MASCULINO,0,SIM,SIM,71,SIM,DSL,SIM,SIM,NAO,DOIS ANOS,CARTAO DE CREDITO - DEBITO AUTOMATICO,70.85,4973.4,0
566,6967-QIQRV,MASCULINO,0,SIM,SIM,15,SIM,FIBER OPTIC,SIM,SIM,SIM,UM ANO,ENVIO POR E-MAIL,101.9,1667.25,0
567,5781-RFZRP,MASCULINO,0,SIM,NAO,71,SIM,DSL,SIM,SIM,SIM,DOIS ANOS,CARTAO DE CREDITO - DEBITO AUTOMATICO,73.5,5357.75,0
568,0939-YAPAF,FEMININO,0,NAO,NAO,35,SIM,FIBER OPTIC,NAO,NAO,SIM,MES-A-MES,ENVIO POR E-MAIL,100.25,3527.6,1
569,0308-IVGOK,FEMININO,0,NAO,NAO,11,SIM,DSL,NAO,SIM,NAO,UM ANO,CARTAO DE CREDITO - DEBITO AUTOMATICO,40.4,422.6,0
570,7293-LSCDV,FEMININO,0,SIM,SIM,60,SIM,NAO,SEM SERVICO DE INTERNET,SEM SERVICO DE INTERNET,SEM SERVICO DE INTERNET,DOIS ANOS,CARTAO DE CREDITO - DEBITO AUTOMATICO,19.25,1103.25,0
571,7025-WCBNE,MASCULINO,1,NAO,NAO,47,SIM,DSL,NAO,SIM,NAO,DOIS ANOS,TRANSFERENCIA BANCARIA - DEBITO AUTOMATICO,59.6,2754.0,0
572,5756-JYOJT,FEMININO,0,NAO,NAO,11,SIM,DSL,NAO,SIM,NAO,UM ANO,CARTAO DE CREDITO - DEBITO AUTOMATICO,64.9,697.25,0
573,4710-FDUIZ,MASCULINO,0,SIM,NAO,56,SIM,FIBER OPTIC,NAO,NAO,SIM,UM ANO,CARTAO DE CREDITO - DEBITO AUTOMATICO,100.3,5614.45,1
574,6030-REHUX,FEMININO,1,SIM,NAO,28,SIM,FIBER OPTIC,NAO,SIM,SIM,MES-A-MES,ENVIO POR E-MAIL,110.85,3204.4,0
575,9548-LIGTA,MASCULINO,0,SIM,NAO,61,SIM,DSL,SIM,SIM,SIM,DOIS ANOS,ENVIO POR CORREIO,81.05,4747.65,0
576,5150-LJNSR,MASCULINO,0,SIM,SIM,31,SIM,FIBER OPTIC,SIM,NAO,SIM,UM ANO,TRANSFERENCIA BANCARIA - DEBITO AUTOMATICO,98.05,3082.1,0
577,8270-RKSAP,MASCULINO,0,NAO,NAO,9,SIM,FIBER OPTIC,NAO,NAO,NAO,MES-A-MES,ENVIO POR E-MAIL,70.5,597.9,0
578,6522-YRBXD,MASCULINO,1,SIM,NAO,35,SIM,FIBER OPTIC,SIM,NAO,NAO,MES-A-MES,ENVIO POR E-MAIL,94.55,3365.4,0
579,2640-LYMOV,MASCULINO,0,NAO,NAO,2,SIM,NAO,SEM SERVICO DE INTERNET,SEM SERVICO DE INTERNET,SEM SERVICO DE INTERNET,MES-A-MES,ENVIO POR CORREIO,19.65,38.8,0
580,1218-VKFPE,FEMININO,0,SIM,SIM,12,SIM,NAO,SEM SERVICO DE INTERNET,SEM SERVICO DE INTERNET,SEM SERVICO DE INTERNET,MES-A-MES,ENVIO POR CORREIO,19.0,233.55,1
581,3627-FHKBK,FEMININO,0,NAO,NAO,1,SIM,FIBER OPTIC,SIM,NAO,NAO,MES-A-MES,ENVIO POR CORREIO,75.3,75.3,1
582,2865-TCHJW,FEMININO,1,NAO,NAO,4,SIM,FIBER OPTIC,NAO,NAO,SIM,MES-A-MES,ENVIO POR E-MAIL,89.2,346.2,1
583,1423-BMPBQ,FEMININO,0,SIM,SIM,1,SIM,NAO,SEM SERVICO DE INTERNET,SEM SERVICO DE INTERNET,SEM SERVICO DE INTERNET,MES-A-MES,ENVIO POR CORREIO,19.0,19.0,0
584,2393-DIVAI,FEMININO,0,NAO,NAO,3,SIM,NAO,SEM SERVICO DE INTERNET,SEM SERVICO DE INTERNET,SEM SERVICO DE INTERNET,MES-A-MES,ENVIO POR CORREIO,20.0,61.7,0
585,5192-EBGOV,FEMININO,1,NAO,NAO,1,SIM,FIBER OPTIC,NAO,NAO,SIM,MES-A-MES,ENVIO POR E-MAIL,85.7,85.7,1
586,4568-KNYWR,MASCULINO,0,NAO,NAO,52,SIM,DSL,SIM,NAO,SIM,DOIS ANOS,CARTAO DE CREDITO - DEBITO AUTOMATICO,63.25,3342.45,0
587,8752-IMQOS,MASCULINO,0,SIM,SIM,5,SIM,NAO,SEM SERVICO DE INTERNET,SEM SERVICO DE INTERNET,SEM SERVICO DE INTERNET,UM ANO,ENVIO POR CORREIO,20.1,85.1,0
588,0742-LAFQK,MASCULINO,0,SIM,NAO,72,SIM,FIBER OPTIC,SIM,NAO,NAO,DOIS ANOS,ENVIO POR E-MAIL,99.15,7422.1,0
589,0795-LAFGP,MASCULINO,0,SIM,SIM,71,SIM,DSL,SIM,SIM,SIM,DOIS ANOS,ENVIO POR E-MAIL,90.4,6668.05,0
590,0619-OLYUR,MASCULINO,0,SIM,NAO,72,SIM,FIBER OPTIC,SIM,SIM,SIM,DOIS ANOS,CARTAO DE CREDITO - DEBITO AUTOMATICO,111.9,8071.05,0
591,5512-IDZEI,MASCULINO,0,SIM,SIM,46,SIM,NAO,SEM SERVICO DE INTERNET,SEM SERVICO DE INTERNET,SEM SERVICO DE INTERNET,UM ANO,ENVIO POR E-MAIL,24.9,1174.8,0
592,0459-SPZHJ,MASCULINO,0,SIM,SIM,63,SIM,DSL,SIM,NAO,SIM,DOIS ANOS,CARTAO DE CREDITO - DEBITO AUTOMATICO,83.5,5435.0,0
593,0215-BQKGS,MASCULINO,0,NAO,NAO,30,SIM,FIBER OPTIC,SIM,NAO,NAO,MES-A-MES,CARTAO DE CREDITO - DEBITO AUTOMATICO,84.3,2438.6,0
594,9244-ZVAPM,MASCULINO,0,NAO,NAO,1,SIM,DSL,NAO,NAO,NAO,MES-A-MES,ENVIO POR CORREIO,45.6,45.6,0
595,0719-SYFRB,FEMININO,0,NAO,NAO,12,SIM,DSL,SIM,SIM,NAO,MES-A-MES,ENVIO POR CORREIO,61.65,713.75,1
596,8208-EUMTE,MASCULINO,0,NAO,NAO,16,SIM,DSL,SIM,SIM,SIM,DOIS ANOS,ENVIO POR CORREIO,54.85,916.15,0
597,5172-MIGPM,MASCULINO,0,NAO,NAO,4,SIM,DSL,NAO,SIM,NAO,MES-A-MES,ENVIO POR CORREIO,65.55,237.2,0
598,1710-RCXUS,MASCULINO,0,SIM,NAO,51,SIM,FIBER OPTIC,NAO,NAO,NAO,UM ANO,CARTAO DE CREDITO - DEBITO AUTOMATICO,90.35,4614.55,0
599,0374-FIUCA,MASCULINO,0,SIM,NAO,65,SIM,NAO,SEM SERVICO DE INTERNET,SEM SERVICO DE INTERNET,SEM SERVICO DE INTERNET,DOIS ANOS,CARTAO DE CREDITO - DEBITO AUTOMATICO,20.4,1414.45,0
600,5839-SUYVZ,MASCULINO,0,NAO,NAO,16,SIM,FIBER OPTIC,NAO,SIM,NAO,MES-A-MES,CARTAO DE CREDITO - DEBITO AUTOMATICO,74.55,1170.5,0
601,5173-ZXXXL,MASCULINO,0,NAO,NAO,2,SIM,NAO,SEM SERVICO DE INTERNET,SEM SERVICO DE INTERNET,SEM SERVICO DE INTERNET,UM ANO,ENVIO POR CORREIO,19.95,47.7,0
602,1096-ADRUX,FEMININO,0,SIM,SIM,66,SIM,FIBER OPTIC,NAO,NAO,NAO,UM ANO,TRANSFERENCIA BANCARIA - DEBITO AUTOMATICO,74.25,4859.25,0
603,2001-MCUUW,MASCULINO,0,NAO,NAO,46,SIM,FIBER OPTIC,NAO,SIM,SIM,DOIS ANOS,ENVIO POR E-MAIL,108.65,4903.2,0
604,2731-GJRDG,FEMININO,0,NAO,NAO,32,SIM,FIBER OPTIC,SIM,SIM,SIM,UM ANO,TRANSFERENCIA BANCARIA - DEBITO AUTOMATICO,109.55,3608.0,0
605,4723-BEGSG,MASCULINO,0,SIM,NAO,72,SIM,DSL,SIM,SIM,SIM,DOIS ANOS,CARTAO DE CREDITO - DEBITO AUTOMATICO,86.65,6094.25,0
606,6516-NKQBO,MASCULINO,0,SIM,SIM,38,SIM,DSL,SIM,SIM,SIM,DOIS ANOS,CARTAO DE CREDITO - DEBITO AUTOMATICO,81.0,3084.9,0
607,8672-OAUPW,MASCULINO,0,NAO,SIM,51,SIM,DSL,NAO,SIM,NAO,UM ANO,CARTAO DE CREDITO - DEBITO AUTOMATICO,47.85,2356.75,0
608,8207-DMRVL,MASCULINO,0,SIM,SIM,72,SIM,FIBER OPTIC,SIM,SIM,SIM,DOIS ANOS,TRANSFERENCIA BANCARIA - DEBITO AUTOMATICO,114.55,8306.05,0
609,3419-SNJJD,FEMININO,1,SIM,NAO,65,SIM,FIBER OPTIC,SIM,NAO,SIM,MES-A-MES,TRANSFERENCIA BANCARIA - DEBITO AUTOMATICO,105.25,6786.4,1
610,6543-CPZMK,MASCULINO,0,SIM,SIM,9,SIM,DSL,NAO,NAO,NAO,MES-A-MES,ENVIO POR E-MAIL,29.95,248.95,1
611,4765-OXPPD,FEMININO,0,SIM,SIM,9,SIM,DSL,SIM,SIM,NAO,MES-A-MES,ENVIO POR CORREIO,65.0,663.05,1
612,2804-ETQDK,MASCULINO,0,NAO,SIM,66,SIM,NAO,SEM SERVICO DE INTERNET,SEM SERVICO DE INTERNET,SEM SERVICO DE INTERNET,DOIS ANOS,ENVIO POR CORREIO,20.55,1357.1,0
613,6689-VRRTK,FEMININO,1,NAO,NAO,44,SIM,FIBER OPTIC,SIM,NAO,SIM,UM ANO,CARTAO DE CREDITO - DEBITO AUTOMATICO,109.8,4860.35,0
614,7138-GIRSH,MASCULINO,0,NAO,NAO,50,SIM,DSL,NAO,SIM,NAO,DOIS ANOS,TRANSFERENCIA BANCARIA - DEBITO AUTOMATICO,69.5,3418.2,0
615,9396-ZSFLL,FEMININO,0,NAO,NAO,15,SIM,DSL,NAO,NAO,NAO,MES-A-MES,ENVIO POR CORREIO,48.85,631.4,0
616,6464-KEXXH,MASCULINO,0,NAO,NAO,8,SIM,DSL,NAO,NAO,NAO,MES-A-MES,CARTAO DE CREDITO - DEBITO AUTOMATICO,65.60756321839081,186.3,0
617,7134-MJPDY,FEMININO,1,NAO,NAO,66,SIM,FIBER OPTIC,NAO,SIM,SIM,UM ANO,CARTAO DE CREDITO - DEBITO AUTOMATICO,65.60756321839081,6976.75,0
618,5240-CAOYT,FEMININO,0,NAO,NAO,57,SIM,FIBER OPTIC,SIM,SIM,NAO,MES-A-MES,TRANSFERENCIA BANCARIA - DEBITO AUTOMATICO,65.60756321839081,4884.85,0
619,4059-IIEBK,FEMININO,0,NAO,NAO,7,SIM,FIBER OPTIC,NAO,NAO,NAO,MES-A-MES,TRANSFERENCIA BANCARIA - DEBITO AUTOMATICO,65.60756321839081,522.95,0
620,4881-JVQOD,MASCULINO,1,SIM,SIM,10,SIM,DSL,NAO,NAO,NAO,MES-A-MES,TRANSFERENCIA BANCARIA - DEBITO AUTOMATICO,65.60756321839081,362.6,0
621,0516-UXRMT,FEMININO,0,NAO,NAO,62,SIM,FIBER OPTIC,SIM,NAO,NAO,UM ANO,ENVIO POR E-MAIL,65.60756321839081,5755.8,0
622,4851-BQDNX,MASCULINO,0,SIM,SIM,40,SIM,FIBER OPTIC,NAO,NAO,SIM,UM ANO,ENVIO POR E-MAIL,65.60756321839081,3355.65,0
623,5148-HKFIR,FEMININO,0,NAO,NAO,20,SIM,NAO,SEM SERVICO DE INTERNET,SEM SERVICO DE INTERNET,SEM SERVICO DE INTERNET,DOIS ANOS,ENVIO POR CORREIO,65.60756321839081,406.95,0
624,1009-IRMNA,FEMININO,0,NAO,NAO,7,SIM,NAO,SEM SERVICO DE INTERNET,SEM SERVICO DE INTERNET,SEM SERVICO DE INTERNET,MES-A-MES,TRANSFERENCIA BANCARIA - DEBITO AUTOMATICO,65.60756321839081,137.6,1
625,3003-CMDUU,FEMININO,0,SIM,NAO,25,SIM,FIBER OPTIC,NAO,SIM,SIM,MES-A-MES,ENVIO POR E-MAIL,65.60756321839081,2395.7,0
626,5016-IBERQ,MASCULINO,0,SIM,NAO,23,SIM,FIBER OPTIC,NAO,NAO,NAO,MES-A-MES,ENVIO POR E-MAIL,65.60756321839081,1968.1,0
627,6797-UCJHZ,FEMININO,1,SIM,NAO,66,SIM,FIBER OPTIC,NAO,NAO,SIM,UM ANO,CARTAO DE CREDITO - DEBITO AUTOMATICO,65.60756321839081,6819.45,0
628,2469-DTSGX,FEMININO,1,NAO,NAO,72,SIM,FIBER OPTIC,NAO,SIM,SIM,DOIS ANOS,ENVIO POR E-MAIL,65.60756321839081,7943.45,0
629,4554-YGZIH,MASCULINO,1,SIM,NAO,49,SIM,FIBER OPTIC,NAO,NAO,NAO,MES-A-MES,CARTAO DE CREDITO - DEBITO AUTOMATICO,65.60756321839081,4547.25,1
630,5099-BAILX,MASCULINO,1,SIM,SIM,43,SIM,FIBER OPTIC,NAO,SIM,SIM,MES-A-MES,TRANSFERENCIA BANCARIA - DEBITO AUTOMATICO,65.60756321839081,4687.9,1
631,9931-KGHOA,FEMININO,0,SIM,NAO,46,SIM,DSL,SIM,NAO,NAO,MES-A-MES,TRANSFERENCIA BANCARIA - DEBITO AUTOMATICO,65.60756321839081,2473.95,0
632,1775-KWJKQ,MASCULINO,0,SIM,SIM,72,SIM,DSL,SIM,SIM,SIM,DOIS ANOS,CARTAO DE CREDITO - DEBITO AUTOMATICO,65.60756321839081,6562.9,0
633,7665-VIGUD,MASCULINO,0,NAO,NAO,10,SIM,NAO,SEM SERVICO DE INTERNET,SEM SERVICO DE INTERNET,SEM SERVICO DE INTERNET,UM ANO,ENVIO POR CORREIO,65.60756321839081,176.3,0
634,9411-TPQQV,FEMININO,0,NAO,NAO,40,SIM,DSL,SIM,SIM,SIM,UM ANO,TRANSFERENCIA BANCARIA - DEBITO AUTOMATICO,65.60756321839081,2236.2,0
635,7207-RMRDB,FEMININO,0,SIM,SIM,65,SIM,FIBER OPTIC,NAO,NAO,SIM,MES-A-MES,ENVIO POR E-MAIL,65.60756321839081,6985.65,1
636,7954-MLBUN,MASCULINO,0,NAO,NAO,31,SIM,FIBER OPTIC,NAO,SIM,SIM,DOIS ANOS,TRANSFERENCIA BANCARIA - DEBITO AUTOMATICO,99.45,3109.9,0
637,2077-DDHJK,FEMININO,0,SIM,NAO,68,SIM,DSL,SIM,SIM,NAO,DOIS ANOS,CARTAO DE CREDITO - DEBITO AUTOMATICO,70.9,4911.35,0
638,4913-EHYUI,MASCULINO,1,SIM,SIM,56,SIM,FIBER OPTIC,SIM,NAO,SIM,UM ANO,TRANSFERENCIA BANCARIA - DEBITO AUTOMATICO,104.55,5794.65,1
639,0195-IESCP,MASCULINO,0,SIM,NAO,10,SIM,FIBER OPTIC,NAO,NAO,NAO,MES-A-MES,ENVIO POR E-MAIL,85.25,855.3,1
640,9574-BOSMD,MASCULINO,0,SIM,SIM,68,SIM,NAO,SEM SERVICO DE INTERNET,SEM SERVICO DE INTERNET,SEM SERVICO DE INTERNET,DOIS ANOS,TRANSFERENCIA BANCARIA - DEBITO AUTOMATICO,25.4,1620.2,0
641,4580-TMHJU,FEMININO,0,SIM,SIM,43,SIM,DSL,NAO,NAO,SIM,MES-A-MES,ENVIO POR E-MAIL,56.15,2499.3,1
642,0970-ETWGE,MASCULINO,0,NAO,NAO,1,SIM,FIBER OPTIC,NAO,NAO,SIM,MES-A-MES,ENVIO POR E-MAIL,89.55,89.55,1
643,4908-XAXAY,FEMININO,1,NAO,NAO,49,SIM,FIBER OPTIC,NAO,NAO,NAO,UM ANO,TRANSFERENCIA BANCARIA - DEBITO AUTOMATICO,89.85,4287.2,0
644,8404-VLQFB,FEMININO,0,SIM,SIM,15,SIM,NAO,SEM SERVICO DE INTERNET,SEM SERVICO DE INTERNET,SEM SERVICO DE INTERNET,MES-A-MES,ENVIO POR E-MAIL,25.25,394.85,0
645,1626-ERCMM,MASCULINO,1,SIM,NAO,20,SIM,FIBER OPTIC,NAO,NAO,SIM,MES-A-MES,ENVIO POR E-MAIL,94.55,1899.65,1
646,0887-HJGAR,MASCULINO,0,NAO,NAO,1,SIM,DSL,NAO,NAO,NAO,MES-A-MES,ENVIO POR CORREIO,45.7,45.7,1
647,2391-IPLOP,MASCULINO,0,SIM,SIM,50,SIM,DSL,NAO,SIM,SIM,UM ANO,ENVIO POR E-MAIL,69.65,3442.15,0
648,5644-PDMZC,FEMININO,1,NAO,NAO,2,SIM,FIBER OPTIC,NAO,NAO,NAO,MES-A-MES,ENVIO POR E-MAIL,89.5,161.5,1
649,3509-GWQGF,MASCULINO,1,NAO,NAO,24,SIM,FIBER OPTIC,NAO,NAO,NAO,MES-A-MES,CARTAO DE CREDITO - DEBITO AUTOMATICO,70.0,1732.6,0
650,9576-ANLXO,FEMININO,0,NAO,NAO,3,SIM,FIBER OPTIC,NAO,NAO,NAO,MES-A-MES,TRANSFERENCIA BANCARIA - DEBITO AUTOMATICO,69.55,222.3,1
651,2024-BASKD,FEMININO,0,NAO,NAO,1,SIM,FIBER OPTIC,NAO,NAO,NAO,MES-A-MES,ENVIO POR CORREIO,74.6,74.6,1
652,5845-BZZIB,MASCULINO,0,SIM,SIM,35,SIM,NAO,SEM SERVICO DE INTERNET,SEM SERVICO DE INTERNET,SEM SERVICO DE INTERNET,DOIS ANOS,ENVIO POR CORREIO,20.1,655.3,0
653,1140-UKVZG,FEMININO,0,NAO,NAO,17,SIM,NAO,SEM SERVICO DE INTERNET,SEM SERVICO DE INTERNET,SEM SERVICO DE INTERNET,MES-A-MES,ENVIO POR CORREIO,24.8,475.25,0
654,4160-AMJTL,FEMININO,1,NAO,NAO,8,SIM,NAO,SEM SERVICO DE INTERNET,SEM SERVICO DE INTERNET,SEM SERVICO DE INTERNET,MES-A-MES,ENVIO POR E-MAIL,19.65,164.3,1
655,5183-SNMJQ,MASCULINO,0,NAO,NAO,10,SIM,FIBER OPTIC,NAO,SIM,SIM,MES-A-MES,CARTAO DE CREDITO - DEBITO AUTOMATICO,95.1,865.1,0
656,8100-PNJMH,MASCULINO,0,SIM,SIM,68,SIM,DSL,SIM,SIM,SIM,DOIS ANOS,CARTAO DE CREDITO - DEBITO AUTOMATICO,88.85,6132.7,0
657,7838-LAZFO,MASCULINO,0,SIM,NAO,45,SIM,DSL,SIM,NAO,SIM,UM ANO,TRANSFERENCIA BANCARIA - DEBITO AUTOMATICO,78.8,3597.5,0
658,4464-JCOLN,MASCULINO,0,SIM,SIM,2,SIM,NAO,SEM SERVICO DE INTERNET,SEM SERVICO DE INTERNET,SEM SERVICO DE INTERNET,UM ANO,ENVIO POR CORREIO,19.85,35.9,1
659,2085-JVGAD,MASCULINO,0,SIM,NAO,37,SIM,NAO,SEM SERVICO DE INTERNET,SEM SERVICO DE INTERNET,SEM SERVICO DE INTERNET,MES-A-MES,TRANSFERENCIA BANCARIA - DEBITO AUTOMATICO,20.35,697.65,0
660,5650-VDUDS,FEMININO,0,NAO,NAO,4,SIM,DSL,NAO,NAO,NAO,MES-A-MES,ENVIO POR CORREIO,24.25,96.05,1
661,8095-WANWK,FEMININO,0,NAO,NAO,10,SIM,DSL,NAO,NAO,NAO,MES-A-MES,ENVIO POR CORREIO,45.25,428.7,0
662,3030-ZKIWL,MASCULINO,0,NAO,NAO,1,SIM,NAO,SEM SERVICO DE INTERNET,SEM SERVICO DE INTERNET,SEM SERVICO DE INTERNET,MES-A-MES,ENVIO POR CORREIO,20.05,20.05,0
663,9565-FLVCG,MASCULINO,0,SIM,SIM,65,SIM,DSL,SIM,NAO,NAO,DOIS ANOS,ENVIO POR CORREIO,69.55,4459.15,0
664,8755-OGKNA,FEMININO,0,SIM,SIM,57,SIM,NAO,SEM SERVICO DE INTERNET,SEM SERVICO DE INTERNET,SEM SERVICO DE INTERNET,DOIS ANOS,TRANSFERENCIA BANCARIA - DEBITO AUTOMATICO,19.5,1167.6,0
665,2800-VEQXM,FEMININO,0,NAO,NAO,3,SIM,FIBER OPTIC,NAO,NAO,NAO,MES-A-MES,ENVIO POR CORREIO,74.75,238.1,0
666,7538-GWHML,FEMININO,0,NAO,NAO,2,SIM,FIBER OPTIC,NAO,NAO,NAO,MES-A-MES,ENVIO POR E-MAIL,69.65,145.15,1
667,5533-RJFTJ,MASCULINO,0,NAO,NAO,49,SIM,DSL,NAO,NAO,NAO,MES-A-MES,TRANSFERENCIA BANCARIA - DEBITO AUTOMATICO,30.2,1453.1,0
668,3859-CVCET,FEMININO,0,NAO,NAO,4,SIM,DSL,NAO,NAO,NAO,MES-A-MES,ENVIO POR CORREIO,45.65,191.05,1
669,0214-JHPFW,FEMININO,0,SIM,NAO,70,SIM,DSL,NAO,SIM,SIM,DOIS ANOS,TRANSFERENCIA BANCARIA - DEBITO AUTOMATICO,57.8,4039.3,0
670,5642-MHDQT,FEMININO,0,SIM,SIM,53,SIM,NAO,SEM SERVICO DE INTERNET,SEM SERVICO DE INTERNET,SEM SERVICO DE INTERNET,UM ANO,TRANSFERENCIA BANCARIA - DEBITO AUTOMATICO,19.85,1039.45,0
671,3088-FVYWK,MASCULINO,0,SIM,SIM,53,SIM,NAO,SEM SERVICO DE INTERNET,SEM SERVICO DE INTERNET,SEM SERVICO DE INTERNET,DOIS ANOS,CARTAO DE CREDITO - DEBITO AUTOMATICO,25.55,1336.1,0
672,3276-HDUEG,FEMININO,0,NAO,NAO,1,SIM,FIBER OPTIC,NAO,NAO,NAO,MES-A-MES,ENVIO POR CORREIO,75.05,75.05,1
673,9092-GDZKO,MASCULINO,0,NAO,NAO,22,SIM,NAO,SEM SERVICO DE INTERNET,SEM SERVICO DE INTERNET,SEM SERVICO DE INTERNET,MES-A-MES,CARTAO DE CREDITO - DEBITO AUTOMATICO,24.85,493.4,0
674,0823-HSCDJ,MASCULINO,1,NAO,NAO,52,SIM,DSL,NAO,NAO,SIM,MES-A-MES,ENVIO POR E-MAIL,49.15,2550.9,1
675,3729-OWRVL,MASCULINO,1,NAO,NAO,65,SIM,FIBER OPTIC,SIM,SIM,SIM,DOIS ANOS,ENVIO POR E-MAIL,110.35,7246.15,0
676,2324-AALNO,FEMININO,0,NAO,NAO,48,SIM,NAO,SEM SERVICO DE INTERNET,SEM SERVICO DE INTERNET,SEM SERVICO DE INTERNET,UM ANO,TRANSFERENCIA BANCARIA - DEBITO AUTOMATICO,24.55,1203.95,0
677,0822-GAVAP,FEMININO,0,NAO,NAO,2,SIM,DSL,NAO,NAO,NAO,MES-A-MES,ENVIO POR E-MAIL,34.7,62.25,1
678,5760-IFJOZ,MASCULINO,0,NAO,NAO,3,SIM,FIBER OPTIC,NAO,NAO,SIM,MES-A-MES,ENVIO POR CORREIO,107.95,313.6,0
679,2826-UWHIS,MASCULINO,0,SIM,NAO,45,SIM,FIBER OPTIC,NAO,NAO,NAO,MES-A-MES,TRANSFERENCIA BANCARIA - DEBITO AUTOMATICO,81.4,3775.85,0
680,1448-PWKYE,MASCULINO,0,SIM,SIM,1,SIM,FIBER OPTIC,NAO,NAO,NAO,MES-A-MES,ENVIO POR E-MAIL,80.0,80.0,1
681,7501-IWUNG,FEMININO,0,SIM,SIM,61,SIM,DSL,NAO,SIM,SIM,DOIS ANOS,TRANSFERENCIA BANCARIA - DEBITO AUTOMATICO,65.60756321839081,4616.05,0
682,4957-TREIR,MASCULINO,0,NAO,NAO,3,SIM,DSL,SIM,SIM,SIM,MES-A-MES,CARTAO DE CREDITO - DEBITO AUTOMATICO,65.60756321839081,195.65,0
683,7251-LJBQN,FEMININO,1,NAO,NAO,40,SIM,FIBER OPTIC,NAO,SIM,SIM,UM ANO,CARTAO DE CREDITO - DEBITO AUTOMATICO,65.60756321839081,4188.4,0
684,8040-MNRTF,FEMININO,0,NAO,NAO,1,SIM,FIBER OPTIC,NAO,NAO,NAO,MES-A-MES,ENVIO POR CORREIO,65.60756321839081,71.1,0
685,1536-HBSWP,FEMININO,0,NAO,NAO,1,SIM,DSL,NAO,SIM,NAO,MES-A-MES,ENVIO POR E-MAIL,65.60756321839081,49.9,0
686,5313-FPXWG,MASCULINO,0,NAO,NAO,51,SIM,NAO,SEM SERVICO DE INTERNET,SEM SERVICO DE INTERNET,SEM SERVICO DE INTERNET,UM ANO,TRANSFERENCIA BANCARIA - DEBITO AUTOMATICO,65.60756321839081,1266.4,0
687,0067-DKWBL,MASCULINO,1,NAO,NAO,2,SIM,DSL,SIM,NAO,NAO,MES-A-MES,ENVIO POR E-MAIL,65.60756321839081,91.1,1
688,0946-FKYTX,MASCULINO,0,NAO,NAO,52,SIM,DSL,NAO,NAO,NAO,UM ANO,ENVIO POR CORREIO,65.60756321839081,1623.4,0
689,5076-YVXCM,MASCULINO,0,NAO,NAO,51,SIM,FIBER OPTIC,NAO,NAO,NAO,MES-A-MES,TRANSFERENCIA BANCARIA - DEBITO AUTOMATICO,83.4,4149.45,0
690,8262-COGGB,MASCULINO,0,NAO,NAO,1,SIM,NAO,SEM SERVICO DE INTERNET,SEM SERVICO DE INTERNET,SEM SERVICO DE INTERNET,MES-A-MES,ENVIO POR CORREIO,20.45,20.45,0
691,6663-JOCQO,MASCULINO,0,SIM,SIM,31,SIM,DSL,SIM,SIM,NAO,UM ANO,TRANSFERENCIA BANCARIA - DEBITO AUTOMATICO,75.25,2344.5,0
692,9620-QJREV,MASCULINO,0,NAO,SIM,47,SIM,NAO,SEM SERVICO DE INTERNET,SEM SERVICO DE INTERNET,SEM SERVICO DE INTERNET,UM ANO,CARTAO DE CREDITO - DEBITO AUTOMATICO,20.55,1013.05,0
693,2276-YDAVZ,FEMININO,0,NAO,NAO,3,SIM,FIBER OPTIC,NAO,NAO,NAO,MES-A-MES,CARTAO DE CREDITO - DEBITO AUTOMATICO,75.1,270.7,1
694,2682-KEVRP,FEMININO,1,NAO,NAO,22,SIM,NAO,SEM SERVICO DE INTERNET,SEM SERVICO DE INTERNET,SEM SERVICO DE INTERNET,UM ANO,ENVIO POR CORREIO,20.05,417.0,0
695,2480-JZOSN,FEMININO,0,SIM,NAO,1,SIM,NAO,SEM SERVICO DE INTERNET,SEM SERVICO DE INTERNET,SEM SERVICO DE INTERNET,MES-A-MES,ENVIO POR CORREIO,20.65,20.65,0
696,0078-XZMHT,MASCULINO,0,SIM,NAO,72,SIM,DSL,NAO,SIM,SIM,DOIS ANOS,TRANSFERENCIA BANCARIA - DEBITO AUTOMATICO,85.15,6316.2,0
697,5896-NPFWW,MASCULINO,0,SIM,SIM,3,SIM,DSL,NAO,NAO,NAO,MES-A-MES,ENVIO POR E-MAIL,50.15,168.15,1
698,9978-HYCIN,MASCULINO,1,SIM,SIM,47,SIM,FIBER OPTIC,NAO,NAO,SIM,UM ANO,TRANSFERENCIA BANCARIA - DEBITO AUTOMATICO,84.95,4018.05,0
699,8338-QIUNR,MASCULINO,0,SIM,SIM,72,SIM,DSL,SIM,SIM,NAO,DOIS ANOS,CARTAO DE CREDITO - DEBITO AUTOMATICO,66.5,4811.6,0
700,1525-LNLOJ,MASCULINO,0,SIM,SIM,66,SIM,DSL,NAO,NAO,SIM,DOIS ANOS,TRANSFERENCIA BANCARIA - DEBITO AUTOMATICO,63.3,4189.7,0
701,9450-TRJUU,MASCULINO,0,NAO,NAO,35,SIM,FIBER OPTIC,NAO,NAO,SIM,MES-A-MES,ENVIO POR E-MAIL,83.15,2848.45,0
702,1766-GKNMI,MASCULINO,0,NAO,NAO,29,SIM,FIBER OPTIC,NAO,NAO,NAO,MES-A-MES,ENVIO POR E-MAIL,84.9,2516.2,0
703,6942-LBFDP,FEMININO,0,NAO,NAO,2,SIM,NAO,SEM SERVICO DE INTERNET,SEM SERVICO DE INTERNET,SEM SERVICO DE INTERNET,MES-A-MES,ENVIO POR CORREIO,20.55,33.6,0
704,1456-TWCGB,MASCULINO,0,NAO,NAO,4,SIM,DSL,NAO,NAO,NAO,MES-A-MES,ENVIO POR CORREIO,49.25,208.45,0
705,7133-VBDCG,FEMININO,0,NAO,NAO,25,SIM,FIBER OPTIC,SIM,NAO,NAO,MES-A-MES,TRANSFERENCIA BANCARIA - DEBITO AUTOMATICO,79.85,2015.35,1
706,7596-ZYWBB,FEMININO,0,NAO,NAO,65,SIM,DSL,SIM,SIM,NAO,DOIS ANOS,ENVIO POR CORREIO,59.6,3739.8,0
707,8329-UTMVM,MASCULINO,1,NAO,NAO,27,SIM,FIBER OPTIC,NAO,SIM,SIM,UM ANO,TRANSFERENCIA BANCARIA - DEBITO AUTOMATICO,104.65,2964.0,0
708,3014-WJKSM,MASCULINO,0,SIM,NAO,29,SIM,FIBER OPTIC,NAO,NAO,NAO,MES-A-MES,CARTAO DE CREDITO - DEBITO AUTOMATICO,75.3,2263.4,0
709,3347-YJZZE,MASCULINO,0,SIM,SIM,29,SIM,DSL,NAO,NAO,SIM,MES-A-MES,CARTAO DE CREDITO - DEBITO AUTOMATICO,80.1,2211.8,0
710,1029-QFBEN,MASCULINO,0,NAO,NAO,1,SIM,NAO,SEM SERVICO DE INTERNET,SEM SERVICO DE INTERNET,SEM SERVICO DE INTERNET,MES-A-MES,ENVIO POR CORREIO,19.55,19.55,1
711,7929-DMBCV,FEMININO,0,SIM,NAO,20,SIM,FIBER OPTIC,NAO,SIM,NAO,MES-A-MES,ENVIO POR CORREIO,81.0,1683.7,0
712,9661-JALZV,FEMININO,0,NAO,NAO,58,SIM,NAO,SEM SERVICO DE INTERNET,SEM SERVICO DE INTERNET,SEM SERVICO DE INTERNET,DOIS ANOS,CARTAO DE CREDITO - DEBITO AUTOMATICO,24.7,1519.0,0
713,5433-KYGHE,FEMININO,0,NAO,SIM,14,SIM,FIBER OPTIC,SIM,SIM,NAO,MES-A-MES,ENVIO POR CORREIO,86.0,1164.05,0
714,4312-KFRXN,MASCULINO,0,SIM,NAO,72,SIM,NAO,SEM SERVICO DE INTERNET,SEM SERVICO DE INTERNET,SEM SERVICO DE INTERNET,DOIS ANOS,ENVIO POR CORREIO,25.4,1710.9,0
715,5575-TPIZQ,MASCULINO,0,NAO,NAO,46,SIM,FIBER OPTIC,SIM,NAO,SIM,MES-A-MES,CARTAO DE CREDITO - DEBITO AUTOMATICO,89.15,4245.55,0
716,0114-IGABW,FEMININO,0,SIM,NAO,71,SIM,DSL,NAO,SIM,SIM,DOIS ANOS,TRANSFERENCIA BANCARIA - DEBITO AUTOMATICO,58.25,4145.9,0
717,9944-AEXBM,MASCULINO,0,NAO,NAO,32,SIM,FIBER OPTIC,NAO,NAO,NAO,MES-A-MES,TRANSFERENCIA BANCARIA - DEBITO AUTOMATICO,85.65,2664.3,0
718,1853-ARAAQ,FEMININO,0,NAO,NAO,26,SIM,DSL,NAO,NAO,SIM,MES-A-MES,CARTAO DE CREDITO - DEBITO AUTOMATICO,50.35,1277.5,0
719,6952-OMNWB,MASCULINO,1,SIM,NAO,68,SIM,FIBER OPTIC,NAO,NAO,NAO,MES-A-MES,CARTAO DE CREDITO - DEBITO AUTOMATICO,80.35,5589.3,0
720,4697-LUPSU,MASCULINO,0,SIM,SIM,2,SIM,NAO,SEM SERVICO DE INTERNET,SEM SERVICO DE INTERNET,SEM SERVICO DE INTERNET,UM ANO,ENVIO POR CORREIO,20.2,34.75,0
721,8434-VGEQQ,MASCULINO,0,SIM,SIM,61,SIM,NAO,SEM SERVICO DE INTERNET,SEM SERVICO DE INTERNET,SEM SERVICO DE INTERNET,DOIS ANOS,CARTAO DE CREDITO - DEBITO AUTOMATICO,20.55,1305.95,0
722,4952-YSOGZ,FEMININO,0,SIM,SIM,4,SIM,FIBER OPTIC,NAO,NAO,NAO,MES-A-MES,ENVIO POR E-MAIL,85.95,381.3,1
723,1589-AGTLK,MASCULINO,0,NAO,NAO,3,SIM,DSL,NAO,NAO,NAO,MES-A-MES,ENVIO POR E-MAIL,45.35,141.5,1
724,5244-IRFIH,MASCULINO,1,SIM,NAO,33,SIM,FIBER OPTIC,NAO,NAO,SIM,MES-A-MES,ENVIO POR E-MAIL,94.5,3105.55,1
725,6549-YMFAW,MASCULINO,1,SIM,NAO,9,SIM,NAO,SEM SERVICO DE INTERNET,SEM SERVICO DE INTERNET,SEM SERVICO DE INTERNET,MES-A-MES,ENVIO POR CORREIO,21.25,204.55,0
726,4950-HKQTE,FEMININO,0,NAO,NAO,22,SIM,NAO,SEM SERVICO DE INTERNET,SEM SERVICO DE INTERNET,SEM SERVICO DE INTERNET,DOIS ANOS,ENVIO POR CORREIO,26.25,605.9,0
727,6786-OBWQR,FEMININO,0,SIM,SIM,5,SIM,FIBER OPTIC,NAO,NAO,SIM,MES-A-MES,ENVIO POR E-MAIL,80.85,356.1,0
728,2684-EIWEO,FEMININO,1,NAO,NAO,30,SIM,FIBER OPTIC,SIM,NAO,NAO,MES-A-MES,CARTAO DE CREDITO - DEBITO AUTOMATICO,91.7,2758.15,1
729,2753-JMMCV,MASCULINO,0,NAO,NAO,65,SIM,DSL,NAO,SIM,NAO,DOIS ANOS,CARTAO DE CREDITO - DEBITO AUTOMATICO,74.2,4805.65,0
730,6439-GTPCA,FEMININO,0,NAO,NAO,45,SIM,FIBER OPTIC,NAO,SIM,NAO,MES-A-MES,ENVIO POR E-MAIL,87.25,3941.7,1
731,6621-YOBKI,MASCULINO,0,NAO,NAO,5,SIM,NAO,SEM SERVICO DE INTERNET,SEM SERVICO DE INTERNET,SEM SERVICO DE INTERNET,MES-A-MES,ENVIO POR CORREIO,20.35,92.75,0
732,1216-JWVUX,MASCULINO,0,SIM,SIM,25,SIM,FIBER OPTIC,NAO,NAO,NAO,MES-A-MES,ENVIO POR E-MAIL,75.5,1901.05,0
733,7564-GHCVB,FEMININO,0,SIM,SIM,72,SIM,FIBER OPTIC,SIM,NAO,NAO,DOIS ANOS,TRANSFERENCIA BANCARIA - DEBITO AUTOMATICO,79.05,5730.7,0
734,1173-NOEYG,FEMININO,0,SIM,NAO,27,SIM,FIBER OPTIC,NAO,NAO,NAO,MES-A-MES,TRANSFERENCIA BANCARIA - DEBITO AUTOMATICO,90.15,2423.4,0
735,7595-EHCDL,MASCULINO,0,SIM,SIM,32,SIM,DSL,NAO,NAO,SIM,MES-A-MES,CARTAO DE CREDITO - DEBITO AUTOMATICO,50.6,1653.45,0
736,6647-ZEDXT,FEMININO,0,NAO,NAO,30,SIM,FIBER OPTIC,NAO,SIM,SIM,UM ANO,CARTAO DE CREDITO - DEBITO AUTOMATICO,110.45,3327.05,0
737,2521-NPUZR,MASCULINO,0,SIM,NAO,70,SIM,FIBER OPTIC,SIM,SIM,NAO,DOIS ANOS,CARTAO DE CREDITO - DEBITO AUTOMATICO,101.0,7085.5,0
738,1307-TVUFB,MASCULINO,1,NAO,NAO,42,SIM,FIBER OPTIC,NAO,NAO,NAO,MES-A-MES,TRANSFERENCIA BANCARIA - DEBITO AUTOMATICO,79.35,3344.1,0
739,7503-MIOGA,FEMININO,1,SIM,NAO,72,SIM,DSL,SIM,SIM,SIM,DOIS ANOS,TRANSFERENCIA BANCARIA - DEBITO AUTOMATICO,89.85,6697.35,0
740,4381-MHQDC,FEMININO,0,NAO,NAO,47,SIM,DSL,SIM,SIM,NAO,DOIS ANOS,ENVIO POR CORREIO,65.0,2879.9,0
741,6923-JHPMP,FEMININO,0,NAO,NAO,2,SIM,FIBER OPTIC,SIM,NAO,NAO,MES-A-MES,ENVIO POR E-MAIL,80.45,137.1,0
742,5138-WVKYJ,MASCULINO,0,NAO,NAO,10,SIM,FIBER OPTIC,SIM,NAO,SIM,MES-A-MES,ENVIO POR E-MAIL,98.55,1008.55,1
743,4018-PPNDW,FEMININO,0,SIM,SIM,61,SIM,NAO,SEM SERVICO DE INTERNET,SEM SERVICO DE INTERNET,SEM SERVICO DE INTERNET,DOIS ANOS,ENVIO POR CORREIO,24.1,1551.6,0
744,1635-FJFCC,FEMININO,0,NAO,NAO,5,SIM,DSL,NAO,NAO,NAO,MES-A-MES,CARTAO DE CREDITO - DEBITO AUTOMATICO,44.05,202.15,0
745,2499-AJYUA,FEMININO,1,SIM,NAO,72,SIM,FIBER OPTIC,NAO,SIM,SIM,DOIS ANOS,CARTAO DE CREDITO - DEBITO AUTOMATICO,110.8,7882.25,0
746,6919-ELBGL,MASCULINO,1,SIM,SIM,72,SIM,FIBER OPTIC,SIM,SIM,SIM,DOIS ANOS,TRANSFERENCIA BANCARIA - DEBITO AUTOMATICO,114.95,8196.4,0
747,3966-HRMZA,FEMININO,1,NAO,NAO,3,SIM,FIBER OPTIC,NAO,NAO,NAO,MES-A-MES,ENVIO POR CORREIO,75.05,202.9,0
748,6425-JWTDV,MASCULINO,0,SIM,NAO,48,SIM,NAO,SEM SERVICO DE INTERNET,SEM SERVICO DE INTERNET,SEM SERVICO DE INTERNET,DOIS ANOS,ENVIO POR CORREIO,19.25,855.1,0
749,8405-IGQFX,FEMININO,0,NAO,NAO,63,SIM,FIBER OPTIC,NAO,SIM,SIM,UM ANO,CARTAO DE CREDITO - DEBITO AUTOMATICO,90.05,5817.0,0
750,8224-IVVPA,FEMININO,0,NAO,NAO,27,SIM,DSL,SIM,NAO,NAO,MES-A-MES,ENVIO POR CORREIO,56.7,1652.95,0
751,9477-LGWQI,MASCULINO,0,SIM,SIM,70,SIM,DSL,SIM,NAO,SIM,DOIS ANOS,CARTAO DE CREDITO - DEBITO AUTOMATICO,80.15,5600.15,0
752,1410-RSCMR,MASCULINO,0,SIM,SIM,7,SIM,DSL,SIM,SIM,NAO,MES-A-MES,CARTAO DE CREDITO - DEBITO AUTOMATICO,71.35,515.75,0
753,3115-CZMZD,MASCULINO,0,NAO,SIM,0,SIM,NAO,SEM SERVICO DE INTERNET,SEM SERVICO DE INTERNET,SEM SERVICO DE INTERNET,DOIS ANOS,ENVIO POR CORREIO,20.25,40.5,0
754,0139-IVFJG,FEMININO,0,SIM,NAO,2,SIM,FIBER OPTIC,SIM,NAO,SIM,MES-A-MES,ENVIO POR E-MAIL,90.35,190.5,0
755,6683-VLCTZ,MASCULINO,1,NAO,NAO,20,SIM,FIBER OPTIC,NAO,NAO,SIM,MES-A-MES,ENVIO POR E-MAIL,98.55,1842.8,1
756,5730-DBDSI,MASCULINO,0,NAO,NAO,66,SIM,NAO,SEM SERVICO DE INTERNET,SEM SERVICO DE INTERNET,SEM SERVICO DE INTERNET,DOIS ANOS,TRANSFERENCIA BANCARIA - DEBITO AUTOMATICO,19.7,1253.8,0
757,0030-FNXPP,FEMININO,0,NAO,NAO,3,SIM,NAO,SEM SERVICO DE INTERNET,SEM SERVICO DE INTERNET,SEM SERVICO DE INTERNET,MES-A-MES,ENVIO POR CORREIO,19.85,57.2,0
758,2189-WWOEW,FEMININO,0,NAO,SIM,15,SIM,FIBER OPTIC,NAO,NAO,NAO,MES-A-MES,TRANSFERENCIA BANCARIA - DEBITO AUTOMATICO,85.9,1269.55,1
759,5684-FJVYR,FEMININO,0,SIM,SIM,72,SIM,FIBER OPTIC,SIM,SIM,NAO,DOIS ANOS,TRANSFERENCIA BANCARIA - DEBITO AUTOMATICO,90.35,6563.4,0
760,4013-GUXND,MASCULINO,0,NAO,NAO,1,SIM,NAO,SEM SERVICO DE INTERNET,SEM SERVICO DE INTERNET,SEM SERVICO DE INTERNET,MES-A-MES,ENVIO POR CORREIO,20.8,20.8,0
761,1894-IGFSG,FEMININO,0,NAO,NAO,22,SIM,FIBER OPTIC,NAO,NAO,SIM,MES-A-MES,ENVIO POR E-MAIL,89.25,1907.85,1
762,7379-POKDZ,MASCULINO,0,SIM,NAO,3,SIM,FIBER OPTIC,NAO,NAO,NAO,MES-A-MES,ENVIO POR E-MAIL,70.3,208.85,1
763,1266-NZYUI,FEMININO,0,SIM,SIM,72,SIM,DSL,SIM,SIM,NAO,DOIS ANOS,TRANSFERENCIA BANCARIA - DEBITO AUTOMATICO,66.85,4758.8,0
764,7969-FFOWG,MASCULINO,0,SIM,SIM,65,SIM,NAO,SEM SERVICO DE INTERNET,SEM SERVICO DE INTERNET,SEM SERVICO DE INTERNET,DOIS ANOS,ENVIO POR CORREIO,19.9,1292.6,0
765,4718-DHSMV,FEMININO,0,NAO,NAO,11,SIM,DSL,NAO,NAO,SIM,MES-A-MES,ENVIO POR CORREIO,35.8,363.15,0
766,5175-WLYXL,MASCULINO,0,NAO,NAO,22,SIM,FIBER OPTIC,NAO,NAO,NAO,MES-A-MES,ENVIO POR CORREIO,78.85,1600.25,0
767,7817-OMJNA,MASCULINO,0,NAO,NAO,14,SIM,NAO,SEM SERVICO DE INTERNET,SEM SERVICO DE INTERNET,SEM SERVICO DE INTERNET,UM ANO,TRANSFERENCIA BANCARIA - DEBITO AUTOMATICO,20.4,275.7,0
768,8728-SKJLR,MASCULINO,0,NAO,NAO,41,SIM,FIBER OPTIC,NAO,SIM,NAO,MES-A-MES,ENVIO POR E-MAIL,74.25,3089.1,0
769,3137-NYQQI,MASCULINO,0,SIM,NAO,17,SIM,DSL,SIM,NAO,NAO,UM ANO,ENVIO POR CORREIO,64.8,1175.6,0
770,7706-DZNKK,MASCULINO,0,NAO,NAO,11,SIM,NAO,SEM SERVICO DE INTERNET,SEM SERVICO DE INTERNET,SEM SERVICO DE INTERNET,MES-A-MES,CARTAO DE CREDITO - DEBITO AUTOMATICO,20.45,237.3,0
771,0236-HFWSV,MASCULINO,0,NAO,NAO,15,SIM,FIBER OPTIC,NAO,NAO,SIM,MES-A-MES,ENVIO POR E-MAIL,93.35,1444.65,1
772,3900-AQPHZ,FEMININO,0,NAO,NAO,1,SIM,NAO,SEM SERVICO DE INTERNET,SEM SERVICO DE INTERNET,SEM SERVICO DE INTERNET,MES-A-MES,ENVIO POR CORREIO,19.9,19.9,1
773,5842-POCOP,FEMININO,0,SIM,NAO,5,SIM,FIBER OPTIC,SIM,NAO,NAO,MES-A-MES,ENVIO POR CORREIO,88.9,454.15,1
774,2037-XJFUP,MASCULINO,0,SIM,NAO,33,SIM,FIBER OPTIC,NAO,NAO,SIM,UM ANO,ENVIO POR E-MAIL,95.8,3036.75,1
775,8823-RLPWL,FEMININO,0,SIM,NAO,72,SIM,FIBER OPTIC,SIM,NAO,SIM,DOIS ANOS,CARTAO DE CREDITO - DEBITO AUTOMATICO,110.65,8065.65,0
776,9505-SQFSW,FEMININO,0,SIM,SIM,3,SIM,DSL,NAO,NAO,NAO,MES-A-MES,ENVIO POR CORREIO,40.3,92.5,0
777,7314-OXENN,MASCULINO,0,NAO,NAO,2,SIM,FIBER OPTIC,NAO,NAO,NAO,MES-A-MES,ENVIO POR E-MAIL,82.0,184.65,1
778,3758-CKOQL,FEMININO,0,SIM,NAO,59,SIM,FIBER OPTIC,SIM,SIM,NAO,UM ANO,CARTAO DE CREDITO - DEBITO AUTOMATICO,107.0,6152.3,0
779,0322-CHQRU,MASCULINO,0,NAO,NAO,2,SIM,DSL,NAO,NAO,NAO,MES-A-MES,ENVIO POR E-MAIL,45.35,89.5,1
780,5676-CFLYY,MASCULINO,0,SIM,SIM,71,SIM,DSL,NAO,SIM,SIM,DOIS ANOS,CARTAO DE CREDITO - DEBITO AUTOMATICO,73.35,5154.5,0
781,7521-AFHAB,FEMININO,0,SIM,SIM,5,SIM,DSL,NAO,NAO,NAO,MES-A-MES,ENVIO POR CORREIO,44.8,220.45,0
782,0285-INHLN,MASCULINO,0,SIM,SIM,27,SIM,DSL,SIM,NAO,NAO,MES-A-MES,CARTAO DE CREDITO - DEBITO AUTOMATICO,54.75,1510.3,0
783,4678-DVQEO,FEMININO,0,NAO,NAO,1,SIM,DSL,NAO,SIM,NAO,MES-A-MES,ENVIO POR E-MAIL,52.2,52.2,1
784,5125-CNDSP,MASCULINO,0,NAO,SIM,63,SIM,DSL,SIM,SIM,NAO,UM ANO,TRANSFERENCIA BANCARIA - DEBITO AUTOMATICO,40.6,2588.95,0
785,0691-IFBQW,FEMININO,1,NAO,NAO,46,SIM,FIBER OPTIC,SIM,NAO,SIM,UM ANO,ENVIO POR E-MAIL,110.0,4874.8,1
786,4992-LTJNE,MASCULINO,0,SIM,SIM,72,SIM,DSL,SIM,NAO,NAO,DOIS ANOS,TRANSFERENCIA BANCARIA - DEBITO AUTOMATICO,55.3,3983.6,0
787,2202-OUTMO,FEMININO,0,SIM,NAO,34,SIM,DSL,SIM,SIM,NAO,MES-A-MES,TRANSFERENCIA BANCARIA - DEBITO AUTOMATICO,60.85,2003.6,0
788,0810-BDHAW,FEMININO,0,SIM,SIM,24,SIM,DSL,SIM,NAO,SIM,UM ANO,ENVIO POR E-MAIL,78.4,1832.4,0
789,0229-LFJAF,MASCULINO,0,NAO,NAO,72,SIM,DSL,SIM,SIM,NAO,DOIS ANOS,TRANSFERENCIA BANCARIA - DEBITO AUTOMATICO,69.65,4908.25,0
790,7131-ZQZNK,FEMININO,0,SIM,SIM,60,SIM,DSL,SIM,SIM,SIM,DOIS ANOS,CARTAO DE CREDITO - DEBITO AUTOMATICO,59.85,3590.2,0
791,3442-ZHHCC,MASCULINO,0,NAO,NAO,68,SIM,DSL,SIM,NAO,NAO,UM ANO,CARTAO DE CREDITO - DEBITO AUTOMATICO,76.9,5023.0,0
792,5726-CVNYA,FEMININO,0,SIM,SIM,8,SIM,NAO,SEM SERVICO DE INTERNET,SEM SERVICO DE INTERNET,SEM SERVICO DE INTERNET,DOIS ANOS,ENVIO POR CORREIO,19.85,146.6,0
793,9871-ELEYA,FEMININO,0,NAO,SIM,34,SIM,DSL,SIM,SIM,SIM,DOIS ANOS,CARTAO DE CREDITO - DEBITO AUTOMATICO,67.65,2339.3,0
794,4257-GAESD,FEMININO,0,NAO,NAO,6,SIM,DSL,NAO,NAO,SIM,MES-A-MES,CARTAO DE CREDITO - DEBITO AUTOMATICO,45.0,298.7,0
795,5173-WXOQV,MASCULINO,0,SIM,NAO,2,SIM,DSL,NAO,SIM,NAO,MES-A-MES,ENVIO POR CORREIO,64.2,143.65,0
796,2040-OBMLJ,MASCULINO,0,NAO,NAO,31,SIM,FIBER OPTIC,NAO,SIM,NAO,UM ANO,CARTAO DE CREDITO - DEBITO AUTOMATICO,81.7,2548.65,0
797,6286-ZHAOK,FEMININO,0,SIM,SIM,20,SIM,NAO,SEM SERVICO DE INTERNET,SEM SERVICO DE INTERNET,SEM SERVICO DE INTERNET,MES-A-MES,TRANSFERENCIA BANCARIA - DEBITO AUTOMATICO,25.55,507.4,0
798,3807-XHCJH,FEMININO,0,SIM,SIM,1,SIM,NAO,SEM SERVICO DE INTERNET,SEM SERVICO DE INTERNET,SEM SERVICO DE INTERNET,MES-A-MES,ENVIO POR E-MAIL,20.0,20.0,0
799,3009-JWMPU,MASCULINO,0,NAO,NAO,62,SIM,FIBER OPTIC,NAO,NAO,SIM,UM ANO,ENVIO POR E-MAIL,96.75,6125.4,1
800,5671-RQRLP,FEMININO,1,SIM,NAO,70,SIM,FIBER OPTIC,NAO,NAO,NAO,DOIS ANOS,CARTAO DE CREDITO - DEBITO AUTOMATICO,75.65,5411.4,0
801,1450-GALXR,FEMININO,0,NAO,NAO,10,SIM,FIBER OPTIC,NAO,SIM,SIM,MES-A-MES,ENVIO POR E-MAIL,98.5,1058.25,1
802,8859-AXJZP,MASCULINO,0,SIM,SIM,39,SIM,NAO,SEM SERVICO DE INTERNET,SEM SERVICO DE INTERNET,SEM SERVICO DE INTERNET,DOIS ANOS,ENVIO POR CORREIO,23.8,903.8,0
803,3174-AKMAS,FEMININO,0,SIM,NAO,46,SIM,DSL,NAO,SIM,SIM,DOIS ANOS,CARTAO DE CREDITO - DEBITO AUTOMATICO,64.2,3009.5,0
804,3138-BKYAV,MASCULINO,0,NAO,NAO,6,SIM,FIBER OPTIC,NAO,NAO,SIM,MES-A-MES,ENVIO POR E-MAIL,85.35,489.45,1
805,9926-PJHDQ,FEMININO,0,SIM,SIM,72,SIM,DSL,NAO,NAO,SIM,DOIS ANOS,TRANSFERENCIA BANCARIA - DEBITO AUTOMATICO,76.8,5468.45,0
806,7382-DFJTU,MASCULINO,0,NAO,NAO,18,SIM,DSL,NAO,SIM,NAO,MES-A-MES,CARTAO DE CREDITO - DEBITO AUTOMATICO,55.2,1058.1,0
807,2798-NYLMZ,MASCULINO,0,SIM,NAO,71,SIM,FIBER OPTIC,SIM,SIM,SIM,DOIS ANOS,CARTAO DE CREDITO - DEBITO AUTOMATICO,108.55,7616.0,0
808,4289-DTDKW,MASCULINO,0,SIM,NAO,40,SIM,FIBER OPTIC,NAO,NAO,SIM,MES-A-MES,ENVIO POR E-MAIL,101.3,4113.1,1
809,1820-TQVEV,MASCULINO,0,NAO,NAO,1,SIM,FIBER OPTIC,NAO,NAO,NAO,MES-A-MES,ENVIO POR E-MAIL,69.55,69.55,1
810,2239-JALAW,MASCULINO,0,NAO,NAO,58,SIM,FIBER OPTIC,NAO,NAO,SIM,UM ANO,TRANSFERENCIA BANCARIA - DEBITO AUTOMATICO,103.25,6017.65,1
811,4853-RULSV,MASCULINO,0,NAO,NAO,70,SIM,FIBER OPTIC,SIM,SIM,SIM,DOIS ANOS,CARTAO DE CREDITO - DEBITO AUTOMATICO,104.0,7250.15,1
812,8098-TDCBU,FEMININO,0,SIM,NAO,42,SIM,NAO,SEM SERVICO DE INTERNET,SEM SERVICO DE INTERNET,SEM SERVICO DE INTERNET,DOIS ANOS,ENVIO POR E-MAIL,25.25,1108.2,0
813,3551-GAEGL,MASCULINO,0,SIM,SIM,34,SIM,DSL,SIM,NAO,NAO,UM ANO,TRANSFERENCIA BANCARIA - DEBITO AUTOMATICO,30.4,938.65,0
814,4785-NKHCX,MASCULINO,1,NAO,NAO,5,SIM,NAO,SEM SERVICO DE INTERNET,SEM SERVICO DE INTERNET,SEM SERVICO DE INTERNET,MES-A-MES,TRANSFERENCIA BANCARIA - DEBITO AUTOMATICO,20.05,94.15,0
815,3196-NVXLZ,FEMININO,0,NAO,NAO,25,SIM,FIBER OPTIC,NAO,NAO,SIM,MES-A-MES,ENVIO POR CORREIO,84.6,2088.05,0
816,6275-YDUVO,FEMININO,0,NAO,NAO,2,SIM,FIBER OPTIC,NAO,NAO,NAO,MES-A-MES,ENVIO POR CORREIO,86.2,178.7,1
817,0036-IHMOT,FEMININO,0,SIM,SIM,55,SIM,FIBER OPTIC,NAO,SIM,SIM,UM ANO,TRANSFERENCIA BANCARIA - DEBITO AUTOMATICO,103.7,5656.75,0
818,0115-TFERT,MASCULINO,0,SIM,NAO,21,SIM,FIBER OPTIC,NAO,SIM,SIM,MES-A-MES,ENVIO POR E-MAIL,111.2,2317.1,1
819,4178-EGMON,MASCULINO,0,SIM,NAO,70,SIM,FIBER OPTIC,SIM,SIM,NAO,DOIS ANOS,CARTAO DE CREDITO - DEBITO AUTOMATICO,88.0,5986.45,0
820,4220-TINQT,FEMININO,0,SIM,NAO,61,SIM,FIBER OPTIC,NAO,SIM,SIM,MES-A-MES,ENVIO POR E-MAIL,106.35,6751.35,0
821,5318-YKDPV,MASCULINO,0,SIM,SIM,43,SIM,DSL,SIM,SIM,SIM,DOIS ANOS,CARTAO DE CREDITO - DEBITO AUTOMATICO,79.15,3566.6,0
822,7975-TZMLR,MASCULINO,0,NAO,NAO,47,SIM,FIBER OPTIC,NAO,NAO,SIM,UM ANO,ENVIO POR E-MAIL,103.1,4889.3,0
823,0295-QVKPB,MASCULINO,0,NAO,NAO,5,SIM,DSL,NAO,SIM,SIM,MES-A-MES,CARTAO DE CREDITO - DEBITO AUTOMATICO,63.95,318.1,0
824,4335-BSMJS,FEMININO,0,NAO,NAO,62,SIM,NAO,SEM SERVICO DE INTERNET,SEM SERVICO DE INTERNET,SEM SERVICO DE INTERNET,DOIS ANOS,CARTAO DE CREDITO - DEBITO AUTOMATICO,25.8,1563.95,0
825,2311-QYMUQ,FEMININO,0,SIM,SIM,16,SIM,FIBER OPTIC,NAO,NAO,SIM,MES-A-MES,CARTAO DE CREDITO - DEBITO AUTOMATICO,89.45,1430.25,1
826,3643-AHCFP,MASCULINO,1,SIM,NAO,7,SIM,FIBER OPTIC,NAO,NAO,SIM,MES-A-MES,TRANSFERENCIA BANCARIA - DEBITO AUTOMATICO,95.6,644.35,1
827,9146-JRIOX,FEMININO,0,SIM,SIM,14,SIM,NAO,SEM SERVICO DE INTERNET,SEM SERVICO DE INTERNET,SEM SERVICO DE INTERNET,MES-A-MES,ENVIO POR CORREIO,25.55,372.45,0
828,3104-OWCGK,MASCULINO,0,SIM,SIM,60,SIM,FIBER OPTIC,NAO,NAO,SIM,UM ANO,ENVIO POR E-MAIL,90.95,5453.4,1
829,5337-IIWKZ,MASCULINO,0,SIM,SIM,34,SIM,DSL,NAO,SIM,SIM,MES-A-MES,ENVIO POR E-MAIL,44.85,1442.6,0
830,9101-BWFSS,FEMININO,0,SIM,NAO,50,SIM,FIBER OPTIC,SIM,SIM,SIM,UM ANO,ENVIO POR E-MAIL,108.55,5610.7,1
831,9650-VBUOG,MASCULINO,0,SIM,SIM,38,SIM,NAO,SEM SERVICO DE INTERNET,SEM SERVICO DE INTERNET,SEM SERVICO DE INTERNET,DOIS ANOS,CARTAO DE CREDITO - DEBITO AUTOMATICO,25.05,963.95,0
832,3487-EARAT,FEMININO,0,SIM,SIM,70,SIM,DSL,SIM,SIM,NAO,UM ANO,CARTAO DE CREDITO - DEBITO AUTOMATICO,74.1,5222.3,0
833,2672-TGEFF,FEMININO,0,SIM,SIM,37,SIM,FIBER OPTIC,NAO,NAO,SIM,MES-A-MES,ENVIO POR E-MAIL,88.8,3340.55,0
834,9231-ZJYAM,FEMININO,1,NAO,NAO,4,SIM,FIBER OPTIC,NAO,NAO,SIM,MES-A-MES,ENVIO POR E-MAIL,78.85,292.8,1
835,4250-WAROZ,MASCULINO,1,SIM,SIM,60,SIM,FIBER OPTIC,SIM,NAO,NAO,MES-A-MES,ENVIO POR E-MAIL,93.25,5774.55,0
836,8184-WMOFI,MASCULINO,0,SIM,SIM,62,SIM,DSL,SIM,SIM,NAO,UM ANO,CARTAO DE CREDITO - DEBITO AUTOMATICO,71.4,4487.3,0
837,6982-SSHFK,MASCULINO,0,NAO,NAO,1,SIM,DSL,NAO,NAO,NAO,MES-A-MES,ENVIO POR CORREIO,44.4,44.4,1
838,6092-QZVPP,MASCULINO,0,NAO,NAO,36,SIM,DSL,SIM,SIM,SIM,MES-A-MES,CARTAO DE CREDITO - DEBITO AUTOMATICO,79.2,2854.95,0
839,4625-LAMOB,MASCULINO,0,NAO,NAO,44,SIM,NAO,SEM SERVICO DE INTERNET,SEM SERVICO DE INTERNET,SEM SERVICO DE INTERNET,DOIS ANOS,CARTAO DE CREDITO - DEBITO AUTOMATICO,20.4,905.55,0
840,0727-BMPLR,FEMININO,1,NAO,NAO,55,SIM,FIBER OPTIC,NAO,NAO,SIM,UM ANO,ENVIO POR E-MAIL,100.0,5509.3,1
841,0392-BZIUW,FEMININO,0,SIM,NAO,72,SIM,FIBER OPTIC,SIM,NAO,SIM,DOIS ANOS,CARTAO DE CREDITO - DEBITO AUTOMATICO,105.0,7589.8,0
842,1038-ZAGBI,FEMININO,0,SIM,SIM,12,SIM,NAO,SEM SERVICO DE INTERNET,SEM SERVICO DE INTERNET,SEM SERVICO DE INTERNET,UM ANO,TRANSFERENCIA BANCARIA - DEBITO AUTOMATICO,19.8,229.6,1
843,6549-NNDYT,FEMININO,0,NAO,NAO,13,SIM,DSL,SIM,NAO,NAO,MES-A-MES,TRANSFERENCIA BANCARIA - DEBITO AUTOMATICO,30.85,394.1,0
844,3027-ZTDHO,MASCULINO,0,NAO,NAO,1,SIM,FIBER OPTIC,NAO,NAO,SIM,MES-A-MES,ENVIO POR E-MAIL,89.9,89.9,1
845,0422-OHQHQ,FEMININO,0,SIM,SIM,15,SIM,NAO,SEM SERVICO DE INTERNET,SEM SERVICO DE INTERNET,SEM SERVICO DE INTERNET,UM ANO,ENVIO POR CORREIO,20.55,295.95,0
846,6916-HIJSE,FEMININO,0,NAO,NAO,65,SIM,DSL,SIM,SIM,SIM,DOIS ANOS,TRANSFERENCIA BANCARIA - DEBITO AUTOMATICO,84.85,5459.2,0
847,2316-ESMLS,FEMININO,0,SIM,SIM,12,SIM,DSL,SIM,SIM,NAO,UM ANO,CARTAO DE CREDITO - DEBITO AUTOMATICO,33.15,444.75,0
848,9778-OGKQZ,MASCULINO,0,SIM,NAO,72,SIM,DSL,SIM,SIM,SIM,DOIS ANOS,CARTAO DE CREDITO - DEBITO AUTOMATICO,92.0,6782.15,0
849,7408-OFWXJ,FEMININO,0,SIM,SIM,72,SIM,DSL,SIM,SIM,SIM,DOIS ANOS,CARTAO DE CREDITO - DEBITO AUTOMATICO,89.8,6510.45,0
850,6007-TCTST,FEMININO,0,SIM,SIM,72,SIM,FIBER OPTIC,SIM,SIM,SIM,DOIS ANOS,TRANSFERENCIA BANCARIA - DEBITO AUTOMATICO,115.8,8476.5,0
851,2252-NKNSI,MASCULINO,0,NAO,SIM,52,SIM,DSL,SIM,SIM,SIM,DOIS ANOS,ENVIO POR CORREIO,85.15,4461.85,0
852,8713-IGZSO,MASCULINO,0,NAO,NAO,2,SIM,NAO,SEM SERVICO DE INTERNET,SEM SERVICO DE INTERNET,SEM SERVICO DE INTERNET,MES-A-MES,ENVIO POR CORREIO,24.85,62.0,0
853,7905-TVXTA,FEMININO,0,NAO,NAO,5,SIM,DSL,SIM,SIM,SIM,MES-A-MES,ENVIO POR E-MAIL,64.35,352.65,0
854,7695-PKLCZ,FEMININO,0,NAO,NAO,68,SIM,NAO,SEM SERVICO DE INTERNET,SEM SERVICO DE INTERNET,SEM SERVICO DE INTERNET,DOIS ANOS,CARTAO DE CREDITO - DEBITO AUTOMATICO,20.5,1424.9,0
855,2382-BCKQJ,FEMININO,0,NAO,SIM,62,SIM,FIBER OPTIC,NAO,NAO,SIM,UM ANO,ENVIO POR E-MAIL,100.15,6413.65,1
856,8374-UULRV,MASCULINO,0,NAO,NAO,72,SIM,DSL,SIM,SIM,SIM,DOIS ANOS,CARTAO DE CREDITO - DEBITO AUTOMATICO,86.05,6309.65,0
857,2207-NHRJK,MASCULINO,0,NAO,NAO,1,SIM,DSL,NAO,NAO,NAO,MES-A-MES,ENVIO POR E-MAIL,50.8,50.8,1
858,3224-DFQNQ,FEMININO,0,SIM,NAO,66,SIM,FIBER OPTIC,SIM,SIM,NAO,UM ANO,ENVIO POR E-MAIL,89.0,5898.6,0
859,5275-PMFUT,MASCULINO,0,SIM,SIM,72,SIM,DSL,SIM,SIM,SIM,DOIS ANOS,CARTAO DE CREDITO - DEBITO AUTOMATICO,64.8,4719.75,0
860,4795-UXVCJ,MASCULINO,0,NAO,NAO,26,SIM,NAO,SEM SERVICO DE INTERNET,SEM SERVICO DE INTERNET,SEM SERVICO DE INTERNET,UM ANO,CARTAO DE CREDITO - DEBITO AUTOMATICO,19.8,457.3,0
861,9777-IQHWP,MASCULINO,0,SIM,SIM,64,SIM,FIBER OPTIC,SIM,NAO,NAO,DOIS ANOS,TRANSFERENCIA BANCARIA - DEBITO AUTOMATICO,93.4,5822.3,0
862,0947-MUGVO,MASCULINO,1,SIM,NAO,20,SIM,FIBER OPTIC,NAO,NAO,NAO,MES-A-MES,ENVIO POR E-MAIL,73.65,1463.5,1
863,9944-HKVVB,FEMININO,0,NAO,NAO,3,SIM,FIBER OPTIC,NAO,NAO,SIM,MES-A-MES,ENVIO POR E-MAIL,95.1,307.4,1
864,4124-MMETB,MASCULINO,0,NAO,NAO,22,SIM,FIBER OPTIC,NAO,NAO,SIM,MES-A-MES,CARTAO DE CREDITO - DEBITO AUTOMATICO,94.65,2104.55,1
865,3671-SHRSP,MASCULINO,0,SIM,NAO,4,SIM,FIBER OPTIC,NAO,SIM,NAO,MES-A-MES,ENVIO POR CORREIO,80.6,319.15,1
866,0979-MOZQI,MASCULINO,0,SIM,NAO,62,SIM,DSL,NAO,SIM,SIM,DOIS ANOS,TRANSFERENCIA BANCARIA - DEBITO AUTOMATICO,39.0,2337.45,0
867,2732-ISEZX,FEMININO,0,NAO,NAO,5,SIM,NAO,SEM SERVICO DE INTERNET,SEM SERVICO DE INTERNET,SEM SERVICO DE INTERNET,MES-A-MES,ENVIO POR CORREIO,20.5,104.3,0
868,3313-QKNKB,MASCULINO,0,SIM,NAO,59,SIM,FIBER OPTIC,NAO,NAO,NAO,UM ANO,ENVIO POR E-MAIL,85.55,5084.65,1
869,0323-XWWTN,MASCULINO,0,NAO,SIM,3,SIM,NAO,SEM SERVICO DE INTERNET,SEM SERVICO DE INTERNET,SEM SERVICO DE INTERNET,DOIS ANOS,ENVIO POR CORREIO,26.4,121.25,0
870,1937-OTUKY,FEMININO,0,SIM,NAO,72,SIM,FIBER OPTIC,SIM,SIM,SIM,DOIS ANOS,TRANSFERENCIA BANCARIA - DEBITO AUTOMATICO,98.2,7015.9,0
871,1573-LGXBA,MASCULINO,0,SIM,SIM,57,SIM,FIBER OPTIC,NAO,NAO,SIM,UM ANO,CARTAO DE CREDITO - DEBITO AUTOMATICO,97.55,5598.0,0
872,1764-VUUMT,MASCULINO,0,NAO,SIM,66,SIM,NAO,SEM SERVICO DE INTERNET,SEM SERVICO DE INTERNET,SEM SERVICO DE INTERNET,DOIS ANOS,CARTAO DE CREDITO - DEBITO AUTOMATICO,19.95,1269.1,0
873,5073-WXOYN,FEMININO,0,NAO,NAO,60,SIM,DSL,NAO,NAO,SIM,MES-A-MES,ENVIO POR E-MAIL,50.8,3027.4,1
874,4713-ZBURT,MASCULINO,0,NAO,SIM,45,SIM,FIBER OPTIC,NAO,NAO,SIM,DOIS ANOS,TRANSFERENCIA BANCARIA - DEBITO AUTOMATICO,99.7,4634.35,0
875,3050-GBUSH,FEMININO,0,NAO,NAO,3,SIM,DSL,NAO,NAO,SIM,MES-A-MES,CARTAO DE CREDITO - DEBITO AUTOMATICO,34.8,113.95,0
876,0207-MDKNV,FEMININO,0,NAO,NAO,15,SIM,FIBER OPTIC,SIM,SIM,SIM,MES-A-MES,ENVIO POR E-MAIL,105.1,1582.75,1
877,7876-AEHIG,FEMININO,0,NAO,SIM,51,SIM,DSL,SIM,SIM,SIM,UM ANO,TRANSFERENCIA BANCARIA - DEBITO AUTOMATICO,60.15,3077.0,0
878,7945-HLKEA,FEMININO,0,NAO,NAO,60,SIM,DSL,SIM,SIM,NAO,UM ANO,ENVIO POR E-MAIL,64.75,4039.5,0
879,9342-VNIMQ,MASCULINO,0,NAO,NAO,33,SIM,DSL,NAO,NAO,NAO,MES-A-MES,TRANSFERENCIA BANCARIA - DEBITO AUTOMATICO,54.65,1665.2,0
880,9851-KIELU,MASCULINO,0,NAO,NAO,10,SIM,FIBER OPTIC,SIM,SIM,SIM,MES-A-MES,ENVIO POR E-MAIL,110.1,1043.3,1
881,3523-BRGUW,MASCULINO,1,NAO,NAO,26,SIM,NAO,SEM SERVICO DE INTERNET,SEM SERVICO DE INTERNET,SEM SERVICO DE INTERNET,UM ANO,CARTAO DE CREDITO - DEBITO AUTOMATICO,19.3,504.2,0
882,3908-BLSYF,FEMININO,0,NAO,NAO,6,SIM,FIBER OPTIC,NAO,NAO,NAO,MES-A-MES,ENVIO POR E-MAIL,83.9,497.55,1
883,3199-NPKCN,FEMININO,0,SIM,NAO,67,SIM,FIBER OPTIC,SIM,SIM,SIM,UM ANO,ENVIO POR E-MAIL,111.25,7511.65,0
884,5170-PTRKA,FEMININO,0,SIM,SIM,49,SIM,DSL,SIM,SIM,NAO,UM ANO,CARTAO DE CREDITO - DEBITO AUTOMATICO,35.8,1782.0,0
885,4661-NJEUX,MASCULINO,0,NAO,NAO,1,SIM,NAO,SEM SERVICO DE INTERNET,SEM SERVICO DE INTERNET,SEM SERVICO DE INTERNET,MES-A-MES,ENVIO POR CORREIO,20.05,20.05,0
886,2123-AGEEN,FEMININO,1,NAO,NAO,7,SIM,FIBER OPTIC,NAO,NAO,SIM,MES-A-MES,ENVIO POR E-MAIL,84.35,609.65,0
887,1258-YMZNM,FEMININO,1,NAO,NAO,27,SIM,FIBER OPTIC,SIM,NAO,SIM,UM ANO,TRANSFERENCIA BANCARIA - DEBITO AUTOMATICO,110.5,2857.6,0
888,0048-LUMLS,MASCULINO,0,SIM,SIM,37,SIM,FIBER OPTIC,NAO,NAO,SIM,UM ANO,CARTAO DE CREDITO - DEBITO AUTOMATICO,91.2,3247.55,0
889,7549-MYGPK,FEMININO,0,SIM,SIM,63,SIM,FIBER OPTIC,SIM,NAO,SIM,MES-A-MES,ENVIO POR E-MAIL,100.55,6215.35,1
890,5898-IGSLP,MASCULINO,0,SIM,SIM,31,SIM,FIBER OPTIC,SIM,SIM,NAO,MES-A-MES,ENVIO POR E-MAIL,89.3,2823.0,0
891,3804-RVTGV,MASCULINO,0,SIM,SIM,50,SIM,FIBER OPTIC,NAO,NAO,SIM,MES-A-MES,TRANSFERENCIA BANCARIA - DEBITO AUTOMATICO,103.85,5017.9,1
892,6259-WJQLC,MASCULINO,1,NAO,NAO,32,SIM,FIBER OPTIC,NAO,NAO,NAO,MES-A-MES,CARTAO DE CREDITO - DEBITO AUTOMATICO,81.1,2619.25,0
893,9227-LUNBG,FEMININO,0,NAO,NAO,1,SIM,DSL,NAO,NAO,NAO,MES-A-MES,ENVIO POR E-MAIL,24.6,24.6,1
894,7997-EASSD,FEMININO,0,SIM,NAO,63,SIM,FIBER OPTIC,NAO,SIM,NAO,UM ANO,CARTAO DE CREDITO - DEBITO AUTOMATICO,81.2,4965.1,0
895,0730-KOAVE,MASCULINO,0,NAO,NAO,30,SIM,FIBER OPTIC,SIM,NAO,NAO,MES-A-MES,CARTAO DE CREDITO - DEBITO AUTOMATICO,94.3,2679.7,0
896,8975-SKGRX,MASCULINO,0,SIM,NAO,71,SIM,FIBER OPTIC,SIM,SIM,SIM,DOIS ANOS,TRANSFERENCIA BANCARIA - DEBITO AUTOMATICO,116.1,8310.55,0
897,0678-RLHVP,FEMININO,0,NAO,NAO,53,SIM,FIBER OPTIC,NAO,NAO,SIM,DOIS ANOS,ENVIO POR E-MAIL,105.55,5682.25,0
898,4315-MURBD,FEMININO,0,NAO,NAO,12,SIM,FIBER OPTIC,SIM,SIM,SIM,MES-A-MES,TRANSFERENCIA BANCARIA - DEBITO AUTOMATICO,98.9,1120.95,1
899,2267-FPIMA,MASCULINO,0,SIM,NAO,50,SIM,FIBER OPTIC,SIM,NAO,NAO,MES-A-MES,CARTAO DE CREDITO - DEBITO AUTOMATICO,94.4,4914.9,0
900,1051-GEJLJ,FEMININO,0,NAO,NAO,2,SIM,NAO,SEM SERVICO DE INTERNET,SEM SERVICO DE INTERNET,SEM SERVICO DE INTERNET,MES-A-MES,ENVIO POR CORREIO,19.5,27.55,0
901,9734-YWGEX,FEMININO,0,NAO,NAO,9,SIM,FIBER OPTIC,NAO,NAO,SIM,MES-A-MES,CARTAO DE CREDITO - DEBITO AUTOMATICO,98.3,923.5,1
902,2719-BDAQO,MASCULINO,0,NAO,NAO,17,SIM,FIBER OPTIC,SIM,NAO,SIM,MES-A-MES,ENVIO POR E-MAIL,93.85,1625.65,1
903,5285-MVEHD,FEMININO,0,SIM,NAO,56,SIM,FIBER OPTIC,SIM,NAO,SIM,UM ANO,CARTAO DE CREDITO - DEBITO AUTOMATICO,105.6,6068.65,0
904,0379-DJQHR,MASCULINO,0,SIM,SIM,67,SIM,DSL,SIM,NAO,SIM,DOIS ANOS,CARTAO DE CREDITO - DEBITO AUTOMATICO,81.35,5398.6,0
905,0781-LKXBR,MASCULINO,1,NAO,NAO,9,SIM,FIBER OPTIC,NAO,NAO,SIM,MES-A-MES,ENVIO POR E-MAIL,100.5,918.6,1
906,5543-QDCRY,MASCULINO,0,NAO,NAO,4,SIM,DSL,NAO,NAO,SIM,MES-A-MES,ENVIO POR E-MAIL,56.4,234.85,0
907,0297-RBCSG,MASCULINO,0,NAO,NAO,19,SIM,DSL,NAO,SIM,NAO,UM ANO,TRANSFERENCIA BANCARIA - DEBITO AUTOMATICO,65.35,1231.85,0
908,4694-PHWFW,FEMININO,0,NAO,SIM,8,SIM,NAO,SEM SERVICO DE INTERNET,SEM SERVICO DE INTERNET,SEM SERVICO DE INTERNET,MES-A-MES,ENVIO POR CORREIO,19.95,170.9,0
909,0835-JKADZ,FEMININO,0,NAO,NAO,71,SIM,FIBER OPTIC,NAO,SIM,SIM,DOIS ANOS,ENVIO POR E-MAIL,111.25,7984.15,0
910,1907-UBQFC,MASCULINO,1,NAO,NAO,10,SIM,FIBER OPTIC,NAO,NAO,NAO,MES-A-MES,ENVIO POR E-MAIL,72.85,688.65,1
911,7508-SMHXL,FEMININO,1,NAO,NAO,15,SIM,FIBER OPTIC,NAO,NAO,SIM,MES-A-MES,CARTAO DE CREDITO - DEBITO AUTOMATICO,89.0,1288.3,0
912,3865-YIOTT,MASCULINO,0,SIM,SIM,72,SIM,FIBER OPTIC,SIM,NAO,SIM,UM ANO,TRANSFERENCIA BANCARIA - DEBITO AUTOMATICO,106.1,7848.5,0
913,5993-BQHEA,MASCULINO,0,NAO,NAO,12,SIM,NAO,SEM SERVICO DE INTERNET,SEM SERVICO DE INTERNET,SEM SERVICO DE INTERNET,UM ANO,CARTAO DE CREDITO - DEBITO AUTOMATICO,20.05,267.0,0
914,6024-RUGGH,MASCULINO,0,SIM,SIM,72,SIM,NAO,SEM SERVICO DE INTERNET,SEM SERVICO DE INTERNET,SEM SERVICO DE INTERNET,DOIS ANOS,TRANSFERENCIA BANCARIA - DEBITO AUTOMATICO,25.2,1798.9,0
915,6513-EECDB,MASCULINO,1,SIM,NAO,1,SIM,FIBER OPTIC,NAO,NAO,NAO,MES-A-MES,ENVIO POR E-MAIL,73.55,73.55,1
916,3956-CJUST,FEMININO,1,NAO,NAO,23,SIM,FIBER OPTIC,SIM,NAO,NAO,MES-A-MES,TRANSFERENCIA BANCARIA - DEBITO AUTOMATICO,75.4,1643.55,0
917,4079-WWQQQ,MASCULINO,0,NAO,NAO,72,SIM,DSL,SIM,SIM,SIM,DOIS ANOS,TRANSFERENCIA BANCARIA - DEBITO AUTOMATICO,65.55,4807.45,0
918,6103-BOCOU,FEMININO,0,NAO,NAO,26,SIM,FIBER OPTIC,NAO,NAO,NAO,MES-A-MES,ENVIO POR E-MAIL,80.7,2193.0,0
919,5149-TGWDZ,FEMININO,0,NAO,NAO,21,SIM,FIBER OPTIC,NAO,SIM,SIM,UM ANO,ENVIO POR CORREIO,104.55,2239.4,0
920,7471-WNSUF,MASCULINO,0,SIM,NAO,60,SIM,NAO,SEM SERVICO DE INTERNET,SEM SERVICO DE INTERNET,SEM SERVICO DE INTERNET,UM ANO,TRANSFERENCIA BANCARIA - DEBITO AUTOMATICO,24.15,1505.9,0
921,8942-DBMHZ,MASCULINO,0,NAO,NAO,12,SIM,NAO,SEM SERVICO DE INTERNET,SEM SERVICO DE INTERNET,SEM SERVICO DE INTERNET,MES-A-MES,ENVIO POR CORREIO,20.45,255.35,0
922,4301-VVZKA,MASCULINO,0,SIM,NAO,16,SIM,FIBER OPTIC,NAO,NAO,NAO,MES-A-MES,ENVIO POR E-MAIL,75.4,1189.4,0
923,9199-PWQVC,FEMININO,0,SIM,NAO,63,SIM,DSL,SIM,NAO,SIM,UM ANO,CARTAO DE CREDITO - DEBITO AUTOMATICO,79.7,4786.15,0
924,4824-GUCBY,FEMININO,1,NAO,NAO,22,SIM,FIBER OPTIC,SIM,NAO,NAO,MES-A-MES,ENVIO POR E-MAIL,81.7,1820.9,0
925,5393-HJZSM,FEMININO,0,SIM,SIM,32,SIM,DSL,SIM,SIM,NAO,MES-A-MES,TRANSFERENCIA BANCARIA - DEBITO AUTOMATICO,76.3,2404.15,0
926,7074-IEVOJ,FEMININO,1,NAO,NAO,3,SIM,FIBER OPTIC,NAO,NAO,NAO,MES-A-MES,ENVIO POR E-MAIL,79.4,205.05,1
927,9625-QSTYE,FEMININO,0,NAO,NAO,13,SIM,FIBER OPTIC,NAO,NAO,NAO,MES-A-MES,ENVIO POR E-MAIL,81.15,952.3,1
928,0862-PRCBS,FEMININO,0,SIM,SIM,68,SIM,FIBER OPTIC,NAO,SIM,SIM,DOIS ANOS,CARTAO DE CREDITO - DEBITO AUTOMATICO,103.75,7039.45,0
929,8812-ZRHFP,FEMININO,0,SIM,SIM,30,SIM,FIBER OPTIC,NAO,NAO,NAO,UM ANO,ENVIO POR E-MAIL,86.45,2538.05,0
930,5146-CBVOE,FEMININO,0,NAO,NAO,16,SIM,FIBER OPTIC,NAO,NAO,NAO,MES-A-MES,TRANSFERENCIA BANCARIA - DEBITO AUTOMATICO,75.1,1212.85,0
931,0454-OKRCT,MASCULINO,0,NAO,NAO,33,SIM,FIBER OPTIC,NAO,SIM,NAO,DOIS ANOS,TRANSFERENCIA BANCARIA - DEBITO AUTOMATICO,80.6,2651.1,0
932,5787-KXGIY,MASCULINO,0,SIM,NAO,72,SIM,NAO,SEM SERVICO DE INTERNET,SEM SERVICO DE INTERNET,SEM SERVICO DE INTERNET,DOIS ANOS,CARTAO DE CREDITO - DEBITO AUTOMATICO,19.3,1304.8,0
933,4750-ZRXIU,FEMININO,1,NAO,NAO,4,SIM,FIBER OPTIC,NAO,NAO,NAO,MES-A-MES,ENVIO POR E-MAIL,84.6,360.1,1
934,4198-VFOEA,FEMININO,0,NAO,NAO,12,SIM,DSL,SIM,SIM,NAO,UM ANO,ENVIO POR CORREIO,33.6,435.45,0
935,6630-UJZMY,FEMININO,1,SIM,NAO,4,SIM,FIBER OPTIC,NAO,NAO,SIM,MES-A-MES,ENVIO POR E-MAIL,83.25,308.05,0
936,5709-LVOEQ,FEMININO,0,SIM,SIM,0,SIM,DSL,SIM,NAO,SIM,DOIS ANOS,ENVIO POR CORREIO,80.85,80.85,0
937,6400-BWQKW,FEMININO,0,NAO,NAO,6,SIM,FIBER OPTIC,SIM,NAO,NAO,MES-A-MES,ENVIO POR E-MAIL,79.05,434.5,1
938,2692-AQCPF,FEMININO,0,SIM,NAO,65,SIM,FIBER OPTIC,NAO,SIM,SIM,UM ANO,CARTAO DE CREDITO - DEBITO AUTOMATICO,108.05,7118.9,0
939,0347-UBKUZ,FEMININO,0,NAO,NAO,15,SIM,NAO,SEM SERVICO DE INTERNET,SEM SERVICO DE INTERNET,SEM SERVICO DE INTERNET,MES-A-MES,ENVIO POR CORREIO,19.9,320.45,0
940,0835-DUUIQ,FEMININO,0,NAO,SIM,24,SIM,NAO,SEM SERVICO DE INTERNET,SEM SERVICO DE INTERNET,SEM SERVICO DE INTERNET,UM ANO,TRANSFERENCIA BANCARIA - DEBITO AUTOMATICO,21.05,531.55,0
941,0811-GSDTP,FEMININO,0,NAO,SIM,13,SIM,DSL,NAO,NAO,NAO,MES-A-MES,ENVIO POR E-MAIL,30.15,382.2,0
942,7567-ECMCM,MASCULINO,0,NAO,NAO,24,SIM,FIBER OPTIC,NAO,NAO,NAO,MES-A-MES,CARTAO DE CREDITO - DEBITO AUTOMATICO,79.85,2001.0,0
943,6115-ZTBFQ,FEMININO,0,SIM,NAO,72,SIM,DSL,SIM,SIM,SIM,DOIS ANOS,TRANSFERENCIA BANCARIA - DEBITO AUTOMATICO,65.5,4919.7,0
944,6353-BRMMA,FEMININO,0,SIM,SIM,54,SIM,FIBER OPTIC,SIM,NAO,SIM,MES-A-MES,TRANSFERENCIA BANCARIA - DEBITO AUTOMATICO,104.1,5645.8,0
945,6680-WKXRZ,FEMININO,0,NAO,NAO,3,SIM,FIBER OPTIC,NAO,NAO,NAO,MES-A-MES,TRANSFERENCIA BANCARIA - DEBITO AUTOMATICO,74.4,215.8,1
946,6231-WFGFH,MASCULINO,0,SIM,SIM,4,SIM,NAO,SEM SERVICO DE INTERNET,SEM SERVICO DE INTERNET,SEM SERVICO DE INTERNET,MES-A-MES,ENVIO POR CORREIO,20.5,77.6,0
947,9904-EHEVJ,FEMININO,1,SIM,SIM,32,SIM,FIBER OPTIC,NAO,NAO,SIM,MES-A-MES,ENVIO POR CORREIO,91.35,2896.55,0
948,7028-DVOIQ,MASCULINO,1,NAO,NAO,35,SIM,FIBER OPTIC,NAO,NAO,SIM,MES-A-MES,ENVIO POR E-MAIL,99.05,3395.8,1
949,6169-PPETC,MASCULINO,0,SIM,SIM,35,SIM,NAO,SEM SERVICO DE INTERNET,SEM SERVICO DE INTERNET,SEM SERVICO DE INTERNET,DOIS ANOS,TRANSFERENCIA BANCARIA - DEBITO AUTOMATICO,20.5,759.35,0
950,4208-UFFGW,MASCULINO,1,NAO,NAO,2,SIM,DSL,NAO,NAO,NAO,MES-A-MES,ENVIO POR CORREIO,44.95,85.15,1
951,8584-KMVXD,FEMININO,0,NAO,NAO,8,SIM,FIBER OPTIC,NAO,NAO,NAO,MES-A-MES,ENVIO POR E-MAIL,75.6,535.55,0
952,8467-WYNSR,MASCULINO,0,NAO,NAO,22,SIM,DSL,SIM,SIM,NAO,MES-A-MES,ENVIO POR CORREIO,55.1,1253.15,0
953,0851-DFJKB,FEMININO,0,NAO,NAO,15,SIM,DSL,SIM,SIM,NAO,MES-A-MES,ENVIO POR E-MAIL,58.95,955.15,0
954,5382-SOYZL,MASCULINO,0,NAO,NAO,22,SIM,FIBER OPTIC,NAO,NAO,SIM,MES-A-MES,ENVIO POR E-MAIL,95.1,2162.6,0
955,9448-REEVD,MASCULINO,0,SIM,NAO,1,SIM,DSL,NAO,NAO,NAO,MES-A-MES,CARTAO DE CREDITO - DEBITO AUTOMATICO,44.7,44.7,1
956,3261-CQXOL,FEMININO,0,SIM,SIM,71,SIM,NAO,SEM SERVICO DE INTERNET,SEM SERVICO DE INTERNET,SEM SERVICO DE INTERNET,DOIS ANOS,TRANSFERENCIA BANCARIA - DEBITO AUTOMATICO,25.45,1813.35,0
957,8388-FYNPZ,MASCULINO,0,NAO,NAO,4,SIM,DSL,SIM,NAO,NAO,MES-A-MES,ENVIO POR E-MAIL,56.75,245.15,0
958,4002-BQWPQ,MASCULINO,0,NAO,NAO,25,SIM,DSL,SIM,SIM,NAO,MES-A-MES,TRANSFERENCIA BANCARIA - DEBITO AUTOMATICO,81.75,2028.8,0
959,5651-YLPRD,FEMININO,0,SIM,SIM,32,SIM,FIBER OPTIC,NAO,NAO,SIM,MES-A-MES,ENVIO POR E-MAIL,86.1,2723.75,0
960,2826-DXLQO,MASCULINO,1,SIM,NAO,7,SIM,DSL,SIM,NAO,NAO,MES-A-MES,TRANSFERENCIA BANCARIA - DEBITO AUTOMATICO,29.8,220.45,0
961,4378-BZYFP,MASCULINO,0,NAO,NAO,17,SIM,NAO,SEM SERVICO DE INTERNET,SEM SERVICO DE INTERNET,SEM SERVICO DE INTERNET,UM ANO,ENVIO POR CORREIO,20.5,365.8,0
962,9489-UTFKA,MASCULINO,1,SIM,NAO,8,SIM,DSL,SIM,NAO,SIM,MES-A-MES,TRANSFERENCIA BANCARIA - DEBITO AUTOMATICO,60.9,551.95,0
963,4849-PYRLQ,FEMININO,1,NAO,NAO,56,SIM,DSL,SIM,SIM,NAO,DOIS ANOS,TRANSFERENCIA BANCARIA - DEBITO AUTOMATICO,73.25,4054.2,0
964,9117-SHLZX,MASCULINO,0,NAO,NAO,1,SIM,DSL,NAO,NAO,NAO,MES-A-MES,ENVIO POR CORREIO,45.7,45.7,1
965,9889-TMAHG,MASCULINO,1,NAO,NAO,8,SIM,FIBER OPTIC,SIM,SIM,SIM,MES-A-MES,CARTAO DE CREDITO - DEBITO AUTOMATICO,100.3,832.35,1
966,4541-RMRLG,MASCULINO,0,NAO,NAO,7,SIM,NAO,SEM SERVICO DE INTERNET,SEM SERVICO DE INTERNET,SEM SERVICO DE INTERNET,MES-A-MES,ENVIO POR E-MAIL,19.25,112.3,1
967,7764-BDPEE,MASCULINO,0,NAO,SIM,3,SIM,NAO,SEM SERVICO DE INTERNET,SEM SERVICO DE INTERNET,SEM SERVICO DE INTERNET,MES-A-MES,ENVIO POR CORREIO,20.85,60.65,0
968,3429-IFLEM,FEMININO,0,NAO,NAO,71,SIM,DSL,SIM,SIM,SIM,DOIS ANOS,CARTAO DE CREDITO - DEBITO AUTOMATICO,77.35,5550.1,0
969,3158-MOERK,FEMININO,0,NAO,NAO,2,SIM,FIBER OPTIC,NAO,NAO,SIM,MES-A-MES,ENVIO POR E-MAIL,96.0,174.8,1
970,7294-TMAOP,FEMININO,0,NAO,NAO,1,SIM,FIBER OPTIC,NAO,NAO,SIM,MES-A-MES,ENVIO POR E-MAIL,90.55,90.55,1
971,5002-GCQFH,MASCULINO,0,SIM,NAO,49,SIM,FIBER OPTIC,SIM,NAO,SIM,MES-A-MES,TRANSFERENCIA BANCARIA - DEBITO AUTOMATICO,93.85,4733.1,0
972,0556-FJEGU,MASCULINO,0,NAO,NAO,58,SIM,DSL,NAO,SIM,SIM,DOIS ANOS,TRANSFERENCIA BANCARIA - DEBITO AUTOMATICO,70.1,4048.95,0
973,8919-FYFQZ,MASCULINO,1,SIM,NAO,44,SIM,DSL,NAO,NAO,NAO,MES-A-MES,ENVIO POR E-MAIL,30.35,1359.7,1
974,0604-THJFP,FEMININO,0,SIM,SIM,59,SIM,DSL,NAO,SIM,SIM,DOIS ANOS,CARTAO DE CREDITO - DEBITO AUTOMATICO,75.95,4542.35,0
975,2834-JRTUA,MASCULINO,0,NAO,NAO,71,SIM,FIBER OPTIC,SIM,SIM,SIM,DOIS ANOS,ENVIO POR E-MAIL,108.05,7532.15,1
976,5875-YPQFJ,MASCULINO,0,NAO,NAO,1,SIM,FIBER OPTIC,NAO,NAO,NAO,MES-A-MES,ENVIO POR E-MAIL,69.9,69.9,1
977,5879-SESNB,FEMININO,0,NAO,NAO,11,SIM,FIBER OPTIC,NAO,NAO,NAO,MES-A-MES,ENVIO POR E-MAIL,75.25,888.65,0
978,6646-QVXLR,MASCULINO,1,SIM,NAO,62,SIM,FIBER OPTIC,NAO,NAO,SIM,UM ANO,ENVIO POR E-MAIL,103.75,6383.35,1
979,6461-PPAXN,FEMININO,0,SIM,SIM,35,SIM,DSL,SIM,SIM,NAO,UM ANO,TRANSFERENCIA BANCARIA - DEBITO AUTOMATICO,54.95,1916.0,0
980,3318-ISQFQ,FEMININO,0,NAO,NAO,20,SIM,NAO,SEM SERVICO DE INTERNET,SEM SERVICO DE INTERNET,SEM SERVICO DE INTERNET,MES-A-MES,TRANSFERENCIA BANCARIA - DEBITO AUTOMATICO,19.5,413.0,0
981,1106-HRLKZ,MASCULINO,0,SIM,SIM,40,SIM,NAO,SEM SERVICO DE INTERNET,SEM SERVICO DE INTERNET,SEM SERVICO DE INTERNET,DOIS ANOS,ENVIO POR CORREIO,19.6,808.95,0
982,2483-XSSMZ,FEMININO,0,NAO,NAO,39,SIM,DSL,SIM,NAO,NAO,UM ANO,ENVIO POR E-MAIL,47.85,1886.4,0
983,8603-IJWDN,MASCULINO,0,NAO,NAO,1,SIM,FIBER OPTIC,NAO,NAO,NAO,MES-A-MES,ENVIO POR E-MAIL,86.6,86.6,1
984,8165-ZJRNM,FEMININO,0,SIM,SIM,72,SIM,NAO,SEM SERVICO DE INTERNET,SEM SERVICO DE INTERNET,SEM SERVICO DE INTERNET,DOIS ANOS,TRANSFERENCIA BANCARIA - DEBITO AUTOMATICO,23.75,1679.25,0
985,9369-XFEHK,FEMININO,1,SIM,NAO,33,SIM,FIBER OPTIC,NAO,NAO,NAO,MES-A-MES,TRANSFERENCIA BANCARIA - DEBITO AUTOMATICO,80.6,2656.5,1
986,2604-XVDAM,FEMININO,0,NAO,NAO,12,SIM,DSL,NAO,NAO,NAO,MES-A-MES,TRANSFERENCIA BANCARIA - DEBITO AUTOMATICO,43.8,540.95,0
987,3717-OFRTN,MASCULINO,0,NAO,NAO,1,SIM,NAO,SEM SERVICO DE INTERNET,SEM SERVICO DE INTERNET,SEM SERVICO DE INTERNET,MES-A-MES,TRANSFERENCIA BANCARIA - DEBITO AUTOMATICO,19.75,19.75,0
988,9046-JBFWA,MASCULINO,0,NAO,SIM,27,SIM,NAO,SEM SERVICO DE INTERNET,SEM SERVICO DE INTERNET,SEM SERVICO DE INTERNET,MES-A-MES,ENVIO POR CORREIO,19.15,537.35,0
989,3280-NMUVX,MASCULINO,0,SIM,SIM,34,SIM,NAO,SEM SERVICO DE INTERNET,SEM SERVICO DE INTERNET,SEM SERVICO DE INTERNET,UM ANO,CARTAO DE CREDITO - DEBITO AUTOMATICO,19.6,678.8,0
990,1206-EHBDD,FEMININO,0,SIM,NAO,56,SIM,FIBER OPTIC,SIM,NAO,NAO,DOIS ANOS,TRANSFERENCIA BANCARIA - DEBITO AUTOMATICO,80.3,4513.65,0
991,8361-LBRDI,FEMININO,0,NAO,NAO,58,SIM,NAO,SEM SERVICO DE INTERNET,SEM SERVICO DE INTERNET,SEM SERVICO DE INTERNET,DOIS ANOS,CARTAO DE CREDITO - DEBITO AUTOMATICO,24.35,1423.85,0
992,4883-KCPZJ,FEMININO,0,SIM,SIM,22,SIM,NAO,SEM SERVICO DE INTERNET,SEM SERVICO DE INTERNET,SEM SERVICO DE INTERNET,DOIS ANOS,CARTAO DE CREDITO - DEBITO AUTOMATICO,25.25,555.4,0
993,9108-EQPNQ,FEMININO,0,SIM,SIM,10,SIM,NAO,SEM SERVICO DE INTERNET,SEM SERVICO DE INTERNET,SEM SERVICO DE INTERNET,DOIS ANOS,CARTAO DE CREDITO - DEBITO AUTOMATICO,26.1,225.55,0
994,7277-KAMWT,MASCULINO,0,NAO,NAO,13,SIM,NAO,SEM SERVICO DE INTERNET,SEM SERVICO DE INTERNET,SEM SERVICO DE INTERNET,DOIS ANOS,CARTAO DE CREDITO - DEBITO AUTOMATICO,20.0,268.45,0
995,3842-IYKUE,FEMININO,0,NAO,NAO,35,SIM,FIBER OPTIC,NAO,SIM,NAO,MES-A-MES,CARTAO DE CREDITO - DEBITO AUTOMATICO,85.3,2917.5,1
996,6641-XRPSU,FEMININO,0,NAO,NAO,34,SIM,FIBER OPTIC,NAO,NAO,NAO,MES-A-MES,CARTAO DE CREDITO - DEBITO AUTOMATICO,70.0,2416.1,1
997,1374-DMZUI,FEMININO,1,NAO,NAO,4,SIM,FIBER OPTIC,NAO,NAO,SIM,MES-A-MES,ENVIO POR E-MAIL,94.3,424.45,1
998,2545-LXYVJ,MASCULINO,0,SIM,NAO,72,SIM,NAO,SEM SERVICO DE INTERNET,SEM SERVICO DE INTERNET,SEM SERVICO DE INTERNET,DOIS ANOS,TRANSFERENCIA BANCARIA - DEBITO AUTOMATICO,20.7,1492.1,0
999,3234-VKACU,MASCULINO,0,NAO,NAO,2,SIM,DSL,NAO,SIM,SIM,MES-A-MES,ENVIO POR E-MAIL,70.3,132.4,0
1000,8357-EQXFO,FEMININO,0,NAO,NAO,7,SIM,FIBER OPTIC,NAO,NAO,SIM,MES-A-MES,ENVIO POR E-MAIL,95.35,660.9,1
1001,1989-PRJHP,MASCULINO,1,SIM,NAO,27,SIM,FIBER OPTIC,NAO,NAO,NAO,MES-A-MES,ENVIO POR E-MAIL,75.5,1893.95,1
1002,8120-JDCAM,MASCULINO,0,SIM,SIM,4,SIM,FIBER OPTIC,NAO,NAO,NAO,MES-A-MES,ENVIO POR CORREIO,69.55,284.9,0
1003,8917-FAEMR,FEMININO,0,NAO,NAO,37,SIM,NAO,SEM SERVICO DE INTERNET,SEM SERVICO DE INTERNET,SEM SERVICO DE INTERNET,DOIS ANOS,ENVIO POR CORREIO,19.85,784.25,0
1004,7047-YXDMZ,MASCULINO,0,NAO,NAO,21,SIM,NAO,SEM SERVICO DE INTERNET,SEM SERVICO DE INTERNET,SEM SERVICO DE INTERNET,MES-A-MES,ENVIO POR CORREIO,20.0,417.7,0
1005,2858-EIMXH,FEMININO,1,SIM,NAO,53,SIM,FIBER OPTIC,NAO,NAO,SIM,UM ANO,CARTAO DE CREDITO - DEBITO AUTOMATICO,95.85,5016.25,0
1006,9524-EGPJC,FEMININO,0,NAO,NAO,18,SIM,FIBER OPTIC,NAO,SIM,NAO,MES-A-MES,ENVIO POR E-MAIL,90.1,1612.75,1
1007,6993-OHLXR,FEMININO,0,NAO,NAO,2,SIM,FIBER OPTIC,NAO,NAO,NAO,MES-A-MES,ENVIO POR E-MAIL,68.95,119.75,1
1008,8818-XYFCQ,MASCULINO,0,SIM,SIM,32,SIM,FIBER OPTIC,SIM,NAO,SIM,MES-A-MES,CARTAO DE CREDITO - DEBITO AUTOMATICO,99.55,3204.65,1
1009,6419-ZTTLE,MASCULINO,1,SIM,NAO,23,SIM,NAO,SEM SERVICO DE INTERNET,SEM SERVICO DE INTERNET,SEM SERVICO DE INTERNET,UM ANO,ENVIO POR E-MAIL,20.75,485.2,0
1010,0929-HYQEW,MASCULINO,0,NAO,NAO,3,SIM,DSL,SIM,NAO,NAO,MES-A-MES,ENVIO POR CORREIO,50.15,160.85,0
1011,6614-YOLAC,FEMININO,0,SIM,SIM,71,SIM,DSL,SIM,SIM,SIM,DOIS ANOS,ENVIO POR CORREIO,58.65,4145.25,0
1012,7426-RHZGU,MASCULINO,0,NAO,NAO,9,SIM,FIBER OPTIC,NAO,SIM,SIM,MES-A-MES,TRANSFERENCIA BANCARIA - DEBITO AUTOMATICO,95.9,827.45,0
1013,4065-JJAVA,FEMININO,0,NAO,NAO,1,SIM,DSL,NAO,NAO,NAO,MES-A-MES,ENVIO POR E-MAIL,49.5,49.5,0
1014,4695-VADHF,MASCULINO,0,SIM,SIM,18,SIM,DSL,NAO,NAO,NAO,MES-A-MES,ENVIO POR E-MAIL,57.45,990.85,1
1015,3863-IUBJR,MASCULINO,0,SIM,SIM,12,SIM,DSL,NAO,NAO,NAO,UM ANO,CARTAO DE CREDITO - DEBITO AUTOMATICO,53.65,696.35,1
1016,7649-SIJJF,MASCULINO,0,SIM,NAO,71,SIM,DSL,SIM,SIM,NAO,DOIS ANOS,ENVIO POR CORREIO,80.1,5585.4,0
1017,9361-YNQWJ,FEMININO,0,NAO,NAO,64,SIM,NAO,SEM SERVICO DE INTERNET,SEM SERVICO DE INTERNET,SEM SERVICO DE INTERNET,UM ANO,TRANSFERENCIA BANCARIA - DEBITO AUTOMATICO,24.4,1601.2,0
1018,3748-FVMZZ,MASCULINO,0,NAO,NAO,4,SIM,DSL,NAO,SIM,NAO,MES-A-MES,ENVIO POR E-MAIL,40.05,162.45,0
1019,9391-TTOYH,FEMININO,0,NAO,NAO,23,SIM,NAO,SEM SERVICO DE INTERNET,SEM SERVICO DE INTERNET,SEM SERVICO DE INTERNET,MES-A-MES,ENVIO POR CORREIO,19.5,470.2,0
1020,1452-XRSJV,FEMININO,0,SIM,SIM,39,SIM,DSL,SIM,NAO,NAO,MES-A-MES,CARTAO DE CREDITO - DEBITO AUTOMATICO,51.05,2066.0,0
1021,3422-WJOYD,MASCULINO,0,SIM,NAO,28,SIM,DSL,SIM,SIM,NAO,UM ANO,ENVIO POR CORREIO,54.35,1426.45,0
1022,8242-SOQUO,FEMININO,1,NAO,NAO,5,SIM,FIBER OPTIC,NAO,NAO,SIM,MES-A-MES,ENVIO POR E-MAIL,84.7,392.5,0
1023,7460-ITWWP,FEMININO,1,SIM,NAO,45,SIM,FIBER OPTIC,NAO,NAO,NAO,MES-A-MES,ENVIO POR E-MAIL,86.1,3861.45,0
1024,7147-AYBAA,MASCULINO,0,NAO,NAO,37,SIM,FIBER OPTIC,NAO,NAO,NAO,MES-A-MES,ENVIO POR CORREIO,70.35,2552.9,0
1025,7868-TMWMZ,FEMININO,1,SIM,NAO,60,SIM,FIBER OPTIC,SIM,SIM,SIM,DOIS ANOS,TRANSFERENCIA BANCARIA - DEBITO AUTOMATICO,110.0,6668.35,0
1026,4822-RVYBB,MASCULINO,1,NAO,NAO,8,SIM,FIBER OPTIC,NAO,NAO,SIM,MES-A-MES,ENVIO POR E-MAIL,100.6,819.4,1
1027,6732-FZUGP,FEMININO,0,NAO,NAO,47,SIM,FIBER OPTIC,SIM,NAO,SIM,UM ANO,CARTAO DE CREDITO - DEBITO AUTOMATICO,94.9,4615.25,0
1028,8436-BJUMM,MASCULINO,0,SIM,SIM,26,SIM,FIBER OPTIC,NAO,NAO,SIM,MES-A-MES,ENVIO POR E-MAIL,83.75,2070.6,1
1029,4184-TJFAN,FEMININO,1,SIM,SIM,3,SIM,FIBER OPTIC,SIM,SIM,SIM,MES-A-MES,ENVIO POR CORREIO,88.3,273.75,1
1030,8329-GWVPJ,FEMININO,0,SIM,SIM,50,SIM,FIBER OPTIC,NAO,NAO,NAO,MES-A-MES,TRANSFERENCIA BANCARIA - DEBITO AUTOMATICO,69.75,3557.7,0
1031,1352-VHKAJ,MASCULINO,0,SIM,SIM,27,SIM,DSL,NAO,SIM,SIM,MES-A-MES,TRANSFERENCIA BANCARIA - DEBITO AUTOMATICO,71.6,1957.1,0
1032,4145-UQXUQ,FEMININO,1,NAO,NAO,8,SIM,FIBER OPTIC,NAO,NAO,SIM,MES-A-MES,ENVIO POR E-MAIL,92.1,729.95,1
1033,2632-TACXW,FEMININO,0,SIM,NAO,62,SIM,NAO,SEM SERVICO DE INTERNET,SEM SERVICO DE INTERNET,SEM SERVICO DE INTERNET,DOIS ANOS,TRANSFERENCIA BANCARIA - DEBITO AUTOMATICO,23.65,1416.75,0
1034,8146-QQKZH,FEMININO,0,SIM,NAO,71,SIM,DSL,SIM,SIM,SIM,DOIS ANOS,TRANSFERENCIA BANCARIA - DEBITO AUTOMATICO,81.85,5924.4,0
1035,1767-CJKBA,MASCULINO,0,NAO,NAO,66,SIM,NAO,SEM SERVICO DE INTERNET,SEM SERVICO DE INTERNET,SEM SERVICO DE INTERNET,DOIS ANOS,ENVIO POR CORREIO,25.1,1697.7,0
1036,6445-TNRXS,MASCULINO,0,SIM,SIM,68,SIM,FIBER OPTIC,SIM,SIM,SIM,DOIS ANOS,TRANSFERENCIA BANCARIA - DEBITO AUTOMATICO,114.7,7849.85,0
1037,4581-LNWUM,FEMININO,0,NAO,NAO,13,SIM,DSL,NAO,NAO,SIM,MES-A-MES,ENVIO POR E-MAIL,49.15,649.4,0
1038,4869-EPIUS,MASCULINO,0,SIM,NAO,56,SIM,FIBER OPTIC,NAO,NAO,NAO,UM ANO,ENVIO POR E-MAIL,80.9,4557.5,0
1039,9948-YPTDG,MASCULINO,0,SIM,NAO,38,SIM,FIBER OPTIC,SIM,NAO,NAO,MES-A-MES,ENVIO POR E-MAIL,79.45,3013.05,1
1040,1236-WFCDV,MASCULINO,1,NAO,NAO,14,SIM,FIBER OPTIC,NAO,NAO,SIM,MES-A-MES,CARTAO DE CREDITO - DEBITO AUTOMATICO,90.45,1266.1,1
1041,1915-OAKWD,FEMININO,0,NAO,SIM,16,SIM,NAO,SEM SERVICO DE INTERNET,SEM SERVICO DE INTERNET,SEM SERVICO DE INTERNET,UM ANO,TRANSFERENCIA BANCARIA - DEBITO AUTOMATICO,19.3,360.35,0
1042,7296-PIXQY,FEMININO,0,SIM,SIM,14,SIM,FIBER OPTIC,NAO,NAO,NAO,MES-A-MES,ENVIO POR E-MAIL,70.2,1046.5,0
1043,4883-QICIH,MASCULINO,0,SIM,SIM,32,SIM,FIBER OPTIC,NAO,NAO,NAO,MES-A-MES,TRANSFERENCIA BANCARIA - DEBITO AUTOMATICO,69.75,2347.9,1
1044,3354-OADJP,FEMININO,0,NAO,NAO,8,SIM,DSL,SIM,SIM,NAO,UM ANO,TRANSFERENCIA BANCARIA - DEBITO AUTOMATICO,54.25,447.75,0
1045,3524-WQDSG,FEMININO,0,SIM,SIM,43,SIM,FIBER OPTIC,NAO,NAO,SIM,MES-A-MES,TRANSFERENCIA BANCARIA - DEBITO AUTOMATICO,99.3,4209.95,0
1046,0810-DHDBD,FEMININO,0,NAO,NAO,52,SIM,DSL,SIM,SIM,SIM,UM ANO,CARTAO DE CREDITO - DEBITO AUTOMATICO,74.0,3877.65,0
1047,4026-SKKHW,MASCULINO,0,NAO,NAO,3,SIM,DSL,NAO,SIM,NAO,MES-A-MES,ENVIO POR CORREIO,50.25,152.3,0
1048,2829-HYVZP,MASCULINO,0,NAO,NAO,29,SIM,NAO,SEM SERVICO DE INTERNET,SEM SERVICO DE INTERNET,SEM SERVICO DE INTERNET,UM ANO,ENVIO POR CORREIO,19.8,572.2,0
1049,8329-IBCTI,FEMININO,0,NAO,NAO,1,SIM,NAO,SEM SERVICO DE INTERNET,SEM SERVICO DE INTERNET,SEM SERVICO DE INTERNET,MES-A-MES,ENVIO POR CORREIO,19.65,19.65,1
1050,1271-SJBGZ,MASCULINO,1,NAO,NAO,12,SIM,DSL,NAO,SIM,NAO,MES-A-MES,ENVIO POR E-MAIL,43.65,526.95,1
1051,3845-JHAMY,FEMININO,0,SIM,SIM,16,SIM,DSL,NAO,NAO,NAO,MES-A-MES,CARTAO DE CREDITO - DEBITO AUTOMATICO,35.5,552.7,0
1052,7013-PSXHK,FEMININO,0,NAO,NAO,40,SIM,DSL,NAO,SIM,SIM,UM ANO,ENVIO POR CORREIO,80.75,3208.65,0
1053,5669-SRAIP,FEMININO,0,NAO,NAO,5,SIM,DSL,NAO,NAO,NAO,MES-A-MES,ENVIO POR E-MAIL,39.5,210.75,1
1054,5981-ITEMU,MASCULINO,0,SIM,NAO,40,SIM,FIBER OPTIC,NAO,NAO,SIM,MES-A-MES,TRANSFERENCIA BANCARIA - DEBITO AUTOMATICO,97.1,3706.95,1
1055,3486-NPGST,FEMININO,0,NAO,NAO,36,SIM,NAO,SEM SERVICO DE INTERNET,SEM SERVICO DE INTERNET,SEM SERVICO DE INTERNET,UM ANO,ENVIO POR CORREIO,19.55,620.75,0
1056,6941-PMGEP,FEMININO,0,NAO,NAO,5,SIM,FIBER OPTIC,NAO,NAO,NAO,MES-A-MES,ENVIO POR E-MAIL,80.0,412.5,1
1057,1624-WOIWJ,FEMININO,0,NAO,NAO,10,SIM,FIBER OPTIC,SIM,NAO,SIM,MES-A-MES,ENVIO POR CORREIO,84.7,832.05,1
1058,2074-GKOWZ,MASCULINO,0,SIM,SIM,2,SIM,FIBER OPTIC,NAO,NAO,SIM,MES-A-MES,TRANSFERENCIA BANCARIA - DEBITO AUTOMATICO,89.55,185.55,1
1059,0376-YMCJC,MASCULINO,0,NAO,NAO,23,SIM,FIBER OPTIC,NAO,SIM,SIM,MES-A-MES,ENVIO POR E-MAIL,90.6,1943.2,1
1060,6100-FJZDG,MASCULINO,0,SIM,SIM,26,SIM,NAO,SEM SERVICO DE INTERNET,SEM SERVICO DE INTERNET,SEM SERVICO DE INTERNET,UM ANO,TRANSFERENCIA BANCARIA - DEBITO AUTOMATICO,20.05,505.9,0
1061,4829-ZLJTK,FEMININO,1,SIM,NAO,72,SIM,FIBER OPTIC,SIM,NAO,SIM,DOIS ANOS,ENVIO POR E-MAIL,112.4,8046.85,0
1062,1730-VFMWO,FEMININO,0,SIM,NAO,34,SIM,DSL,NAO,SIM,NAO,MES-A-MES,TRANSFERENCIA BANCARIA - DEBITO AUTOMATICO,50.2,1815.3,0
1063,7143-BQIBA,MASCULINO,0,NAO,NAO,10,SIM,DSL,SIM,SIM,SIM,MES-A-MES,TRANSFERENCIA BANCARIA - DEBITO AUTOMATICO,62.25,612.95,0
1064,3800-LYTRK,FEMININO,0,NAO,NAO,14,SIM,DSL,SIM,SIM,NAO,UM ANO,ENVIO POR CORREIO,55.7,795.15,0
1065,0634-SZPQA,FEMININO,0,NAO,NAO,23,SIM,FIBER OPTIC,SIM,NAO,SIM,MES-A-MES,TRANSFERENCIA BANCARIA - DEBITO AUTOMATICO,90.05,2169.8,1
1066,9646-NMHXE,MASCULINO,0,SIM,NAO,47,SIM,NAO,SEM SERVICO DE INTERNET,SEM SERVICO DE INTERNET,SEM SERVICO DE INTERNET,DOIS ANOS,ENVIO POR CORREIO,19.65,973.1,0
1067,7030-NJVDP,MASCULINO,0,SIM,NAO,24,SIM,FIBER OPTIC,SIM,SIM,NAO,MES-A-MES,ENVIO POR E-MAIL,89.25,2210.2,0
1068,5536-RTPWK,MASCULINO,0,SIM,NAO,49,SIM,FIBER OPTIC,NAO,NAO,SIM,MES-A-MES,TRANSFERENCIA BANCARIA - DEBITO AUTOMATICO,99.05,4853.75,1
1069,8883-GRDWQ,MASCULINO,1,NAO,NAO,20,SIM,DSL,SIM,SIM,NAO,UM ANO,ENVIO POR CORREIO,54.0,1055.9,0
1070,6166-ILMNY,FEMININO,0,NAO,NAO,2,SIM,FIBER OPTIC,NAO,NAO,NAO,MES-A-MES,TRANSFERENCIA BANCARIA - DEBITO AUTOMATICO,69.75,144.55,1
1071,3097-NNSPB,FEMININO,0,NAO,NAO,2,SIM,DSL,NAO,NAO,NAO,MES-A-MES,CARTAO DE CREDITO - DEBITO AUTOMATICO,49.05,91.1,1
1072,7771-ZONAT,MASCULINO,0,NAO,NAO,22,SIM,DSL,NAO,SIM,SIM,DOIS ANOS,TRANSFERENCIA BANCARIA - DEBITO AUTOMATICO,56.75,1304.85,0
1073,0655-RBDUG,MASCULINO,0,NAO,NAO,7,SIM,FIBER OPTIC,NAO,NAO,SIM,MES-A-MES,TRANSFERENCIA BANCARIA - DEBITO AUTOMATICO,98.05,713.0,1
1074,2111-DWYHN,MASCULINO,0,NAO,NAO,1,SIM,NAO,SEM SERVICO DE INTERNET,SEM SERVICO DE INTERNET,SEM SERVICO DE INTERNET,MES-A-MES,ENVIO POR CORREIO,21.1,21.1,0
1075,4194-WHFCB,FEMININO,0,SIM,SIM,59,SIM,FIBER OPTIC,NAO,SIM,NAO,MES-A-MES,TRANSFERENCIA BANCARIA - DEBITO AUTOMATICO,96.65,5580.8,0
1076,4121-AGSIN,FEMININO,0,SIM,SIM,58,SIM,NAO,SEM SERVICO DE INTERNET,SEM SERVICO DE INTERNET,SEM SERVICO DE INTERNET,UM ANO,CARTAO DE CREDITO - DEBITO AUTOMATICO,24.5,1497.9,0
1077,4361-BKAXE,FEMININO,0,NAO,NAO,41,SIM,FIBER OPTIC,SIM,SIM,SIM,MES-A-MES,TRANSFERENCIA BANCARIA - DEBITO AUTOMATICO,114.5,4527.45,1
1078,9845-PEEKO,FEMININO,1,NAO,NAO,59,SIM,FIBER OPTIC,NAO,NAO,NAO,DOIS ANOS,CARTAO DE CREDITO - DEBITO AUTOMATICO,79.2,4590.35,0
1079,0455-XFASS,FEMININO,0,SIM,SIM,3,SIM,FIBER OPTIC,NAO,NAO,NAO,MES-A-MES,ENVIO POR E-MAIL,69.55,200.2,0
1080,0301-KOBTQ,MASCULINO,0,NAO,NAO,32,SIM,NAO,SEM SERVICO DE INTERNET,SEM SERVICO DE INTERNET,SEM SERVICO DE INTERNET,DOIS ANOS,TRANSFERENCIA BANCARIA - DEBITO AUTOMATICO,20.05,614.45,0
1081,1751-NCDLI,MASCULINO,1,SIM,NAO,46,SIM,FIBER OPTIC,NAO,NAO,SIM,MES-A-MES,ENVIO POR E-MAIL,98.85,4564.9,0
1082,4367-NUYAO,MASCULINO,0,SIM,SIM,0,SIM,NAO,SEM SERVICO DE INTERNET,SEM SERVICO DE INTERNET,SEM SERVICO DE INTERNET,DOIS ANOS,ENVIO POR CORREIO,25.75,25.75,0
1083,9878-TNQGW,MASCULINO,0,NAO,NAO,2,SIM,FIBER OPTIC,NAO,NAO,NAO,MES-A-MES,ENVIO POR E-MAIL,80.95,171.15,1
1084,9170-ARBTB,FEMININO,0,SIM,SIM,52,SIM,NAO,SEM SERVICO DE INTERNET,SEM SERVICO DE INTERNET,SEM SERVICO DE INTERNET,UM ANO,CARTAO DE CREDITO - DEBITO AUTOMATICO,19.6,1012.4,0
1085,4441-NIHPT,FEMININO,1,NAO,NAO,13,SIM,FIBER OPTIC,NAO,NAO,NAO,MES-A-MES,ENVIO POR E-MAIL,74.3,940.35,1
1086,8999-BOHSE,FEMININO,1,NAO,NAO,11,SIM,FIBER OPTIC,NAO,NAO,SIM,MES-A-MES,TRANSFERENCIA BANCARIA - DEBITO AUTOMATICO,89.7,1047.7,1
1087,7241-AJHFS,MASCULINO,0,NAO,NAO,32,SIM,FIBER OPTIC,SIM,SIM,NAO,MES-A-MES,TRANSFERENCIA BANCARIA - DEBITO AUTOMATICO,87.65,2766.4,0
1088,7029-RPUAV,MASCULINO,1,SIM,NAO,17,SIM,FIBER OPTIC,NAO,NAO,SIM,MES-A-MES,CARTAO DE CREDITO - DEBITO AUTOMATICO,100.45,1622.45,1
1089,4546-FOKWR,FEMININO,0,NAO,NAO,16,SIM,FIBER OPTIC,NAO,NAO,NAO,MES-A-MES,CARTAO DE CREDITO - DEBITO AUTOMATICO,74.75,1129.35,0
1090,9036-CSKBW,FEMININO,0,NAO,NAO,51,SIM,FIBER OPTIC,SIM,NAO,SIM,UM ANO,TRANSFERENCIA BANCARIA - DEBITO AUTOMATICO,107.45,5680.9,0
1091,5832-TRLPB,MASCULINO,0,NAO,NAO,29,SIM,DSL,NAO,SIM,SIM,UM ANO,TRANSFERENCIA BANCARIA - DEBITO AUTOMATICO,75.35,2243.9,0
1092,8590-YFFQO,MASCULINO,0,SIM,NAO,70,SIM,DSL,SIM,SIM,NAO,DOIS ANOS,CARTAO DE CREDITO - DEBITO AUTOMATICO,64.95,4523.25,0
1093,8659-IOOPU,FEMININO,0,SIM,SIM,71,SIM,FIBER OPTIC,SIM,SIM,NAO,DOIS ANOS,ENVIO POR E-MAIL,100.45,7159.7,0
1094,1338-CECEE,MASCULINO,0,SIM,SIM,41,SIM,DSL,NAO,NAO,SIM,UM ANO,TRANSFERENCIA BANCARIA - DEBITO AUTOMATICO,68.5,2839.95,0
1095,7439-DKZTW,MASCULINO,0,NAO,NAO,1,SIM,FIBER OPTIC,NAO,NAO,SIM,MES-A-MES,ENVIO POR E-MAIL,80.55,80.55,0
1096,4646-QZXTF,FEMININO,0,SIM,NAO,7,SIM,DSL,SIM,SIM,SIM,MES-A-MES,TRANSFERENCIA BANCARIA - DEBITO AUTOMATICO,81.25,580.1,0
1097,4607-CHPCA,MASCULINO,0,SIM,SIM,25,SIM,FIBER OPTIC,NAO,NAO,SIM,UM ANO,ENVIO POR E-MAIL,90.4,2178.6,1
1098,9742-XOKTS,MASCULINO,0,SIM,SIM,67,SIM,FIBER OPTIC,SIM,SIM,NAO,UM ANO,ENVIO POR E-MAIL,89.55,6038.55,0
1099,6921-OZMFH,MASCULINO,0,SIM,SIM,5,SIM,DSL,NAO,SIM,NAO,MES-A-MES,ENVIO POR CORREIO,55.7,259.4,0
1100,9578-FOMUK,MASCULINO,0,NAO,SIM,15,SIM,NAO,SEM SERVICO DE INTERNET,SEM SERVICO DE INTERNET,SEM SERVICO DE INTERNET,MES-A-MES,ENVIO POR E-MAIL,24.8,324.15,0
1101,4712-UYOOI,FEMININO,0,SIM,SIM,20,SIM,NAO,SEM SERVICO DE INTERNET,SEM SERVICO DE INTERNET,SEM SERVICO DE INTERNET,MES-A-MES,ENVIO POR E-MAIL,20.0,417.65,0
1102,8824-RWFXJ,MASCULINO,0,SIM,SIM,3,SIM,DSL,NAO,NAO,NAO,MES-A-MES,ENVIO POR CORREIO,56.15,168.15,1
1103,7722-CVFXN,MASCULINO,0,SIM,SIM,54,SIM,FIBER OPTIC,NAO,SIM,SIM,UM ANO,ENVIO POR E-MAIL,105.2,5637.85,0
1104,8717-VCTXJ,MASCULINO,0,NAO,NAO,42,SIM,NAO,SEM SERVICO DE INTERNET,SEM SERVICO DE INTERNET,SEM SERVICO DE INTERNET,UM ANO,ENVIO POR CORREIO,19.55,839.4,0
1105,7363-QTBIW,FEMININO,0,SIM,NAO,9,SIM,FIBER OPTIC,NAO,NAO,NAO,MES-A-MES,ENVIO POR E-MAIL,79.75,769.1,0
1106,4159-NAAIX,FEMININO,0,NAO,NAO,63,SIM,FIBER OPTIC,NAO,NAO,SIM,DOIS ANOS,TRANSFERENCIA BANCARIA - DEBITO AUTOMATICO,97.45,6253.0,0
1107,0971-QIFJK,FEMININO,0,SIM,NAO,69,SIM,NAO,SEM SERVICO DE INTERNET,SEM SERVICO DE INTERNET,SEM SERVICO DE INTERNET,DOIS ANOS,TRANSFERENCIA BANCARIA - DEBITO AUTOMATICO,24.25,1641.8,0
1108,9397-TZSHA,FEMININO,0,NAO,NAO,69,SIM,NAO,SEM SERVICO DE INTERNET,SEM SERVICO DE INTERNET,SEM SERVICO DE INTERNET,DOIS ANOS,CARTAO DE CREDITO - DEBITO AUTOMATICO,24.6,1678.05,0
1109,3391-JSQEW,MASCULINO,0,SIM,NAO,40,SIM,DSL,NAO,NAO,NAO,MES-A-MES,ENVIO POR CORREIO,50.15,2058.5,0
1110,0343-QLUZP,MASCULINO,0,NAO,NAO,60,SIM,DSL,SIM,NAO,NAO,DOIS ANOS,TRANSFERENCIA BANCARIA - DEBITO AUTOMATICO,39.6,2424.5,0
1111,9763-PDTKK,FEMININO,0,NAO,NAO,4,SIM,FIBER OPTIC,SIM,SIM,NAO,MES-A-MES,TRANSFERENCIA BANCARIA - DEBITO AUTOMATICO,94.4,387.2,1
1112,2176-LVPNX,FEMININO,1,NAO,NAO,71,SIM,DSL,SIM,SIM,SIM,DOIS ANOS,ENVIO POR CORREIO,89.85,6293.45,0
1113,7627-JKIAZ,FEMININO,0,SIM,NAO,37,SIM,FIBER OPTIC,NAO,NAO,NAO,MES-A-MES,CARTAO DE CREDITO - DEBITO AUTOMATICO,78.95,2839.65,1
1114,3312-UUMZW,MASCULINO,0,SIM,NAO,32,SIM,FIBER OPTIC,NAO,NAO,SIM,MES-A-MES,CARTAO DE CREDITO - DEBITO AUTOMATICO,98.85,3145.9,0
1115,1271-UODNO,MASCULINO,0,NAO,NAO,39,SIM,DSL,NAO,SIM,NAO,DOIS ANOS,CARTAO DE CREDITO - DEBITO AUTOMATICO,53.85,2200.7,0
1116,8461-EFQYM,FEMININO,0,NAO,NAO,38,SIM,NAO,SEM SERVICO DE INTERNET,SEM SERVICO DE INTERNET,SEM SERVICO DE INTERNET,UM ANO,ENVIO POR E-MAIL,24.25,914.4,0
1117,6900-RBKER,MASCULINO,0,NAO,NAO,52,SIM,FIBER OPTIC,NAO,NAO,NAO,DOIS ANOS,CARTAO DE CREDITO - DEBITO AUTOMATICO,89.45,4577.75,0
1118,6891-JPYFF,FEMININO,0,SIM,SIM,48,SIM,FIBER OPTIC,SIM,NAO,SIM,MES-A-MES,CARTAO DE CREDITO - DEBITO AUTOMATICO,105.25,4997.5,0
1119,1459-QNFQT,MASCULINO,0,SIM,SIM,70,SIM,DSL,SIM,SIM,SIM,DOIS ANOS,TRANSFERENCIA BANCARIA - DEBITO AUTOMATICO,59.5,4144.8,0
1120,1047-NNCBF,MASCULINO,0,NAO,NAO,20,SIM,FIBER OPTIC,NAO,NAO,NAO,MES-A-MES,CARTAO DE CREDITO - DEBITO AUTOMATICO,70.55,1493.55,0
1121,3696-XRIEN,FEMININO,0,NAO,NAO,50,SIM,DSL,SIM,SIM,SIM,UM ANO,CARTAO DE CREDITO - DEBITO AUTOMATICO,82.5,4179.1,0
1122,4081-DYXAV,FEMININO,0,NAO,NAO,19,SIM,DSL,NAO,NAO,SIM,UM ANO,CARTAO DE CREDITO - DEBITO AUTOMATICO,44.85,893.55,1
1123,0074-HDKDG,MASCULINO,0,SIM,SIM,25,SIM,DSL,SIM,NAO,NAO,UM ANO,TRANSFERENCIA BANCARIA - DEBITO AUTOMATICO,61.6,1611.0,0
1124,8791-GFXLZ,MASCULINO,0,NAO,NAO,12,SIM,DSL,NAO,NAO,NAO,MES-A-MES,TRANSFERENCIA BANCARIA - DEBITO AUTOMATICO,49.05,593.05,0
1125,8111-SLLHI,MASCULINO,1,SIM,NAO,39,SIM,FIBER OPTIC,NAO,NAO,SIM,MES-A-MES,ENVIO POR E-MAIL,105.65,4284.8,1
1126,0927-LCSMG,MASCULINO,0,NAO,NAO,7,SIM,FIBER OPTIC,NAO,NAO,NAO,MES-A-MES,ENVIO POR CORREIO,74.65,544.55,1
1127,9330-DHBFL,FEMININO,0,SIM,SIM,23,SIM,DSL,SIM,SIM,NAO,UM ANO,ENVIO POR CORREIO,66.25,1533.8,0
1128,0098-BOWSO,MASCULINO,0,NAO,NAO,27,SIM,NAO,SEM SERVICO DE INTERNET,SEM SERVICO DE INTERNET,SEM SERVICO DE INTERNET,MES-A-MES,ENVIO POR E-MAIL,19.4,529.8,0
1129,3452-ABWRL,MASCULINO,1,NAO,NAO,47,SIM,FIBER OPTIC,NAO,NAO,SIM,MES-A-MES,CARTAO DE CREDITO - DEBITO AUTOMATICO,86.05,3865.6,0
1130,5859-HZYLF,MASCULINO,0,SIM,SIM,26,SIM,NAO,SEM SERVICO DE INTERNET,SEM SERVICO DE INTERNET,SEM SERVICO DE INTERNET,DOIS ANOS,CARTAO DE CREDITO - DEBITO AUTOMATICO,19.15,515.75,0
1131,8257-RZAHR,FEMININO,0,SIM,NAO,14,SIM,DSL,SIM,NAO,SIM,MES-A-MES,TRANSFERENCIA BANCARIA - DEBITO AUTOMATICO,64.7,941.0,1
1132,5293-WXJAK,FEMININO,1,SIM,NAO,11,SIM,FIBER OPTIC,NAO,SIM,SIM,MES-A-MES,TRANSFERENCIA BANCARIA - DEBITO AUTOMATICO,104.05,1133.65,1
1133,3156-QLHBO,MASCULINO,0,NAO,SIM,2,SIM,NAO,SEM SERVICO DE INTERNET,SEM SERVICO DE INTERNET,SEM SERVICO DE INTERNET,MES-A-MES,ENVIO POR CORREIO,19.25,48.35,0
1134,2208-NQBCT,FEMININO,0,SIM,SIM,26,SIM,FIBER OPTIC,SIM,NAO,NAO,MES-A-MES,ENVIO POR E-MAIL,81.95,2070.05,0
1135,1779-PWPMG,FEMININO,1,SIM,NAO,72,SIM,FIBER OPTIC,SIM,SIM,SIM,DOIS ANOS,TRANSFERENCIA BANCARIA - DEBITO AUTOMATICO,114.65,8333.95,0
1136,6621-NRZAK,FEMININO,0,SIM,SIM,63,SIM,NAO,SEM SERVICO DE INTERNET,SEM SERVICO DE INTERNET,SEM SERVICO DE INTERNET,DOIS ANOS,CARTAO DE CREDITO - DEBITO AUTOMATICO,20.0,1209.25,0
1137,0831-JNISG,MASCULINO,0,SIM,SIM,71,SIM,NAO,SEM SERVICO DE INTERNET,SEM SERVICO DE INTERNET,SEM SERVICO DE INTERNET,DOIS ANOS,ENVIO POR CORREIO,19.8,1396.25,0
1138,0774-IFUVM,MASCULINO,0,SIM,SIM,11,SIM,DSL,SIM,NAO,SIM,MES-A-MES,TRANSFERENCIA BANCARIA - DEBITO AUTOMATICO,65.15,723.35,0
1139,3082-WQRVY,MASCULINO,1,SIM,NAO,14,SIM,NAO,SEM SERVICO DE INTERNET,SEM SERVICO DE INTERNET,SEM SERVICO DE INTERNET,UM ANO,ENVIO POR CORREIO,19.65,228.65,0
1140,9553-DLCLU,FEMININO,0,NAO,SIM,13,SIM,DSL,SIM,SIM,SIM,DOIS ANOS,CARTAO DE CREDITO - DEBITO AUTOMATICO,88.95,1161.75,0
1141,1641-BYBTK,MASCULINO,0,NAO,SIM,6,SIM,NAO,SEM SERVICO DE INTERNET,SEM SERVICO DE INTERNET,SEM SERVICO DE INTERNET,MES-A-MES,ENVIO POR CORREIO,20.2,98.35,0
1142,2460-NGXBJ,MASCULINO,1,SIM,SIM,11,SIM,FIBER OPTIC,NAO,NAO,NAO,MES-A-MES,CARTAO DE CREDITO - DEBITO AUTOMATICO,75.2,775.3,0
1143,2446-ZKVAF,MASCULINO,0,SIM,NAO,18,SIM,DSL,NAO,NAO,NAO,MES-A-MES,CARTAO DE CREDITO - DEBITO AUTOMATICO,56.8,1074.65,0
1144,0841-NULXI,MASCULINO,0,NAO,NAO,1,SIM,DSL,NAO,NAO,NAO,MES-A-MES,ENVIO POR E-MAIL,35.55,35.55,1
1145,3522-CDKHF,FEMININO,0,SIM,NAO,32,SIM,FIBER OPTIC,SIM,NAO,NAO,MES-A-MES,TRANSFERENCIA BANCARIA - DEBITO AUTOMATICO,75.5,2324.7,0
1146,1430-SFQSA,MASCULINO,0,NAO,NAO,29,SIM,DSL,SIM,SIM,NAO,UM ANO,ENVIO POR CORREIO,35.6,1072.6,0
1147,0411-EZJZE,FEMININO,0,NAO,NAO,3,SIM,DSL,NAO,NAO,SIM,MES-A-MES,ENVIO POR E-MAIL,60.25,170.5,0
1148,7851-WZEKY,FEMININO,0,NAO,NAO,2,SIM,FIBER OPTIC,NAO,NAO,SIM,MES-A-MES,ENVIO POR E-MAIL,95.15,196.9,1
1149,8844-TONUD,MASCULINO,0,SIM,SIM,13,SIM,FIBER OPTIC,NAO,NAO,SIM,MES-A-MES,ENVIO POR CORREIO,96.65,1162.85,1
1150,8807-ARQET,FEMININO,0,NAO,NAO,41,SIM,DSL,NAO,NAO,NAO,MES-A-MES,ENVIO POR E-MAIL,40.35,1677.85,0
1151,8992-CEUEN,FEMININO,0,NAO,NAO,1,SIM,NAO,SEM SERVICO DE INTERNET,SEM SERVICO DE INTERNET,SEM SERVICO DE INTERNET,MES-A-MES,ENVIO POR E-MAIL,18.85,18.85,0
1152,4320-QMLLA,MASCULINO,0,NAO,NAO,7,SIM,DSL,NAO,NAO,SIM,MES-A-MES,ENVIO POR CORREIO,54.85,370.4,0
1153,8777-PVYGU,FEMININO,0,SIM,NAO,52,SIM,DSL,SIM,NAO,SIM,UM ANO,ENVIO POR CORREIO,64.3,3410.6,0
1154,8292-ITGYJ,FEMININO,0,SIM,SIM,45,SIM,NAO,SEM SERVICO DE INTERNET,SEM SERVICO DE INTERNET,SEM SERVICO DE INTERNET,DOIS ANOS,TRANSFERENCIA BANCARIA - DEBITO AUTOMATICO,24.65,1138.8,0
1155,6870-ZWMNX,MASCULINO,0,SIM,NAO,70,SIM,DSL,NAO,SIM,SIM,DOIS ANOS,CARTAO DE CREDITO - DEBITO AUTOMATICO,76.1,5264.25,0
1156,0621-CXBKL,FEMININO,0,NAO,NAO,53,SIM,NAO,SEM SERVICO DE INTERNET,SEM SERVICO DE INTERNET,SEM SERVICO DE INTERNET,DOIS ANOS,ENVIO POR CORREIO,18.7,1005.7,0
1157,5268-DSMNQ,FEMININO,1,SIM,NAO,62,SIM,FIBER OPTIC,NAO,NAO,SIM,UM ANO,CARTAO DE CREDITO - DEBITO AUTOMATICO,97.95,5936.55,0
1158,5334-JLAXU,FEMININO,0,SIM,NAO,60,SIM,FIBER OPTIC,SIM,NAO,NAO,MES-A-MES,CARTAO DE CREDITO - DEBITO AUTOMATICO,94.1,5475.9,0
1159,4086-YQSNZ,FEMININO,1,SIM,NAO,3,SIM,FIBER OPTIC,NAO,NAO,SIM,MES-A-MES,ENVIO POR E-MAIL,80.4,224.05,1
1160,6242-MBHPK,FEMININO,1,SIM,NAO,23,SIM,FIBER OPTIC,SIM,NAO,SIM,MES-A-MES,ENVIO POR E-MAIL,95.1,2326.05,0
1161,5868-CZJDR,MASCULINO,0,NAO,SIM,1,SIM,DSL,NAO,NAO,NAO,MES-A-MES,ENVIO POR CORREIO,31.35,31.35,1
1162,9359-UGBTK,FEMININO,0,NAO,NAO,67,SIM,DSL,SIM,SIM,NAO,UM ANO,TRANSFERENCIA BANCARIA - DEBITO AUTOMATICO,72.35,4991.5,0
1163,0135-NMXAP,FEMININO,0,NAO,NAO,12,SIM,FIBER OPTIC,NAO,NAO,SIM,MES-A-MES,TRANSFERENCIA BANCARIA - DEBITO AUTOMATICO,89.75,1052.4,1
1164,4782-OSFXZ,FEMININO,1,SIM,NAO,71,SIM,DSL,SIM,SIM,NAO,DOIS ANOS,TRANSFERENCIA BANCARIA - DEBITO AUTOMATICO,82.7,5831.2,0
1165,6479-OAUSD,MASCULINO,0,NAO,NAO,25,SIM,NAO,SEM SERVICO DE INTERNET,SEM SERVICO DE INTERNET,SEM SERVICO DE INTERNET,UM ANO,CARTAO DE CREDITO - DEBITO AUTOMATICO,19.9,510.8,0
1166,7129-ACFOG,FEMININO,0,NAO,NAO,5,SIM,DSL,SIM,NAO,NAO,MES-A-MES,ENVIO POR E-MAIL,53.8,283.95,0
1167,4189-NAKJS,MASCULINO,0,NAO,NAO,26,SIM,DSL,NAO,NAO,NAO,UM ANO,CARTAO DE CREDITO - DEBITO AUTOMATICO,51.55,1295.4,0
1168,5562-BETPV,MASCULINO,0,SIM,SIM,1,SIM,NAO,SEM SERVICO DE INTERNET,SEM SERVICO DE INTERNET,SEM SERVICO DE INTERNET,UM ANO,ENVIO POR CORREIO,19.65,19.65,0
1169,1282-IHQAC,MASCULINO,1,NAO,NAO,70,SIM,DSL,NAO,NAO,SIM,UM ANO,CARTAO DE CREDITO - DEBITO AUTOMATICO,44.05,3011.65,0
1170,9127-FHJBZ,MASCULINO,0,SIM,SIM,72,SIM,FIBER OPTIC,SIM,SIM,SIM,DOIS ANOS,ENVIO POR E-MAIL,114.0,8093.15,0
1171,6270-OMFIW,MASCULINO,0,SIM,NAO,60,SIM,FIBER OPTIC,NAO,NAO,SIM,UM ANO,ENVIO POR E-MAIL,94.4,5610.25,1
1172,1641-RQDAY,FEMININO,1,SIM,SIM,32,SIM,FIBER OPTIC,NAO,NAO,SIM,MES-A-MES,ENVIO POR E-MAIL,100.4,3217.65,0
1173,0107-WESLM,MASCULINO,0,NAO,NAO,1,SIM,NAO,SEM SERVICO DE INTERNET,SEM SERVICO DE INTERNET,SEM SERVICO DE INTERNET,MES-A-MES,ENVIO POR E-MAIL,19.85,19.85,1
1174,6994-ORCWG,FEMININO,0,NAO,NAO,14,SIM,DSL,NAO,NAO,NAO,UM ANO,ENVIO POR CORREIO,54.25,773.2,0
1175,1346-UFHAX,FEMININO,0,NAO,NAO,13,SIM,FIBER OPTIC,SIM,NAO,NAO,MES-A-MES,CARTAO DE CREDITO - DEBITO AUTOMATICO,80.0,1029.35,0
1176,3992-YWPKO,FEMININO,0,NAO,NAO,6,SIM,FIBER OPTIC,NAO,SIM,SIM,MES-A-MES,CARTAO DE CREDITO - DEBITO AUTOMATICO,109.9,669.45,1
1177,2933-XEUJM,FEMININO,0,NAO,NAO,46,SIM,DSL,SIM,NAO,SIM,DOIS ANOS,ENVIO POR CORREIO,79.2,3593.8,0
1178,0125-LZQXK,MASCULINO,0,NAO,NAO,15,SIM,FIBER OPTIC,NAO,SIM,SIM,MES-A-MES,ENVIO POR E-MAIL,101.35,1553.95,1
1179,5461-QKNTN,MASCULINO,1,SIM,NAO,43,SIM,FIBER OPTIC,NAO,SIM,SIM,MES-A-MES,ENVIO POR E-MAIL,94.3,3953.15,0
1180,4835-YSJMR,MASCULINO,0,NAO,NAO,39,SIM,DSL,NAO,SIM,NAO,DOIS ANOS,TRANSFERENCIA BANCARIA - DEBITO AUTOMATICO,49.8,1971.15,0
1181,8399-YNDCH,MASCULINO,1,NAO,NAO,21,SIM,DSL,NAO,NAO,SIM,MES-A-MES,TRANSFERENCIA BANCARIA - DEBITO AUTOMATICO,60.05,1236.15,1
1182,3164-YAXFY,MASCULINO,0,NAO,NAO,57,SIM,DSL,SIM,NAO,SIM,MES-A-MES,ENVIO POR E-MAIL,53.75,3196.0,0
1183,0887-WBJVH,FEMININO,0,SIM,NAO,53,SIM,FIBER OPTIC,NAO,SIM,SIM,UM ANO,ENVIO POR E-MAIL,93.45,4872.2,0
1184,4660-IRIBM,MASCULINO,0,SIM,SIM,18,SIM,FIBER OPTIC,SIM,NAO,SIM,MES-A-MES,ENVIO POR CORREIO,87.9,1500.5,0
1185,5673-FSSMF,FEMININO,0,NAO,NAO,1,SIM,DSL,NAO,NAO,NAO,MES-A-MES,ENVIO POR E-MAIL,60.15,60.15,1
1186,7670-ZBPOQ,FEMININO,0,SIM,NAO,58,SIM,DSL,SIM,SIM,NAO,UM ANO,TRANSFERENCIA BANCARIA - DEBITO AUTOMATICO,61.05,3478.75,0
1187,8089-UZWLX,FEMININO,1,NAO,NAO,71,SIM,FIBER OPTIC,NAO,NAO,SIM,DOIS ANOS,TRANSFERENCIA BANCARIA - DEBITO AUTOMATICO,104.05,7413.55,0
1188,0080-OROZO,FEMININO,0,NAO,NAO,35,SIM,FIBER OPTIC,NAO,SIM,SIM,UM ANO,ENVIO POR E-MAIL,99.25,3532.0,0
1189,3916-NRPAP,MASCULINO,0,NAO,NAO,3,SIM,FIBER OPTIC,NAO,NAO,NAO,MES-A-MES,CARTAO DE CREDITO - DEBITO AUTOMATICO,85.7,256.75,0
1190,6807-SIWJI,MASCULINO,0,NAO,NAO,38,SIM,FIBER OPTIC,SIM,NAO,SIM,UM ANO,ENVIO POR E-MAIL,104.85,3887.25,0
1191,8221-HVAYI,MASCULINO,0,SIM,SIM,35,SIM,DSL,SIM,SIM,NAO,DOIS ANOS,CARTAO DE CREDITO - DEBITO AUTOMATICO,69.15,2490.15,0
1192,1579-KLYDT,MASCULINO,0,NAO,NAO,7,SIM,FIBER OPTIC,NAO,NAO,SIM,MES-A-MES,ENVIO POR E-MAIL,90.45,593.45,1
1193,5232-NXPAY,FEMININO,0,NAO,NAO,47,SIM,DSL,NAO,SIM,SIM,DOIS ANOS,ENVIO POR CORREIO,74.45,3510.3,0
1194,8967-SZQAS,FEMININO,0,NAO,NAO,14,SIM,DSL,NAO,NAO,NAO,MES-A-MES,ENVIO POR E-MAIL,50.45,765.45,0
1195,4468-KAZHE,FEMININO,1,SIM,NAO,20,SIM,DSL,NAO,NAO,NAO,MES-A-MES,ENVIO POR E-MAIL,60.0,1259.35,0
1196,0455-ENTCR,MASCULINO,0,SIM,NAO,66,SIM,DSL,SIM,SIM,SIM,DOIS ANOS,ENVIO POR E-MAIL,85.25,5538.35,0
1197,8944-AILEF,MASCULINO,0,SIM,NAO,15,SIM,NAO,SEM SERVICO DE INTERNET,SEM SERVICO DE INTERNET,SEM SERVICO DE INTERNET,MES-A-MES,CARTAO DE CREDITO - DEBITO AUTOMATICO,19.45,340.85,0
1198,5542-NKVRU,FEMININO,0,NAO,NAO,42,SIM,NAO,SEM SERVICO DE INTERNET,SEM SERVICO DE INTERNET,SEM SERVICO DE INTERNET,DOIS ANOS,TRANSFERENCIA BANCARIA - DEBITO AUTOMATICO,20.75,844.45,0
1199,7126-RBHSD,FEMININO,0,SIM,NAO,17,SIM,FIBER OPTIC,SIM,NAO,NAO,MES-A-MES,ENVIO POR E-MAIL,78.9,1348.95,0
1200,5370-IIVVL,MASCULINO,0,NAO,NAO,37,SIM,FIBER OPTIC,NAO,SIM,SIM,UM ANO,CARTAO DE CREDITO - DEBITO AUTOMATICO,104.5,3778.0,0
1201,6789-HJBWG,FEMININO,0,NAO,NAO,12,SIM,DSL,NAO,NAO,NAO,MES-A-MES,ENVIO POR E-MAIL,49.4,611.65,0
1202,3927-NLNRY,MASCULINO,0,SIM,NAO,53,SIM,FIBER OPTIC,NAO,NAO,SIM,UM ANO,TRANSFERENCIA BANCARIA - DEBITO AUTOMATICO,94.25,4867.95,1
1203,9087-EYCPR,FEMININO,0,NAO,NAO,60,SIM,NAO,SEM SERVICO DE INTERNET,SEM SERVICO DE INTERNET,SEM SERVICO DE INTERNET,DOIS ANOS,ENVIO POR CORREIO,25.0,1505.05,0
1204,6791-YBNAK,MASCULINO,0,SIM,SIM,18,SIM,DSL,NAO,NAO,NAO,MES-A-MES,CARTAO DE CREDITO - DEBITO AUTOMATICO,25.55,467.85,0
1205,6358-LYNGM,MASCULINO,0,NAO,NAO,1,SIM,FIBER OPTIC,NAO,NAO,NAO,MES-A-MES,ENVIO POR E-MAIL,74.9,74.9,1
1206,6077-BDPXA,FEMININO,0,NAO,NAO,3,SIM,FIBER OPTIC,NAO,NAO,NAO,MES-A-MES,ENVIO POR E-MAIL,70.15,194.2,0
1207,0013-MHZWF,FEMININO,0,NAO,SIM,9,SIM,DSL,NAO,SIM,SIM,MES-A-MES,CARTAO DE CREDITO - DEBITO AUTOMATICO,69.4,571.45,0
1208,5494-HECPR,FEMININO,0,NAO,NAO,1,SIM,FIBER OPTIC,NAO,NAO,SIM,MES-A-MES,ENVIO POR E-MAIL,80.25,80.25,1
1209,8268-YDIXR,MASCULINO,0,SIM,NAO,56,SIM,FIBER OPTIC,SIM,NAO,NAO,UM ANO,ENVIO POR E-MAIL,93.15,5253.95,0
1210,9824-BEMCV,MASCULINO,0,SIM,SIM,17,SIM,FIBER OPTIC,NAO,NAO,NAO,MES-A-MES,ENVIO POR E-MAIL,69.0,1149.65,1
1211,1373-ORVIZ,FEMININO,0,SIM,SIM,11,SIM,DSL,NAO,SIM,NAO,MES-A-MES,ENVIO POR E-MAIL,66.35,740.8,1
1212,4291-SHSBH,MASCULINO,0,NAO,NAO,7,SIM,FIBER OPTIC,NAO,NAO,NAO,MES-A-MES,ENVIO POR E-MAIL,69.55,521.35,0
1213,6980-IMXXE,FEMININO,0,SIM,SIM,69,SIM,NAO,SEM SERVICO DE INTERNET,SEM SERVICO DE INTERNET,SEM SERVICO DE INTERNET,DOIS ANOS,TRANSFERENCIA BANCARIA - DEBITO AUTOMATICO,20.2,1412.65,0
1214,9866-QEVEE,MASCULINO,0,NAO,NAO,19,SIM,FIBER OPTIC,NAO,NAO,NAO,MES-A-MES,TRANSFERENCIA BANCARIA - DEBITO AUTOMATICO,86.0,1532.45,1
1215,9897-KXHCM,FEMININO,0,SIM,SIM,3,SIM,FIBER OPTIC,NAO,NAO,NAO,MES-A-MES,ENVIO POR E-MAIL,80.3,250.05,1
1216,0040-HALCW,MASCULINO,0,SIM,SIM,54,SIM,NAO,SEM SERVICO DE INTERNET,SEM SERVICO DE INTERNET,SEM SERVICO DE INTERNET,DOIS ANOS,CARTAO DE CREDITO - DEBITO AUTOMATICO,20.4,1090.6,0
1217,0784-GTUUK,MASCULINO,0,SIM,NAO,62,SIM,NAO,SEM SERVICO DE INTERNET,SEM SERVICO DE INTERNET,SEM SERVICO DE INTERNET,UM ANO,CARTAO DE CREDITO - DEBITO AUTOMATICO,23.75,1446.8,0
1218,7979-CORPM,MASCULINO,0,NAO,NAO,24,SIM,FIBER OPTIC,NAO,NAO,SIM,MES-A-MES,CARTAO DE CREDITO - DEBITO AUTOMATICO,90.55,2282.55,1
1219,2294-DMMUS,FEMININO,0,SIM,SIM,62,SIM,DSL,NAO,NAO,SIM,MES-A-MES,CARTAO DE CREDITO - DEBITO AUTOMATICO,70.45,4300.45,0
1220,0872-JCPIB,MASCULINO,0,NAO,NAO,17,SIM,DSL,SIM,NAO,NAO,MES-A-MES,TRANSFERENCIA BANCARIA - DEBITO AUTOMATICO,65.75,1111.2,0
1221,3055-MJDSB,MASCULINO,0,NAO,NAO,9,SIM,DSL,NAO,NAO,NAO,MES-A-MES,ENVIO POR CORREIO,24.6,190.1,0
1222,9091-WTUUY,MASCULINO,0,SIM,SIM,64,SIM,DSL,SIM,SIM,SIM,DOIS ANOS,ENVIO POR CORREIO,69.25,4447.75,0
1223,1618-CFHME,FEMININO,0,NAO,NAO,2,SIM,FIBER OPTIC,NAO,NAO,NAO,MES-A-MES,ENVIO POR E-MAIL,75.9,143.35,1
1224,3165-HDOEW,MASCULINO,0,SIM,SIM,1,SIM,DSL,NAO,NAO,NAO,MES-A-MES,ENVIO POR CORREIO,45.85,45.85,1
1225,6581-NQCBA,FEMININO,0,SIM,NAO,16,SIM,DSL,NAO,SIM,SIM,MES-A-MES,ENVIO POR E-MAIL,49.95,810.2,1
1226,7115-IRDHS,FEMININO,0,SIM,NAO,72,SIM,NAO,SEM SERVICO DE INTERNET,SEM SERVICO DE INTERNET,SEM SERVICO DE INTERNET,DOIS ANOS,TRANSFERENCIA BANCARIA - DEBITO AUTOMATICO,24.65,1830.05,0
1227,8496-DMZUK,MASCULINO,0,NAO,NAO,30,SIM,FIBER OPTIC,SIM,NAO,NAO,UM ANO,TRANSFERENCIA BANCARIA - DEBITO AUTOMATICO,90.4,2820.65,0
1228,2040-VZIKE,FEMININO,0,SIM,NAO,49,SIM,FIBER OPTIC,SIM,NAO,SIM,MES-A-MES,ENVIO POR CORREIO,100.85,4847.35,0
1229,9068-VPWQQ,MASCULINO,0,SIM,NAO,61,SIM,DSL,SIM,SIM,NAO,DOIS ANOS,CARTAO DE CREDITO - DEBITO AUTOMATICO,75.35,4729.3,0
1230,0178-SZBHO,MASCULINO,0,SIM,SIM,47,SIM,FIBER OPTIC,NAO,NAO,SIM,MES-A-MES,ENVIO POR E-MAIL,87.2,4017.45,0
1231,0384-RVBPI,MASCULINO,0,NAO,NAO,20,SIM,DSL,SIM,NAO,NAO,MES-A-MES,CARTAO DE CREDITO - DEBITO AUTOMATICO,64.4,1398.6,0
1232,1689-MRZQR,MASCULINO,0,SIM,SIM,34,SIM,FIBER OPTIC,NAO,NAO,SIM,MES-A-MES,ENVIO POR E-MAIL,78.3,2564.3,1
1233,1299-AURJA,FEMININO,0,SIM,SIM,70,SIM,NAO,SEM SERVICO DE INTERNET,SEM SERVICO DE INTERNET,SEM SERVICO DE INTERNET,DOIS ANOS,TRANSFERENCIA BANCARIA - DEBITO AUTOMATICO,24.7,1685.9,0
1234,4525-VZCZG,MASCULINO,0,NAO,SIM,54,SIM,FIBER OPTIC,SIM,SIM,SIM,UM ANO,ENVIO POR E-MAIL,105.85,5826.65,0
1235,1543-LLLFT,MASCULINO,1,SIM,NAO,61,SIM,FIBER OPTIC,NAO,SIM,SIM,UM ANO,ENVIO POR CORREIO,98.3,6066.55,0
1236,5835-BEQEU,MASCULINO,0,NAO,NAO,3,SIM,FIBER OPTIC,NAO,NAO,NAO,MES-A-MES,ENVIO POR E-MAIL,76.95,228.4,1
1237,2788-CJQAQ,MASCULINO,0,NAO,NAO,13,SIM,NAO,SEM SERVICO DE INTERNET,SEM SERVICO DE INTERNET,SEM SERVICO DE INTERNET,UM ANO,ENVIO POR CORREIO,19.45,270.2,0
1238,5565-FILXA,FEMININO,1,NAO,NAO,16,SIM,FIBER OPTIC,NAO,NAO,SIM,MES-A-MES,ENVIO POR E-MAIL,96.15,1529.2,1
1239,0319-QZTCO,FEMININO,0,SIM,SIM,3,SIM,DSL,NAO,NAO,SIM,MES-A-MES,CARTAO DE CREDITO - DEBITO AUTOMATICO,58.7,168.6,0
1240,2120-SMPEX,MASCULINO,0,NAO,NAO,25,SIM,NAO,SEM SERVICO DE INTERNET,SEM SERVICO DE INTERNET,SEM SERVICO DE INTERNET,MES-A-MES,ENVIO POR CORREIO,20.15,536.35,0
1241,0096-FCPUF,MASCULINO,0,NAO,NAO,30,SIM,DSL,SIM,NAO,NAO,MES-A-MES,ENVIO POR CORREIO,64.5,1888.45,0
1242,0668-OGMHD,FEMININO,0,SIM,NAO,21,SIM,DSL,SIM,NAO,NAO,MES-A-MES,ENVIO POR E-MAIL,28.5,629.35,0
1243,5552-ZNFSJ,MASCULINO,0,NAO,NAO,1,SIM,DSL,NAO,NAO,NAO,MES-A-MES,ENVIO POR E-MAIL,45.3,45.3,1
1244,2223-KAGMX,FEMININO,0,NAO,NAO,15,SIM,NAO,SEM SERVICO DE INTERNET,SEM SERVICO DE INTERNET,SEM SERVICO DE INTERNET,MES-A-MES,TRANSFERENCIA BANCARIA - DEBITO AUTOMATICO,19.4,289.3,1
1245,6507-ZJSUR,MASCULINO,1,SIM,NAO,23,SIM,FIBER OPTIC,NAO,NAO,SIM,MES-A-MES,ENVIO POR E-MAIL,90.45,2117.25,0
1246,9408-HRXRK,FEMININO,0,SIM,SIM,45,SIM,FIBER OPTIC,SIM,NAO,SIM,MES-A-MES,ENVIO POR E-MAIL,105.15,4730.9,0
1247,5593-SUAOO,FEMININO,0,SIM,SIM,24,SIM,FIBER OPTIC,NAO,NAO,NAO,UM ANO,TRANSFERENCIA BANCARIA - DEBITO AUTOMATICO,83.15,2033.05,0
1248,7321-PKUYW,FEMININO,0,NAO,NAO,11,SIM,FIBER OPTIC,NAO,SIM,SIM,MES-A-MES,ENVIO POR E-MAIL,90.15,987.95,1
1249,2833-SLKDQ,MASCULINO,0,NAO,NAO,1,SIM,DSL,NAO,NAO,NAO,MES-A-MES,ENVIO POR CORREIO,45.05,45.05,1
1250,6766-HFKLA,FEMININO,0,SIM,NAO,56,SIM,FIBER OPTIC,NAO,SIM,SIM,DOIS ANOS,TRANSFERENCIA BANCARIA - DEBITO AUTOMATICO,103.2,5744.35,0
1251,7595-EUIVN,FEMININO,0,NAO,NAO,1,SIM,FIBER OPTIC,NAO,NAO,NAO,MES-A-MES,ENVIO POR E-MAIL,75.8,75.8,1
1252,7617-EYGLW,MASCULINO,0,NAO,NAO,1,SIM,NAO,SEM SERVICO DE INTERNET,SEM SERVICO DE INTERNET,SEM SERVICO DE INTERNET,MES-A-MES,ENVIO POR E-MAIL,19.45,19.45,0
1253,2026-TGDHM,FEMININO,0,NAO,NAO,7,SIM,FIBER OPTIC,NAO,NAO,NAO,MES-A-MES,ENVIO POR E-MAIL,79.3,523.15,1
1254,9220-ZNKJI,FEMININO,1,SIM,NAO,55,SIM,FIBER OPTIC,NAO,SIM,SIM,DOIS ANOS,CARTAO DE CREDITO - DEBITO AUTOMATICO,88.8,4805.3,0
1255,4030-VPZBD,FEMININO,0,NAO,NAO,2,SIM,DSL,NAO,SIM,NAO,MES-A-MES,ENVIO POR E-MAIL,30.9,59.05,1
1256,2226-ICFDO,FEMININO,0,SIM,SIM,72,SIM,DSL,SIM,SIM,SIM,DOIS ANOS,CARTAO DE CREDITO - DEBITO AUTOMATICO,85.9,6110.75,0
1257,0723-VSOBE,FEMININO,1,NAO,NAO,45,SIM,DSL,NAO,NAO,NAO,UM ANO,ENVIO POR E-MAIL,34.2,1596.6,0
1258,5529-GIBVH,FEMININO,0,NAO,NAO,47,SIM,NAO,SEM SERVICO DE INTERNET,SEM SERVICO DE INTERNET,SEM SERVICO DE INTERNET,DOIS ANOS,ENVIO POR CORREIO,20.15,1046.2,0
1259,4187-CINZD,FEMININO,1,NAO,NAO,46,SIM,FIBER OPTIC,NAO,NAO,SIM,UM ANO,CARTAO DE CREDITO - DEBITO AUTOMATICO,95.25,4424.2,1
1260,9992-UJOEL,MASCULINO,0,NAO,NAO,2,SIM,DSL,NAO,NAO,NAO,MES-A-MES,ENVIO POR CORREIO,50.3,92.75,0
1261,4741-WWJQZ,FEMININO,0,SIM,NAO,2,SIM,FIBER OPTIC,SIM,SIM,NAO,MES-A-MES,ENVIO POR E-MAIL,80.15,194.55,0
1262,6625-UTXEW,FEMININO,0,SIM,NAO,12,SIM,DSL,NAO,NAO,NAO,MES-A-MES,ENVIO POR E-MAIL,51.25,612.1,0
1263,6818-WOBHJ,FEMININO,1,SIM,NAO,68,SIM,FIBER OPTIC,NAO,NAO,NAO,MES-A-MES,TRANSFERENCIA BANCARIA - DEBITO AUTOMATICO,89.6,6127.6,1
1264,6244-BESBM,MASCULINO,0,SIM,SIM,69,SIM,FIBER OPTIC,NAO,SIM,SIM,DOIS ANOS,CARTAO DE CREDITO - DEBITO AUTOMATICO,95.2,6671.7,0
1265,1004-NOZNR,MASCULINO,1,NAO,SIM,56,SIM,FIBER OPTIC,SIM,NAO,SIM,UM ANO,CARTAO DE CREDITO - DEBITO AUTOMATICO,94.8,5264.3,0
1266,1251-STYSZ,FEMININO,1,NAO,NAO,4,SIM,FIBER OPTIC,SIM,NAO,NAO,MES-A-MES,ENVIO POR E-MAIL,80.25,303.7,0
1267,2612-PHGOX,MASCULINO,0,SIM,NAO,64,SIM,DSL,NAO,SIM,SIM,DOIS ANOS,TRANSFERENCIA BANCARIA - DEBITO AUTOMATICO,76.1,4818.8,0
1268,2408-TZMJL,MASCULINO,0,SIM,NAO,59,SIM,FIBER OPTIC,SIM,NAO,SIM,UM ANO,ENVIO POR E-MAIL,110.15,6448.05,1
1269,8480-PPONV,MASCULINO,0,SIM,SIM,62,SIM,FIBER OPTIC,SIM,SIM,SIM,DOIS ANOS,TRANSFERENCIA BANCARIA - DEBITO AUTOMATICO,115.55,7159.05,0
1270,8780-IHCRN,MASCULINO,0,SIM,SIM,63,SIM,NAO,SEM SERVICO DE INTERNET,SEM SERVICO DE INTERNET,SEM SERVICO DE INTERNET,DOIS ANOS,CARTAO DE CREDITO - DEBITO AUTOMATICO,24.65,1574.5,0
1271,4598-ZADCK,FEMININO,0,NAO,NAO,53,SIM,DSL,SIM,SIM,SIM,UM ANO,ENVIO POR E-MAIL,53.6,2879.2,0
1272,1257-SXUXQ,MASCULINO,0,SIM,SIM,5,SIM,NAO,SEM SERVICO DE INTERNET,SEM SERVICO DE INTERNET,SEM SERVICO DE INTERNET,MES-A-MES,ENVIO POR CORREIO,19.45,86.05,0
1273,9681-KYGYB,MASCULINO,1,SIM,NAO,49,SIM,FIBER OPTIC,SIM,NAO,NAO,MES-A-MES,ENVIO POR E-MAIL,88.2,4159.45,0
1274,7182-OVLBJ,FEMININO,0,SIM,SIM,62,SIM,FIBER OPTIC,SIM,NAO,SIM,DOIS ANOS,TRANSFERENCIA BANCARIA - DEBITO AUTOMATICO,101.15,6638.35,0
1275,5095-ETBRJ,FEMININO,0,SIM,NAO,55,SIM,DSL,SIM,SIM,NAO,DOIS ANOS,ENVIO POR CORREIO,56.8,3112.05,0
1276,7005-CYUIL,FEMININO,1,SIM,NAO,71,SIM,FIBER OPTIC,SIM,SIM,SIM,DOIS ANOS,ENVIO POR E-MAIL,99.4,7168.25,0
1277,4821-WQOYN,FEMININO,0,SIM,SIM,72,SIM,NAO,SEM SERVICO DE INTERNET,SEM SERVICO DE INTERNET,SEM SERVICO DE INTERNET,DOIS ANOS,CARTAO DE CREDITO - DEBITO AUTOMATICO,20.1,1326.25,0
1278,4730-AWNAU,MASCULINO,0,SIM,SIM,36,SIM,DSL,SIM,SIM,SIM,UM ANO,CARTAO DE CREDITO - DEBITO AUTOMATICO,60.7,2234.55,0
1279,3452-FLHYD,MASCULINO,0,SIM,NAO,25,SIM,NAO,SEM SERVICO DE INTERNET,SEM SERVICO DE INTERNET,SEM SERVICO DE INTERNET,UM ANO,TRANSFERENCIA BANCARIA - DEBITO AUTOMATICO,20.95,495.15,0
1280,2388-LAESQ,FEMININO,1,SIM,NAO,72,SIM,FIBER OPTIC,SIM,SIM,SIM,DOIS ANOS,TRANSFERENCIA BANCARIA - DEBITO AUTOMATICO,114.85,8317.95,0
1281,9531-NSBMR,FEMININO,0,NAO,NAO,36,SIM,NAO,SEM SERVICO DE INTERNET,SEM SERVICO DE INTERNET,SEM SERVICO DE INTERNET,UM ANO,TRANSFERENCIA BANCARIA - DEBITO AUTOMATICO,19.25,679.8,0
1282,6260-ONULR,MASCULINO,0,NAO,NAO,1,SIM,DSL,NAO,NAO,SIM,MES-A-MES,ENVIO POR CORREIO,62.8,62.8,0
1283,4389-UEFCZ,FEMININO,0,SIM,NAO,72,SIM,FIBER OPTIC,SIM,NAO,SIM,DOIS ANOS,ENVIO POR E-MAIL,105.5,7544.0,0
1284,8711-LOBKY,MASCULINO,0,SIM,SIM,59,SIM,NAO,SEM SERVICO DE INTERNET,SEM SERVICO DE INTERNET,SEM SERVICO DE INTERNET,DOIS ANOS,ENVIO POR CORREIO,19.85,1188.25,0
1285,9134-CEQMF,MASCULINO,1,SIM,NAO,7,SIM,FIBER OPTIC,NAO,NAO,SIM,MES-A-MES,ENVIO POR E-MAIL,89.5,676.7,1
1286,8985-OOPOS,FEMININO,0,NAO,NAO,1,SIM,DSL,NAO,SIM,SIM,UM ANO,CARTAO DE CREDITO - DEBITO AUTOMATICO,74.1,74.1,0
1287,8800-ZKRFW,FEMININO,0,SIM,SIM,30,SIM,FIBER OPTIC,NAO,SIM,SIM,MES-A-MES,ENVIO POR E-MAIL,107.5,3242.5,0
1288,2616-FLVQC,MASCULINO,0,NAO,NAO,64,SIM,NAO,SEM SERVICO DE INTERNET,SEM SERVICO DE INTERNET,SEM SERVICO DE INTERNET,DOIS ANOS,ENVIO POR CORREIO,19.55,1240.15,0
1289,9968-FFVVH,MASCULINO,0,NAO,NAO,63,SIM,DSL,SIM,SIM,NAO,UM ANO,TRANSFERENCIA BANCARIA - DEBITO AUTOMATICO,68.8,4111.35,0
1290,3108-PCCGG,MASCULINO,1,SIM,NAO,72,SIM,DSL,SIM,NAO,SIM,DOIS ANOS,CARTAO DE CREDITO - DEBITO AUTOMATICO,84.45,5899.85,0
1291,7993-PYKOF,MASCULINO,0,SIM,NAO,8,SIM,FIBER OPTIC,SIM,NAO,NAO,MES-A-MES,ENVIO POR E-MAIL,75.0,632.95,1
1292,8390-FESFV,FEMININO,0,NAO,NAO,62,SIM,DSL,NAO,SIM,SIM,DOIS ANOS,TRANSFERENCIA BANCARIA - DEBITO AUTOMATICO,84.5,5193.2,0
1293,3022-BEXHZ,MASCULINO,0,SIM,SIM,67,SIM,FIBER OPTIC,NAO,SIM,SIM,DOIS ANOS,TRANSFERENCIA BANCARIA - DEBITO AUTOMATICO,111.2,7530.8,0
1294,5027-XWQHA,MASCULINO,0,NAO,NAO,6,SIM,DSL,NAO,NAO,NAO,MES-A-MES,ENVIO POR E-MAIL,44.75,270.95,1
1295,6248-TKCQV,FEMININO,0,SIM,SIM,70,SIM,DSL,SIM,SIM,SIM,DOIS ANOS,TRANSFERENCIA BANCARIA - DEBITO AUTOMATICO,80.6,5460.2,0
1296,6729-GDNGC,FEMININO,1,NAO,NAO,20,SIM,FIBER OPTIC,NAO,NAO,SIM,MES-A-MES,TRANSFERENCIA BANCARIA - DEBITO AUTOMATICO,80.7,1614.2,0
1297,6198-ZFIOJ,FEMININO,0,NAO,NAO,5,SIM,FIBER OPTIC,NAO,NAO,NAO,MES-A-MES,ENVIO POR E-MAIL,75.6,402.5,0
1298,5989-OMNJE,FEMININO,0,SIM,SIM,24,SIM,DSL,SIM,NAO,SIM,UM ANO,ENVIO POR E-MAIL,57.6,1367.75,0
1299,4566-QVRRW,FEMININO,0,SIM,NAO,11,SIM,DSL,NAO,NAO,NAO,MES-A-MES,ENVIO POR E-MAIL,44.05,483.7,1
1300,1291-CUOCY,MASCULINO,0,SIM,NAO,72,SIM,FIBER OPTIC,NAO,SIM,SIM,DOIS ANOS,CARTAO DE CREDITO - DEBITO AUTOMATICO,110.6,7962.2,0
1301,9795-SHUHB,FEMININO,0,SIM,SIM,66,SIM,DSL,SIM,SIM,NAO,DOIS ANOS,CARTAO DE CREDITO - DEBITO AUTOMATICO,58.2,3810.8,0
1302,3230-IUALN,FEMININO,0,SIM,SIM,45,SIM,DSL,SIM,SIM,SIM,DOIS ANOS,ENVIO POR CORREIO,81.0,3533.6,0
1303,0042-RLHYP,FEMININO,0,SIM,SIM,69,SIM,NAO,SEM SERVICO DE INTERNET,SEM SERVICO DE INTERNET,SEM SERVICO DE INTERNET,DOIS ANOS,TRANSFERENCIA BANCARIA - DEBITO AUTOMATICO,19.7,1396.9,0
1304,8519-IMDHU,MASCULINO,1,SIM,NAO,15,SIM,FIBER OPTIC,NAO,NAO,NAO,MES-A-MES,TRANSFERENCIA BANCARIA - DEBITO AUTOMATICO,85.6,1345.55,1
1305,4945-RVMTE,FEMININO,0,NAO,NAO,28,SIM,DSL,NAO,NAO,SIM,MES-A-MES,TRANSFERENCIA BANCARIA - DEBITO AUTOMATICO,59.55,1646.45,0
1306,0201-OAMXR,FEMININO,0,NAO,NAO,70,SIM,FIBER OPTIC,SIM,SIM,SIM,UM ANO,CARTAO DE CREDITO - DEBITO AUTOMATICO,115.55,8127.6,1
1307,1866-NXPSP,FEMININO,0,NAO,NAO,36,SIM,DSL,SIM,SIM,NAO,UM ANO,ENVIO POR CORREIO,75.55,2680.15,0
1308,3372-KWFBM,MASCULINO,1,NAO,NAO,16,SIM,FIBER OPTIC,NAO,NAO,SIM,MES-A-MES,ENVIO POR E-MAIL,86.6,1281.0,1
1309,7831-QGOXH,FEMININO,0,NAO,NAO,18,SIM,FIBER OPTIC,NAO,NAO,SIM,MES-A-MES,ENVIO POR E-MAIL,85.2,1553.9,1
1310,6393-WRYZE,FEMININO,0,SIM,NAO,34,SIM,FIBER OPTIC,NAO,NAO,SIM,MES-A-MES,ENVIO POR E-MAIL,97.65,3207.55,1
1311,3941-XTSKM,MASCULINO,0,SIM,SIM,42,SIM,DSL,NAO,NAO,NAO,UM ANO,CARTAO DE CREDITO - DEBITO AUTOMATICO,45.1,2049.05,0
1312,1661-CZBAU,MASCULINO,0,NAO,NAO,48,SIM,DSL,SIM,SIM,NAO,UM ANO,TRANSFERENCIA BANCARIA - DEBITO AUTOMATICO,70.95,3629.2,0
1313,6599-RCLCJ,MASCULINO,0,SIM,NAO,47,SIM,FIBER OPTIC,NAO,SIM,SIM,MES-A-MES,ENVIO POR E-MAIL,109.55,5124.55,1
1314,9831-BPFRI,FEMININO,0,SIM,SIM,39,SIM,FIBER OPTIC,NAO,SIM,NAO,UM ANO,ENVIO POR E-MAIL,89.55,3474.45,1
1315,5158-RIVOP,FEMININO,0,SIM,SIM,11,SIM,NAO,SEM SERVICO DE INTERNET,SEM SERVICO DE INTERNET,SEM SERVICO DE INTERNET,DOIS ANOS,CARTAO DE CREDITO - DEBITO AUTOMATICO,20.9,202.3,0
1316,9788-YTFGE,MASCULINO,0,NAO,NAO,7,SIM,NAO,SEM SERVICO DE INTERNET,SEM SERVICO DE INTERNET,SEM SERVICO DE INTERNET,MES-A-MES,ENVIO POR CORREIO,19.95,147.5,0
1317,9277-JOOMO,FEMININO,0,NAO,NAO,3,SIM,NAO,SEM SERVICO DE INTERNET,SEM SERVICO DE INTERNET,SEM SERVICO DE INTERNET,MES-A-MES,ENVIO POR CORREIO,24.6,86.35,0
1318,1907-YLNYW,MASCULINO,0,NAO,NAO,8,SIM,DSL,SIM,NAO,NAO,MES-A-MES,ENVIO POR E-MAIL,66.7,579.0,0
1319,1725-MIMXW,MASCULINO,0,NAO,SIM,1,SIM,NAO,SEM SERVICO DE INTERNET,SEM SERVICO DE INTERNET,SEM SERVICO DE INTERNET,MES-A-MES,ENVIO POR CORREIO,19.45,19.45,1
1320,8947-YRTDV,MASCULINO,0,SIM,SIM,32,SIM,FIBER OPTIC,SIM,NAO,NAO,UM ANO,ENVIO POR CORREIO,94.8,3131.55,0
1321,3161-ONRWK,MASCULINO,0,SIM,SIM,60,SIM,DSL,SIM,SIM,NAO,UM ANO,TRANSFERENCIA BANCARIA - DEBITO AUTOMATICO,65.85,3928.3,0
1322,0114-RSRRW,FEMININO,0,SIM,NAO,10,SIM,NAO,SEM SERVICO DE INTERNET,SEM SERVICO DE INTERNET,SEM SERVICO DE INTERNET,MES-A-MES,TRANSFERENCIA BANCARIA - DEBITO AUTOMATICO,19.95,187.75,0
1323,4565-NLZBV,FEMININO,0,SIM,NAO,71,SIM,NAO,SEM SERVICO DE INTERNET,SEM SERVICO DE INTERNET,SEM SERVICO DE INTERNET,DOIS ANOS,TRANSFERENCIA BANCARIA - DEBITO AUTOMATICO,24.65,1710.15,0
1324,0031-PVLZI,FEMININO,0,SIM,SIM,4,SIM,NAO,SEM SERVICO DE INTERNET,SEM SERVICO DE INTERNET,SEM SERVICO DE INTERNET,MES-A-MES,ENVIO POR CORREIO,20.35,76.35,1
1325,7206-GZCDC,FEMININO,1,NAO,NAO,1,SIM,FIBER OPTIC,NAO,NAO,NAO,MES-A-MES,ENVIO POR E-MAIL,69.25,69.25,1
1326,6682-VCIXC,FEMININO,0,SIM,SIM,43,SIM,DSL,SIM,SIM,SIM,UM ANO,TRANSFERENCIA BANCARIA - DEBITO AUTOMATICO,51.25,2151.6,0
1327,4791-QRGMF,MASCULINO,0,SIM,NAO,59,SIM,FIBER OPTIC,NAO,NAO,SIM,UM ANO,TRANSFERENCIA BANCARIA - DEBITO AUTOMATICO,99.5,5961.1,1
1328,6475-VHUIZ,FEMININO,0,SIM,NAO,23,SIM,DSL,NAO,SIM,NAO,MES-A-MES,ENVIO POR E-MAIL,54.25,1221.55,0
1329,3910-MRQOY,FEMININO,0,SIM,NAO,72,SIM,NAO,SEM SERVICO DE INTERNET,SEM SERVICO DE INTERNET,SEM SERVICO DE INTERNET,DOIS ANOS,TRANSFERENCIA BANCARIA - DEBITO AUTOMATICO,19.4,1496.45,0
1330,0661-WCQNQ,MASCULINO,0,SIM,NAO,22,SIM,DSL,SIM,SIM,NAO,UM ANO,CARTAO DE CREDITO - DEBITO AUTOMATICO,56.25,1292.2,0
1331,7537-RBWEA,FEMININO,0,NAO,NAO,1,SIM,DSL,NAO,NAO,NAO,MES-A-MES,ENVIO POR CORREIO,25.15,25.15,0
1332,4656-CAURT,MASCULINO,0,NAO,NAO,69,SIM,NAO,SEM SERVICO DE INTERNET,SEM SERVICO DE INTERNET,SEM SERVICO DE INTERNET,DOIS ANOS,TRANSFERENCIA BANCARIA - DEBITO AUTOMATICO,23.95,1713.1,0
1333,0121-SNYRK,MASCULINO,0,NAO,NAO,50,SIM,DSL,SIM,SIM,NAO,UM ANO,ENVIO POR CORREIO,35.4,1748.9,0
1334,1768-ZAIFU,FEMININO,1,NAO,NAO,1,SIM,DSL,NAO,NAO,NAO,MES-A-MES,ENVIO POR E-MAIL,25.2,25.2,1
1335,4671-LXRDQ,MASCULINO,0,NAO,NAO,2,SIM,DSL,NAO,NAO,NAO,MES-A-MES,ENVIO POR CORREIO,45.0,96.45,1
1336,3733-LSYCE,FEMININO,0,SIM,NAO,15,SIM,FIBER OPTIC,NAO,NAO,NAO,MES-A-MES,TRANSFERENCIA BANCARIA - DEBITO AUTOMATICO,75.35,1114.55,0
1337,6265-FRMTQ,MASCULINO,0,NAO,NAO,31,SIM,NAO,SEM SERVICO DE INTERNET,SEM SERVICO DE INTERNET,SEM SERVICO DE INTERNET,DOIS ANOS,TRANSFERENCIA BANCARIA - DEBITO AUTOMATICO,20.4,609.1,0
1338,1934-SJVJK,MASCULINO,0,NAO,NAO,1,SIM,NAO,SEM SERVICO DE INTERNET,SEM SERVICO DE INTERNET,SEM SERVICO DE INTERNET,MES-A-MES,ENVIO POR CORREIO,20.15,20.15,1
1339,3838-OZURD,MASCULINO,0,SIM,NAO,66,SIM,FIBER OPTIC,NAO,NAO,SIM,MES-A-MES,CARTAO DE CREDITO - DEBITO AUTOMATICO,105.0,7133.25,1
1340,1371-DWPAZ,FEMININO,0,SIM,SIM,0,SIM,DSL,SIM,SIM,SIM,DOIS ANOS,CARTAO DE CREDITO - DEBITO AUTOMATICO,56.05,56.05,0
1341,9269-CQOOL,MASCULINO,0,NAO,SIM,3,SIM,DSL,NAO,NAO,SIM,MES-A-MES,CARTAO DE CREDITO - DEBITO AUTOMATICO,54.7,169.45,1
1342,2017-CCBLH,FEMININO,0,NAO,NAO,8,SIM,NAO,SEM SERVICO DE INTERNET,SEM SERVICO DE INTERNET,SEM SERVICO DE INTERNET,DOIS ANOS,ENVIO POR CORREIO,20.0,141.6,0
1343,7690-KPNCU,MASCULINO,0,SIM,SIM,64,SIM,DSL,SIM,NAO,SIM,UM ANO,CARTAO DE CREDITO - DEBITO AUTOMATICO,73.05,4688.65,0
1344,0536-BGFMZ,FEMININO,0,SIM,NAO,28,SIM,NAO,SEM SERVICO DE INTERNET,SEM SERVICO DE INTERNET,SEM SERVICO DE INTERNET,MES-A-MES,ENVIO POR CORREIO,20.5,563.05,0
1345,2293-IJWPS,FEMININO,0,SIM,NAO,57,SIM,FIBER OPTIC,NAO,NAO,SIM,UM ANO,CARTAO DE CREDITO - DEBITO AUTOMATICO,100.75,5985.0,0
1346,2845-HSJCY,FEMININO,0,SIM,SIM,14,SIM,FIBER OPTIC,NAO,NAO,NAO,MES-A-MES,ENVIO POR E-MAIL,87.25,1258.6,1
1347,5469-NUJUR,MASCULINO,0,NAO,NAO,19,SIM,NAO,SEM SERVICO DE INTERNET,SEM SERVICO DE INTERNET,SEM SERVICO DE INTERNET,DOIS ANOS,ENVIO POR CORREIO,19.95,373.5,0
1348,1184-PJVDB,MASCULINO,0,SIM,NAO,10,SIM,FIBER OPTIC,NAO,NAO,SIM,MES-A-MES,ENVIO POR E-MAIL,79.95,857.2,1
1349,2625-TRCZQ,FEMININO,0,SIM,NAO,51,SIM,DSL,NAO,NAO,SIM,MES-A-MES,ENVIO POR E-MAIL,49.65,2553.35,0
1350,4102-HLENU,FEMININO,0,SIM,NAO,67,SIM,DSL,SIM,NAO,NAO,DOIS ANOS,ENVIO POR CORREIO,65.65,4322.85,0
1351,7266-GSSJX,MASCULINO,0,SIM,SIM,11,SIM,NAO,SEM SERVICO DE INTERNET,SEM SERVICO DE INTERNET,SEM SERVICO DE INTERNET,MES-A-MES,ENVIO POR E-MAIL,20.45,250.8,0
1352,7722-VJRQD,MASCULINO,0,SIM,SIM,72,SIM,DSL,SIM,SIM,SIM,DOIS ANOS,TRANSFERENCIA BANCARIA - DEBITO AUTOMATICO,60.95,4549.05,0
1353,7073-QETQY,MASCULINO,0,SIM,SIM,66,SIM,NAO,SEM SERVICO DE INTERNET,SEM SERVICO DE INTERNET,SEM SERVICO DE INTERNET,UM ANO,ENVIO POR E-MAIL,20.35,1359.5,0
1354,9415-DPEWS,FEMININO,0,NAO,NAO,18,SIM,FIBER OPTIC,NAO,SIM,SIM,MES-A-MES,ENVIO POR E-MAIL,88.35,1639.3,1
1355,5624-RYAMH,FEMININO,0,NAO,NAO,9,SIM,NAO,SEM SERVICO DE INTERNET,SEM SERVICO DE INTERNET,SEM SERVICO DE INTERNET,MES-A-MES,ENVIO POR E-MAIL,19.5,178.85,0
1356,0196-JTUQI,FEMININO,0,NAO,NAO,9,SIM,FIBER OPTIC,NAO,NAO,NAO,MES-A-MES,CARTAO DE CREDITO - DEBITO AUTOMATICO,75.2,633.85,0
1357,7130-YXBRO,MASCULINO,0,SIM,NAO,48,SIM,FIBER OPTIC,SIM,NAO,SIM,MES-A-MES,TRANSFERENCIA BANCARIA - DEBITO AUTOMATICO,111.45,5315.1,0
1358,9272-LSVYH,MASCULINO,0,NAO,NAO,10,SIM,FIBER OPTIC,NAO,NAO,NAO,MES-A-MES,ENVIO POR CORREIO,70.15,735.5,0
1359,7943-RQCHR,FEMININO,0,NAO,NAO,9,SIM,FIBER OPTIC,NAO,NAO,SIM,MES-A-MES,ENVIO POR E-MAIL,94.75,889.9,1
1360,3793-MMFUH,FEMININO,1,NAO,NAO,13,SIM,FIBER OPTIC,NAO,NAO,SIM,MES-A-MES,ENVIO POR E-MAIL,95.05,1290.0,1
1361,3249-ZPQRG,MASCULINO,0,NAO,NAO,4,SIM,FIBER OPTIC,NAO,NAO,NAO,MES-A-MES,ENVIO POR E-MAIL,78.45,330.05,1
1362,2568-BRGYX,MASCULINO,0,NAO,NAO,4,SIM,FIBER OPTIC,NAO,NAO,NAO,MES-A-MES,ENVIO POR E-MAIL,70.2,237.95,1
1363,3084-DOWLE,FEMININO,0,SIM,NAO,72,SIM,DSL,SIM,SIM,SIM,DOIS ANOS,TRANSFERENCIA BANCARIA - DEBITO AUTOMATICO,92.0,6474.4,0
1364,1084-MNSMJ,FEMININO,0,SIM,SIM,51,SIM,DSL,SIM,SIM,SIM,DOIS ANOS,CARTAO DE CREDITO - DEBITO AUTOMATICO,85.5,4421.95,0
1365,7721-JXEAW,MASCULINO,0,SIM,NAO,59,SIM,DSL,NAO,NAO,NAO,MES-A-MES,TRANSFERENCIA BANCARIA - DEBITO AUTOMATICO,41.05,2452.7,1
1366,7249-WBIYX,MASCULINO,0,SIM,NAO,10,SIM,FIBER OPTIC,NAO,NAO,SIM,MES-A-MES,ENVIO POR E-MAIL,85.6,813.85,1
1367,4238-HFHSN,MASCULINO,1,SIM,NAO,61,SIM,FIBER OPTIC,NAO,NAO,NAO,MES-A-MES,ENVIO POR E-MAIL,82.15,4904.85,0
1368,6250-CGGUN,MASCULINO,0,NAO,NAO,54,SIM,FIBER OPTIC,SIM,SIM,NAO,UM ANO,ENVIO POR E-MAIL,84.4,4484.05,0
1369,5478-JJVZK,FEMININO,0,NAO,NAO,33,SIM,DSL,SIM,NAO,NAO,MES-A-MES,ENVIO POR CORREIO,60.9,2033.85,0
1370,7596-IIWYC,FEMININO,0,NAO,NAO,27,SIM,NAO,SEM SERVICO DE INTERNET,SEM SERVICO DE INTERNET,SEM SERVICO DE INTERNET,DOIS ANOS,TRANSFERENCIA BANCARIA - DEBITO AUTOMATICO,20.25,538.2,0
1371,6567-HOOPW,FEMININO,1,NAO,NAO,1,SIM,FIBER OPTIC,NAO,NAO,SIM,MES-A-MES,ENVIO POR E-MAIL,79.2,79.2,1
1372,9793-WECQC,MASCULINO,0,NAO,NAO,23,SIM,FIBER OPTIC,NAO,NAO,SIM,MES-A-MES,ENVIO POR CORREIO,95.3,2192.9,0
1373,4291-HPAXL,MASCULINO,0,NAO,SIM,1,SIM,NAO,SEM SERVICO DE INTERNET,SEM SERVICO DE INTERNET,SEM SERVICO DE INTERNET,MES-A-MES,ENVIO POR CORREIO,19.85,19.85,0
1374,8999-YPYBV,MASCULINO,0,SIM,SIM,45,SIM,DSL,SIM,SIM,SIM,DOIS ANOS,ENVIO POR CORREIO,84.35,3858.05,0
1375,1839-FBNFR,FEMININO,0,SIM,SIM,39,SIM,NAO,SEM SERVICO DE INTERNET,SEM SERVICO DE INTERNET,SEM SERVICO DE INTERNET,DOIS ANOS,TRANSFERENCIA BANCARIA - DEBITO AUTOMATICO,19.85,854.8,0
1376,3164-AALRN,MASCULINO,0,NAO,NAO,5,SIM,DSL,NAO,NAO,SIM,UM ANO,ENVIO POR CORREIO,70.0,347.4,1
1377,3071-MVJCD,MASCULINO,0,SIM,SIM,72,SIM,DSL,SIM,SIM,SIM,DOIS ANOS,TRANSFERENCIA BANCARIA - DEBITO AUTOMATICO,82.3,5815.15,0
1378,1697-BCSHV,FEMININO,0,SIM,SIM,58,SIM,DSL,NAO,NAO,SIM,MES-A-MES,TRANSFERENCIA BANCARIA - DEBITO AUTOMATICO,66.8,3970.4,0
1379,0562-KBDVM,FEMININO,0,NAO,NAO,70,SIM,DSL,SIM,SIM,NAO,DOIS ANOS,TRANSFERENCIA BANCARIA - DEBITO AUTOMATICO,44.6,3058.15,0
1380,1131-SUEKT,MASCULINO,0,SIM,SIM,61,SIM,FIBER OPTIC,NAO,SIM,SIM,UM ANO,TRANSFERENCIA BANCARIA - DEBITO AUTOMATICO,98.45,6145.2,0
1381,3717-OEAUQ,MASCULINO,0,NAO,NAO,2,SIM,FIBER OPTIC,NAO,NAO,NAO,MES-A-MES,ENVIO POR CORREIO,70.7,129.2,0
1382,4538-WNTMJ,FEMININO,0,SIM,SIM,46,SIM,NAO,SEM SERVICO DE INTERNET,SEM SERVICO DE INTERNET,SEM SERVICO DE INTERNET,UM ANO,ENVIO POR CORREIO,24.95,1165.9,0
1383,3334-CTHOL,FEMININO,0,NAO,NAO,1,SIM,DSL,NAO,NAO,NAO,MES-A-MES,TRANSFERENCIA BANCARIA - DEBITO AUTOMATICO,49.95,49.95,1
1384,4704-ERYFC,FEMININO,0,SIM,NAO,22,SIM,FIBER OPTIC,NAO,NAO,NAO,MES-A-MES,ENVIO POR E-MAIL,69.25,1554.0,1
1385,9432-RUVSL,FEMININO,0,NAO,NAO,48,SIM,FIBER OPTIC,SIM,SIM,SIM,DOIS ANOS,CARTAO DE CREDITO - DEBITO AUTOMATICO,102.5,4904.25,0
1386,8060-HIWJJ,MASCULINO,0,NAO,NAO,64,SIM,DSL,NAO,SIM,SIM,DOIS ANOS,CARTAO DE CREDITO - DEBITO AUTOMATICO,86.55,5632.55,0
1387,7684-XSZIY,MASCULINO,0,SIM,SIM,72,SIM,NAO,SEM SERVICO DE INTERNET,SEM SERVICO DE INTERNET,SEM SERVICO DE INTERNET,DOIS ANOS,TRANSFERENCIA BANCARIA - DEBITO AUTOMATICO,24.3,1643.25,0
1388,9089-UOWJG,FEMININO,0,SIM,SIM,12,SIM,DSL,NAO,NAO,SIM,MES-A-MES,CARTAO DE CREDITO - DEBITO AUTOMATICO,58.35,740.55,0
1389,8621-MNIHH,FEMININO,1,SIM,NAO,34,SIM,FIBER OPTIC,NAO,NAO,NAO,MES-A-MES,ENVIO POR E-MAIL,94.25,3217.55,1
1390,8039-ACLPL,FEMININO,0,SIM,SIM,72,SIM,DSL,SIM,NAO,NAO,DOIS ANOS,CARTAO DE CREDITO - DEBITO AUTOMATICO,68.75,4888.2,0
1391,9885-AIBVB,MASCULINO,0,SIM,NAO,29,SIM,FIBER OPTIC,NAO,NAO,NAO,MES-A-MES,ENVIO POR E-MAIL,85.8,2440.25,0
1392,1934-MKPXS,MASCULINO,0,SIM,SIM,33,SIM,NAO,SEM SERVICO DE INTERNET,SEM SERVICO DE INTERNET,SEM SERVICO DE INTERNET,UM ANO,CARTAO DE CREDITO - DEBITO AUTOMATICO,20.1,620.55,0
1393,2592-YKDIF,FEMININO,0,NAO,NAO,1,SIM,NAO,SEM SERVICO DE INTERNET,SEM SERVICO DE INTERNET,SEM SERVICO DE INTERNET,MES-A-MES,ENVIO POR CORREIO,20.35,20.35,0
1394,2272-JKMSI,FEMININO,0,SIM,SIM,62,SIM,FIBER OPTIC,NAO,SIM,SIM,UM ANO,ENVIO POR E-MAIL,110.8,6840.95,0
1395,0471-LVHGK,MASCULINO,0,SIM,NAO,41,SIM,DSL,NAO,NAO,SIM,UM ANO,ENVIO POR E-MAIL,73.0,3001.2,1
1396,9518-RWHZL,FEMININO,0,NAO,NAO,64,SIM,FIBER OPTIC,NAO,NAO,SIM,UM ANO,CARTAO DE CREDITO - DEBITO AUTOMATICO,100.05,6254.2,1
1397,8714-CTZJW,FEMININO,0,NAO,NAO,4,SIM,FIBER OPTIC,NAO,NAO,NAO,MES-A-MES,CARTAO DE CREDITO - DEBITO AUTOMATICO,82.85,319.6,0
1398,3569-EDBPQ,FEMININO,0,NAO,NAO,24,SIM,FIBER OPTIC,SIM,SIM,NAO,MES-A-MES,ENVIO POR E-MAIL,84.35,1938.05,0
1399,3131-NWVFJ,FEMININO,0,SIM,SIM,14,SIM,NAO,SEM SERVICO DE INTERNET,SEM SERVICO DE INTERNET,SEM SERVICO DE INTERNET,UM ANO,ENVIO POR CORREIO,19.55,294.5,0
1400,7521-YXVZY,MASCULINO,0,NAO,SIM,3,SIM,NAO,SEM SERVICO DE INTERNET,SEM SERVICO DE INTERNET,SEM SERVICO DE INTERNET,MES-A-MES,ENVIO POR CORREIO,19.95,58.3,0
1401,5419-CONWX,FEMININO,1,NAO,NAO,4,SIM,FIBER OPTIC,NAO,NAO,SIM,MES-A-MES,CARTAO DE CREDITO - DEBITO AUTOMATICO,99.8,442.85,1
1402,6240-EURKS,FEMININO,0,NAO,SIM,18,SIM,DSL,NAO,NAO,NAO,MES-A-MES,ENVIO POR E-MAIL,35.0,553.0,1
1403,2373-NTKOD,MASCULINO,0,NAO,NAO,8,SIM,DSL,NAO,NAO,SIM,MES-A-MES,ENVIO POR E-MAIL,66.25,546.45,0
1404,1970-KKFWL,FEMININO,0,NAO,NAO,35,SIM,NAO,SEM SERVICO DE INTERNET,SEM SERVICO DE INTERNET,SEM SERVICO DE INTERNET,DOIS ANOS,TRANSFERENCIA BANCARIA - DEBITO AUTOMATICO,23.3,797.1,0
1405,6960-HVYXR,FEMININO,0,NAO,NAO,1,SIM,FIBER OPTIC,NAO,NAO,NAO,MES-A-MES,ENVIO POR E-MAIL,76.0,76.0,1
1406,9337-SRRNI,MASCULINO,0,NAO,SIM,66,SIM,NAO,SEM SERVICO DE INTERNET,SEM SERVICO DE INTERNET,SEM SERVICO DE INTERNET,DOIS ANOS,CARTAO DE CREDITO - DEBITO AUTOMATICO,25.3,1673.8,0
1407,0895-UADGO,MASCULINO,0,NAO,SIM,8,SIM,DSL,SIM,SIM,NAO,DOIS ANOS,ENVIO POR CORREIO,44.55,343.45,0
1408,5678-VFNEQ,FEMININO,0,SIM,NAO,71,SIM,FIBER OPTIC,SIM,NAO,SIM,UM ANO,CARTAO DE CREDITO - DEBITO AUTOMATICO,104.1,7412.25,0
1409,5977-CKHON,FEMININO,0,SIM,SIM,43,SIM,FIBER OPTIC,NAO,NAO,NAO,MES-A-MES,TRANSFERENCIA BANCARIA - DEBITO AUTOMATICO,92.55,4039.0,0
1410,7024-OHCCK,FEMININO,1,NAO,NAO,2,SIM,FIBER OPTIC,NAO,NAO,SIM,MES-A-MES,ENVIO POR E-MAIL,93.85,170.85,1
1411,2692-BUCFV,MASCULINO,1,NAO,NAO,29,SIM,FIBER OPTIC,NAO,NAO,SIM,MES-A-MES,TRANSFERENCIA BANCARIA - DEBITO AUTOMATICO,101.45,2948.6,0
1412,7861-UVUFT,FEMININO,0,SIM,NAO,15,SIM,FIBER OPTIC,NAO,NAO,SIM,MES-A-MES,ENVIO POR E-MAIL,84.3,1308.4,1
1413,1830-GGFNM,MASCULINO,0,SIM,SIM,65,SIM,FIBER OPTIC,SIM,SIM,NAO,DOIS ANOS,CARTAO DE CREDITO - DEBITO AUTOMATICO,94.55,6078.75,0
1414,5302-BDJNT,MASCULINO,0,NAO,NAO,35,SIM,FIBER OPTIC,NAO,SIM,SIM,MES-A-MES,ENVIO POR E-MAIL,95.5,3418.2,0
1415,5223-UZAVK,MASCULINO,0,NAO,NAO,64,SIM,FIBER OPTIC,SIM,NAO,SIM,UM ANO,CARTAO DE CREDITO - DEBITO AUTOMATICO,100.3,6603.8,0
1416,4859-ZSRDZ,FEMININO,0,SIM,SIM,58,SIM,DSL,NAO,SIM,SIM,DOIS ANOS,CARTAO DE CREDITO - DEBITO AUTOMATICO,55.5,3166.9,0
1417,5651-WYIPH,FEMININO,1,NAO,NAO,18,SIM,DSL,NAO,NAO,NAO,MES-A-MES,CARTAO DE CREDITO - DEBITO AUTOMATICO,49.85,865.75,0
1418,9350-VLHMB,MASCULINO,0,SIM,SIM,67,SIM,FIBER OPTIC,NAO,NAO,NAO,MES-A-MES,TRANSFERENCIA BANCARIA - DEBITO AUTOMATICO,89.55,6373.1,0
1419,3498-LZGQZ,MASCULINO,0,SIM,SIM,63,SIM,NAO,SEM SERVICO DE INTERNET,SEM SERVICO DE INTERNET,SEM SERVICO DE INTERNET,DOIS ANOS,ENVIO POR CORREIO,19.15,1177.05,0
1420,8785-CJSHH,FEMININO,0,SIM,NAO,60,SIM,FIBER OPTIC,NAO,NAO,SIM,MES-A-MES,ENVIO POR E-MAIL,99.8,5985.75,0
1421,5357-TZHPP,MASCULINO,1,NAO,NAO,9,SIM,FIBER OPTIC,NAO,NAO,NAO,MES-A-MES,CARTAO DE CREDITO - DEBITO AUTOMATICO,84.4,732.5,1
1422,3870-SPZSI,FEMININO,0,SIM,SIM,70,SIM,FIBER OPTIC,SIM,SIM,SIM,DOIS ANOS,CARTAO DE CREDITO - DEBITO AUTOMATICO,113.05,7869.05,0
1423,0680-DFNNY,MASCULINO,0,SIM,NAO,15,SIM,FIBER OPTIC,NAO,NAO,SIM,MES-A-MES,ENVIO POR E-MAIL,101.1,1504.05,1
1424,7560-QRBXH,FEMININO,0,NAO,SIM,48,SIM,NAO,SEM SERVICO DE INTERNET,SEM SERVICO DE INTERNET,SEM SERVICO DE INTERNET,UM ANO,ENVIO POR CORREIO,19.95,936.7,0
1425,7077-XJMET,MASCULINO,0,SIM,NAO,12,SIM,DSL,NAO,SIM,SIM,MES-A-MES,ENVIO POR E-MAIL,74.15,741.4,0
1426,8752-GHJFU,MASCULINO,1,SIM,NAO,71,SIM,FIBER OPTIC,SIM,SIM,NAO,UM ANO,ENVIO POR E-MAIL,92.0,6585.2,0
1427,6896-SRVYQ,MASCULINO,1,NAO,NAO,44,SIM,FIBER OPTIC,NAO,NAO,NAO,MES-A-MES,ENVIO POR E-MAIL,73.85,3122.4,0
1428,7767-UXAGJ,MASCULINO,0,NAO,NAO,1,SIM,DSL,NAO,NAO,NAO,MES-A-MES,ENVIO POR E-MAIL,50.45,50.45,1
1429,4652-ODEVH,MASCULINO,0,SIM,SIM,45,SIM,NAO,SEM SERVICO DE INTERNET,SEM SERVICO DE INTERNET,SEM SERVICO DE INTERNET,DOIS ANOS,ENVIO POR CORREIO,24.45,1088.25,0
1430,6510-UPNKS,FEMININO,0,NAO,NAO,23,SIM,NAO,SEM SERVICO DE INTERNET,SEM SERVICO DE INTERNET,SEM SERVICO DE INTERNET,UM ANO,CARTAO DE CREDITO - DEBITO AUTOMATICO,24.8,615.35,0
1431,6718-BDGHG,FEMININO,0,SIM,NAO,43,SIM,DSL,NAO,SIM,SIM,UM ANO,TRANSFERENCIA BANCARIA - DEBITO AUTOMATICO,64.85,2908.2,0
1432,9046-DQMTP,MASCULINO,0,NAO,NAO,35,SIM,NAO,SEM SERVICO DE INTERNET,SEM SERVICO DE INTERNET,SEM SERVICO DE INTERNET,MES-A-MES,TRANSFERENCIA BANCARIA - DEBITO AUTOMATICO,20.75,739.9,0
1433,6439-LAJXL,MASCULINO,0,SIM,NAO,9,SIM,DSL,SIM,SIM,SIM,MES-A-MES,ENVIO POR CORREIO,68.95,593.85,0
1434,1571-SAVHK,MASCULINO,0,NAO,NAO,12,SIM,FIBER OPTIC,NAO,SIM,SIM,MES-A-MES,ENVIO POR CORREIO,99.95,1132.75,1
1435,9052-VKDUW,FEMININO,1,SIM,NAO,65,SIM,FIBER OPTIC,SIM,NAO,SIM,MES-A-MES,CARTAO DE CREDITO - DEBITO AUTOMATICO,109.4,7227.45,0
1436,9546-CQJSU,FEMININO,0,NAO,NAO,2,SIM,FIBER OPTIC,NAO,NAO,SIM,MES-A-MES,ENVIO POR E-MAIL,91.4,193.6,1
1437,1666-JZPZT,MASCULINO,0,NAO,NAO,27,SIM,DSL,NAO,NAO,NAO,MES-A-MES,ENVIO POR CORREIO,49.0,1291.35,0
1438,5777-KJIRB,FEMININO,0,NAO,NAO,40,SIM,DSL,NAO,NAO,NAO,UM ANO,ENVIO POR CORREIO,50.25,2023.55,0
1439,0506-LVNGN,FEMININO,1,NAO,NAO,5,SIM,FIBER OPTIC,NAO,NAO,NAO,MES-A-MES,CARTAO DE CREDITO - DEBITO AUTOMATICO,75.55,349.65,1
1440,7677-SJJJK,MASCULINO,0,SIM,SIM,8,SIM,NAO,SEM SERVICO DE INTERNET,SEM SERVICO DE INTERNET,SEM SERVICO DE INTERNET,UM ANO,CARTAO DE CREDITO - DEBITO AUTOMATICO,19.9,153.95,0
1441,2480-EJWYP,FEMININO,1,SIM,NAO,58,SIM,FIBER OPTIC,NAO,NAO,SIM,UM ANO,TRANSFERENCIA BANCARIA - DEBITO AUTOMATICO,97.8,5458.8,0
1442,3253-HKOKL,FEMININO,0,SIM,SIM,52,SIM,FIBER OPTIC,SIM,NAO,SIM,UM ANO,ENVIO POR E-MAIL,100.3,5244.45,0
1443,7055-HNEOJ,MASCULINO,0,SIM,NAO,3,SIM,DSL,NAO,SIM,NAO,MES-A-MES,ENVIO POR CORREIO,55.8,154.55,0
1444,5514-YQENT,MASCULINO,0,NAO,SIM,41,SIM,FIBER OPTIC,SIM,SIM,SIM,DOIS ANOS,ENVIO POR E-MAIL,111.15,4507.15,0
1445,3211-AAPKX,MASCULINO,0,NAO,NAO,20,SIM,FIBER OPTIC,NAO,SIM,SIM,MES-A-MES,ENVIO POR CORREIO,98.55,2031.95,0
1446,8445-DNBAE,MASCULINO,0,NAO,SIM,1,SIM,DSL,NAO,NAO,NAO,MES-A-MES,ENVIO POR E-MAIL,50.05,50.05,0
1447,2951-QOQTK,MASCULINO,0,NAO,SIM,4,SIM,FIBER OPTIC,NAO,SIM,NAO,MES-A-MES,CARTAO DE CREDITO - DEBITO AUTOMATICO,80.8,332.45,1
1448,2958-NHPPS,MASCULINO,0,NAO,NAO,23,SIM,NAO,SEM SERVICO DE INTERNET,SEM SERVICO DE INTERNET,SEM SERVICO DE INTERNET,MES-A-MES,ENVIO POR E-MAIL,20.85,473.9,0
1449,6806-YDEUL,FEMININO,1,NAO,NAO,6,SIM,NAO,SEM SERVICO DE INTERNET,SEM SERVICO DE INTERNET,SEM SERVICO DE INTERNET,MES-A-MES,TRANSFERENCIA BANCARIA - DEBITO AUTOMATICO,19.5,106.8,0
1450,1735-XMJVH,MASCULINO,0,SIM,SIM,8,SIM,NAO,SEM SERVICO DE INTERNET,SEM SERVICO DE INTERNET,SEM SERVICO DE INTERNET,MES-A-MES,ENVIO POR CORREIO,19.35,152.6,0
1451,6890-PFRQX,MASCULINO,0,NAO,NAO,18,SIM,DSL,SIM,NAO,SIM,MES-A-MES,ENVIO POR CORREIO,69.5,1199.4,0
1452,0222-CNVPT,MASCULINO,1,NAO,NAO,52,SIM,DSL,SIM,NAO,SIM,MES-A-MES,CARTAO DE CREDITO - DEBITO AUTOMATICO,48.8,2555.05,0
1453,5899-OUVKV,MASCULINO,0,NAO,NAO,31,SIM,FIBER OPTIC,NAO,NAO,SIM,MES-A-MES,ENVIO POR E-MAIL,94.5,2979.2,0
1454,8681-ICONS,MASCULINO,0,SIM,SIM,29,SIM,NAO,SEM SERVICO DE INTERNET,SEM SERVICO DE INTERNET,SEM SERVICO DE INTERNET,MES-A-MES,ENVIO POR CORREIO,20.65,654.85,0
1455,1621-YNCJH,FEMININO,0,SIM,NAO,36,SIM,FIBER OPTIC,SIM,SIM,NAO,DOIS ANOS,CARTAO DE CREDITO - DEBITO AUTOMATICO,106.05,3834.4,0
1456,3473-XIIIT,FEMININO,0,SIM,NAO,16,SIM,FIBER OPTIC,NAO,NAO,SIM,MES-A-MES,ENVIO POR E-MAIL,100.0,1534.75,1
1457,6362-QHAFM,MASCULINO,0,SIM,NAO,42,SIM,FIBER OPTIC,NAO,SIM,SIM,UM ANO,ENVIO POR E-MAIL,108.3,4586.15,0
1458,7893-IXHRQ,MASCULINO,0,NAO,NAO,1,SIM,NAO,SEM SERVICO DE INTERNET,SEM SERVICO DE INTERNET,SEM SERVICO DE INTERNET,MES-A-MES,ENVIO POR E-MAIL,20.55,20.55,1
1459,3070-BDOQC,FEMININO,0,NAO,NAO,60,SIM,FIBER OPTIC,NAO,NAO,SIM,DOIS ANOS,ENVIO POR E-MAIL,99.65,5941.05,0
1460,2952-QAYZF,MASCULINO,0,NAO,NAO,5,SIM,FIBER OPTIC,NAO,NAO,NAO,MES-A-MES,ENVIO POR E-MAIL,85.3,424.15,1
1461,6234-PFPXL,MASCULINO,0,SIM,NAO,22,SIM,FIBER OPTIC,SIM,SIM,SIM,MES-A-MES,CARTAO DE CREDITO - DEBITO AUTOMATICO,95.9,2234.95,0
1462,9824-QCJPK,MASCULINO,0,SIM,NAO,36,SIM,NAO,SEM SERVICO DE INTERNET,SEM SERVICO DE INTERNET,SEM SERVICO DE INTERNET,UM ANO,ENVIO POR CORREIO,20.0,666.75,0
1463,4763-PGDPO,FEMININO,0,NAO,NAO,4,SIM,FIBER OPTIC,NAO,NAO,NAO,MES-A-MES,ENVIO POR E-MAIL,70.4,281.0,1
1464,4283-IVYCI,MASCULINO,0,NAO,NAO,9,SIM,DSL,SIM,SIM,NAO,MES-A-MES,ENVIO POR CORREIO,64.95,547.8,0
1465,1866-OBPNR,MASCULINO,0,SIM,SIM,1,SIM,FIBER OPTIC,NAO,NAO,NAO,MES-A-MES,CARTAO DE CREDITO - DEBITO AUTOMATICO,74.6,74.6,0
1466,8205-MQUGY,MASCULINO,0,SIM,SIM,12,SIM,DSL,SIM,NAO,NAO,MES-A-MES,ENVIO POR E-MAIL,49.2,571.15,0
1467,8970-ANWXO,FEMININO,0,NAO,NAO,23,SIM,DSL,NAO,SIM,SIM,UM ANO,ENVIO POR CORREIO,73.75,1756.6,0
1468,9480-BQJEI,MASCULINO,0,NAO,NAO,62,SIM,FIBER OPTIC,SIM,NAO,NAO,UM ANO,TRANSFERENCIA BANCARIA - DEBITO AUTOMATICO,92.3,5731.45,0
1469,5394-SVGJV,MASCULINO,0,NAO,NAO,37,SIM,FIBER OPTIC,NAO,SIM,SIM,MES-A-MES,TRANSFERENCIA BANCARIA - DEBITO AUTOMATICO,98.8,3475.55,1
1470,6979-TNDEU,FEMININO,0,NAO,NAO,8,SIM,NAO,SEM SERVICO DE INTERNET,SEM SERVICO DE INTERNET,SEM SERVICO DE INTERNET,MES-A-MES,ENVIO POR CORREIO,19.2,156.85,0
1471,9777-WJJPR,MASCULINO,0,SIM,NAO,31,SIM,FIBER OPTIC,NAO,NAO,SIM,MES-A-MES,CARTAO DE CREDITO - DEBITO AUTOMATICO,88.65,2683.2,0
1472,9283-LZQOH,MASCULINO,0,SIM,SIM,13,SIM,FIBER OPTIC,NAO,NAO,NAO,MES-A-MES,CARTAO DE CREDITO - DEBITO AUTOMATICO,74.4,896.75,1
1473,7079-QRCBC,FEMININO,0,NAO,NAO,24,SIM,FIBER OPTIC,NAO,NAO,SIM,MES-A-MES,ENVIO POR E-MAIL,98.75,2407.3,1
1474,9495-SKLKD,MASCULINO,0,SIM,SIM,45,SIM,FIBER OPTIC,NAO,NAO,NAO,MES-A-MES,TRANSFERENCIA BANCARIA - DEBITO AUTOMATICO,95.95,4456.65,0
1475,6048-UWKAL,FEMININO,1,SIM,NAO,69,SIM,FIBER OPTIC,NAO,SIM,SIM,DOIS ANOS,CARTAO DE CREDITO - DEBITO AUTOMATICO,105.4,6998.95,0
1476,5067-DGXLL,MASCULINO,0,NAO,NAO,2,SIM,NAO,SEM SERVICO DE INTERNET,SEM SERVICO DE INTERNET,SEM SERVICO DE INTERNET,MES-A-MES,ENVIO POR CORREIO,20.25,36.8,0
1477,5469-CTCWN,MASCULINO,0,SIM,SIM,61,SIM,FIBER OPTIC,SIM,NAO,SIM,UM ANO,ENVIO POR E-MAIL,106.0,6547.7,1
1478,9851-QXEEQ,MASCULINO,0,NAO,NAO,41,SIM,FIBER OPTIC,NAO,NAO,SIM,MES-A-MES,ENVIO POR E-MAIL,104.7,4346.4,1
1479,6281-FKEWS,FEMININO,0,NAO,NAO,44,SIM,DSL,NAO,NAO,SIM,UM ANO,ENVIO POR E-MAIL,49.05,2265.0,0
1480,8898-KASCD,MASCULINO,0,NAO,NAO,39,SIM,DSL,NAO,SIM,NAO,UM ANO,ENVIO POR CORREIO,35.55,1309.15,0
1481,9242-TKFSV,MASCULINO,0,SIM,SIM,72,SIM,DSL,SIM,SIM,SIM,DOIS ANOS,CARTAO DE CREDITO - DEBITO AUTOMATICO,65.1,4754.3,0
1482,9290-SHCMB,FEMININO,1,NAO,NAO,13,SIM,FIBER OPTIC,NAO,NAO,SIM,MES-A-MES,ENVIO POR E-MAIL,96.85,1235.55,0
1483,0743-HNPFG,FEMININO,0,SIM,SIM,51,SIM,DSL,SIM,SIM,NAO,UM ANO,CARTAO DE CREDITO - DEBITO AUTOMATICO,69.75,3562.5,0
1484,2277-BKJKN,FEMININO,1,SIM,NAO,71,SIM,FIBER OPTIC,NAO,NAO,SIM,DOIS ANOS,ENVIO POR E-MAIL,99.2,7213.75,0
1485,9809-IMGCQ,MASCULINO,1,NAO,NAO,22,SIM,FIBER OPTIC,NAO,NAO,SIM,MES-A-MES,ENVIO POR E-MAIL,96.7,2082.95,1
1486,5208-HFSBT,FEMININO,0,NAO,NAO,2,SIM,DSL,NAO,SIM,NAO,MES-A-MES,CARTAO DE CREDITO - DEBITO AUTOMATICO,55.05,102.75,1
1487,5035-PGZXH,FEMININO,0,NAO,NAO,56,SIM,FIBER OPTIC,NAO,NAO,SIM,UM ANO,ENVIO POR E-MAIL,106.8,5914.4,0
1488,8695-WDYEA,MASCULINO,0,NAO,NAO,1,SIM,DSL,SIM,NAO,NAO,MES-A-MES,ENVIO POR CORREIO,51.25,51.25,0
1489,6543-JXSOO,FEMININO,0,SIM,SIM,23,SIM,DSL,SIM,SIM,NAO,UM ANO,ENVIO POR CORREIO,57.75,1282.85,0
1490,8016-ZMGMO,FEMININO,1,SIM,NAO,66,SIM,DSL,NAO,NAO,SIM,UM ANO,TRANSFERENCIA BANCARIA - DEBITO AUTOMATICO,70.85,4738.85,0
1491,8605-ITULD,FEMININO,0,NAO,NAO,1,SIM,NAO,SEM SERVICO DE INTERNET,SEM SERVICO DE INTERNET,SEM SERVICO DE INTERNET,MES-A-MES,ENVIO POR CORREIO,19.55,19.55,0
1492,3254-YRILK,MASCULINO,1,NAO,NAO,19,SIM,FIBER OPTIC,NAO,NAO,SIM,MES-A-MES,ENVIO POR E-MAIL,88.2,1775.8,1
1493,6416-YJTTB,MASCULINO,0,NAO,NAO,11,SIM,FIBER OPTIC,SIM,NAO,NAO,MES-A-MES,TRANSFERENCIA BANCARIA - DEBITO AUTOMATICO,79.5,795.65,0
1494,2667-WYLWJ,FEMININO,0,SIM,SIM,8,SIM,NAO,SEM SERVICO DE INTERNET,SEM SERVICO DE INTERNET,SEM SERVICO DE INTERNET,UM ANO,ENVIO POR CORREIO,19.75,145.0,1
1495,4472-VESGY,FEMININO,0,SIM,SIM,52,SIM,FIBER OPTIC,SIM,NAO,NAO,MES-A-MES,TRANSFERENCIA BANCARIA - DEBITO AUTOMATICO,98.15,4993.4,0
1496,3195-TQDZX,MASCULINO,0,NAO,NAO,3,SIM,NAO,SEM SERVICO DE INTERNET,SEM SERVICO DE INTERNET,SEM SERVICO DE INTERNET,MES-A-MES,ENVIO POR E-MAIL,20.25,61.45,0
1497,3128-YOVTD,FEMININO,0,SIM,SIM,51,SIM,FIBER OPTIC,SIM,NAO,NAO,MES-A-MES,TRANSFERENCIA BANCARIA - DEBITO AUTOMATICO,79.15,4018.55,0
1498,0529-ONKER,MASCULINO,1,NAO,NAO,15,SIM,FIBER OPTIC,NAO,NAO,NAO,MES-A-MES,ENVIO POR E-MAIL,75.65,1146.65,1
1499,1728-CXQBE,MASCULINO,1,SIM,NAO,64,SIM,FIBER OPTIC,NAO,NAO,NAO,MES-A-MES,ENVIO POR E-MAIL,94.25,6081.4,0
1500,7041-TXQJH,FEMININO,0,NAO,NAO,37,SIM,DSL,NAO,NAO,NAO,MES-A-MES,CARTAO DE CREDITO - DEBITO AUTOMATICO,40.2,1478.85,0
1501,5014-GSOUQ,MASCULINO,0,NAO,NAO,13,SIM,NAO,SEM SERVICO DE INTERNET,SEM SERVICO DE INTERNET,SEM SERVICO DE INTERNET,DOIS ANOS,ENVIO POR CORREIO,19.95,243.65,0
1502,5724-BIDBU,MASCULINO,0,SIM,NAO,49,SIM,DSL,SIM,NAO,NAO,UM ANO,ENVIO POR E-MAIL,55.35,2633.95,0
1503,0481-SUMCB,FEMININO,1,NAO,NAO,45,SIM,FIBER OPTIC,NAO,NAO,SIM,UM ANO,TRANSFERENCIA BANCARIA - DEBITO AUTOMATICO,102.15,4735.35,0
1504,1769-GRUIK,FEMININO,0,NAO,NAO,18,SIM,FIBER OPTIC,NAO,NAO,NAO,MES-A-MES,ENVIO POR E-MAIL,71.1,1247.75,0
1505,5240-IJOQT,MASCULINO,1,NAO,NAO,1,SIM,FIBER OPTIC,NAO,NAO,NAO,MES-A-MES,ENVIO POR E-MAIL,74.7,74.7,1
1506,8819-WFGGJ,MASCULINO,0,SIM,NAO,68,SIM,DSL,SIM,NAO,SIM,DOIS ANOS,TRANSFERENCIA BANCARIA - DEBITO AUTOMATICO,54.1,3794.5,0
1507,7427-AUFPY,MASCULINO,0,NAO,NAO,54,SIM,NAO,SEM SERVICO DE INTERNET,SEM SERVICO DE INTERNET,SEM SERVICO DE INTERNET,DOIS ANOS,CARTAO DE CREDITO - DEBITO AUTOMATICO,19.65,1008.7,0
1508,2811-POVEX,FEMININO,1,SIM,SIM,23,SIM,FIBER OPTIC,NAO,NAO,NAO,MES-A-MES,TRANSFERENCIA BANCARIA - DEBITO AUTOMATICO,88.45,2130.55,0
1509,1092-GANHU,MASCULINO,0,NAO,NAO,17,SIM,FIBER OPTIC,NAO,NAO,NAO,MES-A-MES,ENVIO POR E-MAIL,76.65,1313.55,1
1510,7898-PDWQE,MASCULINO,0,SIM,NAO,71,SIM,DSL,SIM,SIM,NAO,DOIS ANOS,CARTAO DE CREDITO - DEBITO AUTOMATICO,80.4,5727.15,0
1511,9972-EWRJS,FEMININO,0,SIM,SIM,67,SIM,NAO,SEM SERVICO DE INTERNET,SEM SERVICO DE INTERNET,SEM SERVICO DE INTERNET,DOIS ANOS,TRANSFERENCIA BANCARIA - DEBITO AUTOMATICO,19.25,1372.9,0
1512,9314-IJWSQ,FEMININO,0,SIM,SIM,14,SIM,FIBER OPTIC,NAO,NAO,SIM,MES-A-MES,ENVIO POR E-MAIL,84.8,1203.9,0
1513,0661-XEYAN,FEMININO,1,NAO,NAO,1,SIM,DSL,NAO,NAO,NAO,MES-A-MES,ENVIO POR CORREIO,25.8,25.8,1
1514,5799-JRCZO,FEMININO,0,NAO,SIM,63,SIM,NAO,SEM SERVICO DE INTERNET,SEM SERVICO DE INTERNET,SEM SERVICO DE INTERNET,DOIS ANOS,CARTAO DE CREDITO - DEBITO AUTOMATICO,19.5,1215.1,0
1515,1921-KYSAY,FEMININO,0,NAO,NAO,41,SIM,DSL,NAO,SIM,NAO,UM ANO,ENVIO POR E-MAIL,68.6,2877.05,0
1516,6198-RTPMF,FEMININO,0,SIM,NAO,17,SIM,FIBER OPTIC,NAO,NAO,SIM,MES-A-MES,ENVIO POR E-MAIL,92.6,1579.7,0
1517,2924-KHUVI,MASCULINO,0,SIM,NAO,56,SIM,FIBER OPTIC,SIM,NAO,SIM,UM ANO,ENVIO POR E-MAIL,100.55,5514.95,0
1518,1925-GMVBW,FEMININO,0,NAO,NAO,5,SIM,NAO,SEM SERVICO DE INTERNET,SEM SERVICO DE INTERNET,SEM SERVICO DE INTERNET,MES-A-MES,CARTAO DE CREDITO - DEBITO AUTOMATICO,20.55,96.1,0
1519,7881-EVUAD,FEMININO,0,NAO,NAO,2,SIM,DSL,SIM,NAO,NAO,MES-A-MES,ENVIO POR E-MAIL,42.6,72.4,1
1520,6184-DYUOB,FEMININO,0,SIM,NAO,3,SIM,NAO,SEM SERVICO DE INTERNET,SEM SERVICO DE INTERNET,SEM SERVICO DE INTERNET,MES-A-MES,ENVIO POR CORREIO,19.6,55.25,0
1521,9207-ZPANB,MASCULINO,0,NAO,NAO,37,SIM,DSL,SIM,SIM,NAO,UM ANO,ENVIO POR E-MAIL,67.45,2443.3,0
1522,5766-XQXMQ,FEMININO,0,NAO,NAO,29,SIM,DSL,SIM,NAO,NAO,MES-A-MES,TRANSFERENCIA BANCARIA - DEBITO AUTOMATICO,68.85,1970.5,1
1523,9327-QSDED,MASCULINO,0,NAO,NAO,8,SIM,DSL,NAO,NAO,NAO,MES-A-MES,ENVIO POR CORREIO,43.55,335.4,0
1524,1656-DRSMG,FEMININO,0,NAO,NAO,63,SIM,FIBER OPTIC,NAO,SIM,SIM,MES-A-MES,CARTAO DE CREDITO - DEBITO AUTOMATICO,109.85,7002.95,0
1525,3012-VFFMN,FEMININO,0,SIM,SIM,7,SIM,NAO,SEM SERVICO DE INTERNET,SEM SERVICO DE INTERNET,SEM SERVICO DE INTERNET,MES-A-MES,ENVIO POR CORREIO,20.65,158.95,0
1526,2984-AFWNC,FEMININO,0,NAO,NAO,3,SIM,FIBER OPTIC,NAO,NAO,SIM,MES-A-MES,ENVIO POR E-MAIL,95.4,293.15,0
1527,0640-YJTPY,MASCULINO,0,SIM,SIM,72,SIM,NAO,SEM SERVICO DE INTERNET,SEM SERVICO DE INTERNET,SEM SERVICO DE INTERNET,DOIS ANOS,TRANSFERENCIA BANCARIA - DEBITO AUTOMATICO,21.0,1493.75,0
1528,8096-LOIST,FEMININO,0,NAO,NAO,19,SIM,DSL,NAO,NAO,NAO,MES-A-MES,ENVIO POR E-MAIL,56.2,1093.4,0
1529,9764-REAFF,FEMININO,0,SIM,NAO,59,SIM,NAO,SEM SERVICO DE INTERNET,SEM SERVICO DE INTERNET,SEM SERVICO DE INTERNET,DOIS ANOS,TRANSFERENCIA BANCARIA - DEBITO AUTOMATICO,18.4,1057.85,0
1530,3703-VAVCL,MASCULINO,0,SIM,SIM,2,SIM,FIBER OPTIC,NAO,SIM,NAO,MES-A-MES,CARTAO DE CREDITO - DEBITO AUTOMATICO,90.0,190.05,1
1531,7107-UBYKY,FEMININO,0,SIM,SIM,35,SIM,NAO,SEM SERVICO DE INTERNET,SEM SERVICO DE INTERNET,SEM SERVICO DE INTERNET,MES-A-MES,ENVIO POR E-MAIL,25.75,882.55,0
1532,4881-GQJTW,MASCULINO,0,NAO,NAO,14,SIM,NAO,SEM SERVICO DE INTERNET,SEM SERVICO DE INTERNET,SEM SERVICO DE INTERNET,MES-A-MES,CARTAO DE CREDITO - DEBITO AUTOMATICO,19.6,300.4,0
1533,8519-QJGJD,FEMININO,0,NAO,NAO,14,SIM,FIBER OPTIC,NAO,NAO,NAO,MES-A-MES,ENVIO POR E-MAIL,75.35,1025.95,1
1534,7876-DNYAP,FEMININO,0,SIM,SIM,69,SIM,NAO,SEM SERVICO DE INTERNET,SEM SERVICO DE INTERNET,SEM SERVICO DE INTERNET,DOIS ANOS,CARTAO DE CREDITO - DEBITO AUTOMATICO,19.8,1436.95,0
1535,7905-NJMXS,MASCULINO,1,SIM,NAO,7,SIM,DSL,SIM,SIM,NAO,MES-A-MES,ENVIO POR E-MAIL,64.2,475.0,0
1536,2882-WDTBA,MASCULINO,0,SIM,SIM,69,SIM,DSL,SIM,SIM,SIM,DOIS ANOS,TRANSFERENCIA BANCARIA - DEBITO AUTOMATICO,75.75,5388.15,0
1537,2091-GPPIQ,FEMININO,0,SIM,SIM,72,SIM,DSL,NAO,SIM,SIM,DOIS ANOS,ENVIO POR E-MAIL,78.95,5730.15,0
1538,6326-MTTXK,MASCULINO,0,NAO,NAO,8,SIM,FIBER OPTIC,NAO,NAO,SIM,MES-A-MES,ENVIO POR E-MAIL,100.85,819.55,1
1539,5071-FBJFS,FEMININO,0,SIM,SIM,4,SIM,DSL,SIM,NAO,NAO,MES-A-MES,ENVIO POR E-MAIL,50.3,217.1,0
1540,2796-UUZZO,MASCULINO,0,SIM,SIM,63,SIM,FIBER OPTIC,NAO,NAO,NAO,MES-A-MES,CARTAO DE CREDITO - DEBITO AUTOMATICO,80.3,4896.35,0
1541,2429-AYKKO,MASCULINO,0,NAO,NAO,72,SIM,NAO,SEM SERVICO DE INTERNET,SEM SERVICO DE INTERNET,SEM SERVICO DE INTERNET,DOIS ANOS,TRANSFERENCIA BANCARIA - DEBITO AUTOMATICO,19.85,1434.1,0
1542,9798-OPFEM,FEMININO,0,NAO,NAO,46,SIM,NAO,SEM SERVICO DE INTERNET,SEM SERVICO DE INTERNET,SEM SERVICO DE INTERNET,DOIS ANOS,ENVIO POR E-MAIL,21.1,937.1,0
1543,0330-IVZHA,FEMININO,0,SIM,NAO,5,SIM,FIBER OPTIC,NAO,NAO,NAO,MES-A-MES,ENVIO POR E-MAIL,69.95,330.15,1
1544,3794-NFNCH,MASCULINO,0,SIM,NAO,30,SIM,DSL,NAO,NAO,NAO,MES-A-MES,ENVIO POR CORREIO,50.0,1474.9,0
1545,5193-QLVZB,MASCULINO,0,NAO,NAO,63,SIM,FIBER OPTIC,NAO,NAO,SIM,DOIS ANOS,TRANSFERENCIA BANCARIA - DEBITO AUTOMATICO,104.75,6536.5,0
1546,7114-AEOZE,FEMININO,0,NAO,NAO,60,SIM,NAO,SEM SERVICO DE INTERNET,SEM SERVICO DE INTERNET,SEM SERVICO DE INTERNET,DOIS ANOS,TRANSFERENCIA BANCARIA - DEBITO AUTOMATICO,19.85,1128.1,0
1547,2886-KEFUM,FEMININO,0,SIM,NAO,63,SIM,FIBER OPTIC,NAO,NAO,SIM,UM ANO,ENVIO POR E-MAIL,107.5,6873.75,1
1548,5522-NYKPB,MASCULINO,0,SIM,SIM,25,SIM,FIBER OPTIC,NAO,SIM,SIM,MES-A-MES,ENVIO POR E-MAIL,85.9,2199.05,0
1549,4237-RLAQD,MASCULINO,0,NAO,NAO,1,SIM,DSL,NAO,NAO,NAO,MES-A-MES,ENVIO POR CORREIO,45.85,45.85,1
1550,9957-YODKZ,MASCULINO,1,SIM,NAO,6,SIM,FIBER OPTIC,NAO,NAO,NAO,MES-A-MES,ENVIO POR E-MAIL,80.8,457.1,0
1551,6518-KZXCB,MASCULINO,0,NAO,NAO,22,SIM,NAO,SEM SERVICO DE INTERNET,SEM SERVICO DE INTERNET,SEM SERVICO DE INTERNET,DOIS ANOS,ENVIO POR CORREIO,25.25,566.5,0
1552,2245-ADZFJ,FEMININO,0,SIM,SIM,31,SIM,DSL,NAO,SIM,SIM,DOIS ANOS,TRANSFERENCIA BANCARIA - DEBITO AUTOMATICO,80.55,2471.6,0
1553,7776-QGYJC,FEMININO,0,SIM,SIM,39,SIM,FIBER OPTIC,NAO,SIM,NAO,MES-A-MES,TRANSFERENCIA BANCARIA - DEBITO AUTOMATICO,81.5,3107.3,0
1554,9313-QOLTZ,MASCULINO,0,NAO,NAO,26,SIM,NAO,SEM SERVICO DE INTERNET,SEM SERVICO DE INTERNET,SEM SERVICO DE INTERNET,MES-A-MES,ENVIO POR CORREIO,20.9,518.3,0
1555,9651-GTSAQ,FEMININO,0,SIM,NAO,53,SIM,FIBER OPTIC,SIM,NAO,SIM,UM ANO,TRANSFERENCIA BANCARIA - DEBITO AUTOMATICO,106.1,5769.75,1
1556,3186-BAXNB,FEMININO,0,NAO,NAO,1,SIM,FIBER OPTIC,NAO,SIM,SIM,MES-A-MES,ENVIO POR E-MAIL,91.7,91.7,1
1557,4672-FOTSD,MASCULINO,0,NAO,NAO,12,SIM,DSL,SIM,SIM,NAO,MES-A-MES,ENVIO POR E-MAIL,67.25,832.3,0
1558,0637-YLETY,FEMININO,0,NAO,NAO,16,SIM,FIBER OPTIC,NAO,NAO,NAO,MES-A-MES,CARTAO DE CREDITO - DEBITO AUTOMATICO,95.6,1555.65,1
1559,9818-XQCUV,FEMININO,0,NAO,NAO,2,SIM,NAO,SEM SERVICO DE INTERNET,SEM SERVICO DE INTERNET,SEM SERVICO DE INTERNET,MES-A-MES,ENVIO POR CORREIO,20.35,45.3,0
1560,7338-ERIVA,MASCULINO,0,NAO,SIM,39,SIM,DSL,SIM,SIM,SIM,UM ANO,TRANSFERENCIA BANCARIA - DEBITO AUTOMATICO,45.05,1790.6,0
1561,1157-BQCUW,MASCULINO,0,NAO,NAO,1,SIM,FIBER OPTIC,NAO,NAO,NAO,MES-A-MES,ENVIO POR E-MAIL,74.95,74.95,1
1562,8259-NFJTV,FEMININO,0,SIM,SIM,7,SIM,DSL,SIM,SIM,NAO,MES-A-MES,ENVIO POR CORREIO,34.65,246.6,0
1563,3223-DWFIO,MASCULINO,1,NAO,NAO,4,SIM,FIBER OPTIC,NAO,NAO,NAO,MES-A-MES,ENVIO POR E-MAIL,69.35,261.65,0
1564,2660-EMUBI,MASCULINO,1,NAO,NAO,10,SIM,FIBER OPTIC,NAO,NAO,SIM,MES-A-MES,ENVIO POR E-MAIL,95.35,898.35,1
1565,6968-GMKPR,FEMININO,0,NAO,NAO,55,SIM,FIBER OPTIC,NAO,NAO,NAO,MES-A-MES,ENVIO POR E-MAIL,81.55,4509.5,0
1566,4751-ERMAN,MASCULINO,0,SIM,SIM,72,SIM,DSL,NAO,NAO,SIM,DOIS ANOS,TRANSFERENCIA BANCARIA - DEBITO AUTOMATICO,75.4,5480.25,0
1567,1436-ZMJAN,FEMININO,0,SIM,NAO,10,SIM,DSL,NAO,NAO,SIM,MES-A-MES,CARTAO DE CREDITO - DEBITO AUTOMATICO,67.8,653.15,0
1568,3292-PBZEJ,MASCULINO,1,NAO,NAO,11,SIM,FIBER OPTIC,NAO,SIM,SIM,MES-A-MES,ENVIO POR E-MAIL,111.4,1183.05,0
1569,0799-DDIHE,FEMININO,0,SIM,SIM,15,SIM,DSL,NAO,NAO,NAO,MES-A-MES,ENVIO POR E-MAIL,46.3,639.45,0
1570,3070-FNFZQ,FEMININO,0,SIM,SIM,23,SIM,NAO,SEM SERVICO DE INTERNET,SEM SERVICO DE INTERNET,SEM SERVICO DE INTERNET,DOIS ANOS,TRANSFERENCIA BANCARIA - DEBITO AUTOMATICO,20.4,478.75,0
1571,2812-SFXMJ,MASCULINO,0,NAO,SIM,1,SIM,NAO,SEM SERVICO DE INTERNET,SEM SERVICO DE INTERNET,SEM SERVICO DE INTERNET,MES-A-MES,ENVIO POR CORREIO,20.05,20.05,0
1572,7675-OZCZG,FEMININO,1,NAO,NAO,3,SIM,DSL,NAO,NAO,NAO,MES-A-MES,ENVIO POR E-MAIL,45.0,127.1,1
1573,5014-WUQMG,MASCULINO,0,SIM,SIM,47,SIM,FIBER OPTIC,SIM,NAO,NAO,UM ANO,ENVIO POR E-MAIL,96.1,4391.45,0
1574,5312-TSZVC,FEMININO,0,NAO,SIM,15,SIM,NAO,SEM SERVICO DE INTERNET,SEM SERVICO DE INTERNET,SEM SERVICO DE INTERNET,UM ANO,ENVIO POR CORREIO,19.65,270.6,0
1575,2003-CKLOR,MASCULINO,0,NAO,NAO,66,SIM,FIBER OPTIC,NAO,NAO,SIM,MES-A-MES,ENVIO POR E-MAIL,99.5,6710.5,1
1576,0993-OSGPT,FEMININO,1,SIM,NAO,68,SIM,DSL,NAO,SIM,NAO,UM ANO,TRANSFERENCIA BANCARIA - DEBITO AUTOMATICO,60.65,3975.9,0
1577,9254-RBFON,FEMININO,0,SIM,SIM,17,SIM,FIBER OPTIC,NAO,SIM,SIM,UM ANO,TRANSFERENCIA BANCARIA - DEBITO AUTOMATICO,98.6,1704.95,1
1578,1205-WNWPJ,FEMININO,0,NAO,NAO,7,SIM,DSL,NAO,SIM,SIM,MES-A-MES,ENVIO POR CORREIO,59.5,415.95,1
1579,9391-EOYLI,MASCULINO,1,SIM,NAO,12,SIM,FIBER OPTIC,NAO,NAO,NAO,MES-A-MES,ENVIO POR E-MAIL,80.45,950.2,1
1580,7108-DGVUU,FEMININO,1,SIM,NAO,21,SIM,DSL,NAO,NAO,NAO,UM ANO,TRANSFERENCIA BANCARIA - DEBITO AUTOMATICO,71.7,1497.05,0
1581,2782-JEEBU,MASCULINO,0,NAO,NAO,21,SIM,DSL,NAO,SIM,NAO,MES-A-MES,ENVIO POR CORREIO,36.0,780.15,0
1582,5127-BZENZ,FEMININO,0,SIM,SIM,56,SIM,DSL,SIM,NAO,SIM,UM ANO,TRANSFERENCIA BANCARIA - DEBITO AUTOMATICO,65.2,3512.15,0
1583,2720-FVBQP,FEMININO,0,SIM,SIM,6,SIM,DSL,NAO,NAO,NAO,MES-A-MES,CARTAO DE CREDITO - DEBITO AUTOMATICO,48.95,273.25,0
1584,9906-NHHVC,FEMININO,1,NAO,NAO,65,SIM,DSL,NAO,NAO,SIM,DOIS ANOS,TRANSFERENCIA BANCARIA - DEBITO AUTOMATICO,53.5,3517.9,0
1585,4522-XRWWI,MASCULINO,0,SIM,NAO,42,SIM,DSL,SIM,SIM,SIM,UM ANO,CARTAO DE CREDITO - DEBITO AUTOMATICO,80.45,3375.9,0
1586,3766-EJLFL,FEMININO,0,SIM,SIM,68,SIM,FIBER OPTIC,SIM,SIM,SIM,DOIS ANOS,TRANSFERENCIA BANCARIA - DEBITO AUTOMATICO,109.05,7508.55,0
1587,5939-SXWHM,MASCULINO,0,SIM,SIM,48,SIM,NAO,SEM SERVICO DE INTERNET,SEM SERVICO DE INTERNET,SEM SERVICO DE INTERNET,DOIS ANOS,TRANSFERENCIA BANCARIA - DEBITO AUTOMATICO,26.3,1245.05,0
1588,8152-UOBNY,FEMININO,1,NAO,NAO,50,SIM,FIBER OPTIC,NAO,SIM,SIM,UM ANO,ENVIO POR E-MAIL,106.8,5347.95,0
1589,7351-KYHQH,FEMININO,1,NAO,NAO,7,SIM,DSL,NAO,NAO,SIM,MES-A-MES,ENVIO POR E-MAIL,64.95,493.65,0
1590,7643-RCHXS,FEMININO,0,SIM,SIM,63,SIM,NAO,SEM SERVICO DE INTERNET,SEM SERVICO DE INTERNET,SEM SERVICO DE INTERNET,DOIS ANOS,ENVIO POR E-MAIL,19.35,1263.85,0
1591,8246-SHFGA,MASCULINO,0,NAO,NAO,17,SIM,NAO,SEM SERVICO DE INTERNET,SEM SERVICO DE INTERNET,SEM SERVICO DE INTERNET,MES-A-MES,CARTAO DE CREDITO - DEBITO AUTOMATICO,21.1,385.55,0
1592,8387-MOJJT,FEMININO,0,SIM,SIM,42,SIM,FIBER OPTIC,NAO,NAO,SIM,MES-A-MES,CARTAO DE CREDITO - DEBITO AUTOMATICO,77.95,3384.0,1
1593,0620-XEFWH,MASCULINO,0,SIM,SIM,4,SIM,NAO,SEM SERVICO DE INTERNET,SEM SERVICO DE INTERNET,SEM SERVICO DE INTERNET,MES-A-MES,ENVIO POR CORREIO,18.85,84.2,0
1594,6485-QXWWE,FEMININO,0,NAO,SIM,62,SIM,NAO,SEM SERVICO DE INTERNET,SEM SERVICO DE INTERNET,SEM SERVICO DE INTERNET,DOIS ANOS,TRANSFERENCIA BANCARIA - DEBITO AUTOMATICO,26.0,1638.7,0
1595,2761-OCIAX,MASCULINO,1,NAO,NAO,2,SIM,FIBER OPTIC,NAO,NAO,NAO,MES-A-MES,ENVIO POR E-MAIL,74.7,165.4,1
1596,7321-VGNKU,FEMININO,0,SIM,NAO,2,SIM,FIBER OPTIC,NAO,NAO,NAO,MES-A-MES,ENVIO POR E-MAIL,70.35,120.25,0
1597,5327-CNLUQ,MASCULINO,0,SIM,NAO,48,SIM,FIBER OPTIC,SIM,NAO,SIM,DOIS ANOS,TRANSFERENCIA BANCARIA - DEBITO AUTOMATICO,96.9,4473.45,0
1598,7552-KEYGT,MASCULINO,0,SIM,NAO,27,SIM,NAO,SEM SERVICO DE INTERNET,SEM SERVICO DE INTERNET,SEM SERVICO DE INTERNET,DOIS ANOS,TRANSFERENCIA BANCARIA - DEBITO AUTOMATICO,19.55,520.55,0
1599,5816-JMLGY,FEMININO,0,SIM,SIM,70,SIM,DSL,NAO,SIM,SIM,DOIS ANOS,TRANSFERENCIA BANCARIA - DEBITO AUTOMATICO,80.4,5717.85,0
1600,3068-OMWZA,MASCULINO,1,NAO,NAO,1,SIM,FIBER OPTIC,NAO,NAO,SIM,MES-A-MES,ENVIO POR E-MAIL,88.8,88.8,1
1601,2927-QRRQV,MASCULINO,0,SIM,NAO,46,SIM,FIBER OPTIC,NAO,NAO,SIM,UM ANO,ENVIO POR E-MAIL,94.65,4312.5,0
1602,6032-KRXXO,MASCULINO,0,NAO,NAO,30,SIM,FIBER OPTIC,NAO,NAO,SIM,MES-A-MES,ENVIO POR E-MAIL,90.25,2755.35,1
1603,7459-RRWQZ,FEMININO,0,NAO,NAO,15,SIM,DSL,SIM,NAO,NAO,MES-A-MES,TRANSFERENCIA BANCARIA - DEBITO AUTOMATICO,64.65,994.55,1
1604,6265-SXWBU,MASCULINO,0,SIM,SIM,69,SIM,FIBER OPTIC,NAO,NAO,SIM,UM ANO,CARTAO DE CREDITO - DEBITO AUTOMATICO,95.75,6511.25,0
1605,7941-RCJOW,MASCULINO,0,NAO,NAO,65,SIM,NAO,SEM SERVICO DE INTERNET,SEM SERVICO DE INTERNET,SEM SERVICO DE INTERNET,DOIS ANOS,CARTAO DE CREDITO - DEBITO AUTOMATICO,19.55,1218.65,0
1606,6374-NTQLP,MASCULINO,1,SIM,SIM,72,SIM,FIBER OPTIC,SIM,SIM,SIM,DOIS ANOS,CARTAO DE CREDITO - DEBITO AUTOMATICO,104.1,7447.7,0
1607,4154-AQUGT,MASCULINO,1,SIM,NAO,13,SIM,FIBER OPTIC,NAO,SIM,NAO,MES-A-MES,TRANSFERENCIA BANCARIA - DEBITO AUTOMATICO,89.05,1169.35,1
1608,2387-KDZQY,MASCULINO,0,NAO,NAO,17,SIM,NAO,SEM SERVICO DE INTERNET,SEM SERVICO DE INTERNET,SEM SERVICO DE INTERNET,UM ANO,ENVIO POR CORREIO,20.1,279.5,0
1609,3584-WKTTW,MASCULINO,0,SIM,NAO,51,SIM,FIBER OPTIC,SIM,SIM,SIM,UM ANO,ENVIO POR E-MAIL,111.55,5720.35,0
1610,3399-BMLVW,MASCULINO,0,SIM,SIM,51,SIM,DSL,SIM,SIM,NAO,DOIS ANOS,CARTAO DE CREDITO - DEBITO AUTOMATICO,60.5,3121.45,0
1611,1971-DTCZB,FEMININO,0,SIM,NAO,72,SIM,DSL,SIM,SIM,SIM,DOIS ANOS,TRANSFERENCIA BANCARIA - DEBITO AUTOMATICO,90.95,6468.6,0
1612,3092-IGHWF,MASCULINO,0,SIM,SIM,67,SIM,FIBER OPTIC,NAO,NAO,NAO,UM ANO,ENVIO POR E-MAIL,87.4,5918.8,1
1613,3374-PZLXD,MASCULINO,0,NAO,NAO,34,SIM,NAO,SEM SERVICO DE INTERNET,SEM SERVICO DE INTERNET,SEM SERVICO DE INTERNET,MES-A-MES,ENVIO POR CORREIO,19.7,675.6,0
1614,3813-DHBBB,MASCULINO,0,SIM,NAO,67,SIM,DSL,SIM,SIM,NAO,DOIS ANOS,TRANSFERENCIA BANCARIA - DEBITO AUTOMATICO,50.95,3521.7,0
1615,2812-REYAT,FEMININO,0,SIM,NAO,49,SIM,NAO,SEM SERVICO DE INTERNET,SEM SERVICO DE INTERNET,SEM SERVICO DE INTERNET,UM ANO,TRANSFERENCIA BANCARIA - DEBITO AUTOMATICO,20.05,923.1,0
1616,6518-PPLMZ,MASCULINO,0,SIM,SIM,53,SIM,NAO,SEM SERVICO DE INTERNET,SEM SERVICO DE INTERNET,SEM SERVICO DE INTERNET,DOIS ANOS,ENVIO POR CORREIO,19.4,1110.35,0
1617,4939-KYYPY,MASCULINO,0,NAO,NAO,27,SIM,DSL,NAO,SIM,NAO,MES-A-MES,ENVIO POR E-MAIL,59.45,1611.65,0
1618,8017-LXHFA,FEMININO,1,NAO,NAO,23,SIM,FIBER OPTIC,NAO,NAO,SIM,MES-A-MES,ENVIO POR E-MAIL,94.75,2293.6,1
1619,5930-GBIWP,MASCULINO,0,NAO,NAO,69,SIM,DSL,SIM,SIM,NAO,DOIS ANOS,CARTAO DE CREDITO - DEBITO AUTOMATICO,81.5,5553.25,0
1620,6022-KOUQO,FEMININO,0,SIM,SIM,2,SIM,DSL,NAO,SIM,NAO,MES-A-MES,TRANSFERENCIA BANCARIA - DEBITO AUTOMATICO,29.05,44.75,0
1621,6352-TWCAU,FEMININO,0,NAO,NAO,35,SIM,FIBER OPTIC,NAO,NAO,SIM,MES-A-MES,ENVIO POR E-MAIL,86.45,3029.1,1
1622,2361-UPSND,FEMININO,0,SIM,NAO,46,SIM,DSL,SIM,SIM,NAO,UM ANO,ENVIO POR CORREIO,70.6,3231.05,0
1623,6035-RIIOM,FEMININO,0,NAO,NAO,54,SIM,FIBER OPTIC,NAO,NAO,SIM,DOIS ANOS,TRANSFERENCIA BANCARIA - DEBITO AUTOMATICO,97.2,5129.45,0
1624,2929-QNSRW,FEMININO,0,SIM,NAO,56,SIM,FIBER OPTIC,NAO,NAO,SIM,UM ANO,ENVIO POR E-MAIL,98.25,5508.35,1
1625,1262-OPMFY,FEMININO,0,SIM,NAO,9,SIM,FIBER OPTIC,NAO,NAO,NAO,MES-A-MES,TRANSFERENCIA BANCARIA - DEBITO AUTOMATICO,75.75,655.9,1
1626,9504-DSHWM,MASCULINO,0,NAO,NAO,20,SIM,DSL,SIM,SIM,NAO,MES-A-MES,TRANSFERENCIA BANCARIA - DEBITO AUTOMATICO,59.2,1191.2,0
1627,5035-BVCXS,MASCULINO,0,NAO,NAO,11,SIM,FIBER OPTIC,NAO,NAO,NAO,MES-A-MES,ENVIO POR CORREIO,75.9,866.4,0
1628,6267-DCFFZ,FEMININO,1,SIM,NAO,30,SIM,FIBER OPTIC,NAO,NAO,SIM,MES-A-MES,ENVIO POR E-MAIL,90.05,2627.2,0
1629,3533-UVMOM,MASCULINO,0,SIM,NAO,68,SIM,DSL,SIM,NAO,NAO,DOIS ANOS,TRANSFERENCIA BANCARIA - DEBITO AUTOMATICO,70.95,4741.45,0
1630,2439-LYPMQ,MASCULINO,1,SIM,NAO,38,SIM,FIBER OPTIC,NAO,NAO,SIM,MES-A-MES,ENVIO POR E-MAIL,102.6,4009.2,0
1631,4248-QPAVC,FEMININO,1,SIM,NAO,17,SIM,FIBER OPTIC,SIM,NAO,NAO,MES-A-MES,TRANSFERENCIA BANCARIA - DEBITO AUTOMATICO,85.35,1463.45,1
1632,1899-VXWXM,MASCULINO,0,NAO,NAO,48,SIM,FIBER OPTIC,NAO,NAO,SIM,UM ANO,CARTAO DE CREDITO - DEBITO AUTOMATICO,106.1,5082.8,1
1633,1478-VPOAD,FEMININO,0,NAO,NAO,1,SIM,DSL,NAO,NAO,NAO,MES-A-MES,ENVIO POR E-MAIL,43.8,43.8,0
1634,9995-HOTOH,MASCULINO,0,SIM,SIM,63,SIM,DSL,SIM,NAO,SIM,DOIS ANOS,ENVIO POR E-MAIL,59.0,3707.6,0
1635,2988-PLAHS,FEMININO,0,NAO,NAO,3,SIM,DSL,NAO,NAO,SIM,UM ANO,ENVIO POR E-MAIL,69.95,220.45,0
1636,1371-OJCEK,FEMININO,0,NAO,NAO,48,SIM,NAO,SEM SERVICO DE INTERNET,SEM SERVICO DE INTERNET,SEM SERVICO DE INTERNET,UM ANO,TRANSFERENCIA BANCARIA - DEBITO AUTOMATICO,24.35,1133.7,0
1637,4999-IEZLT,MASCULINO,0,NAO,NAO,66,SIM,DSL,NAO,SIM,NAO,UM ANO,CARTAO DE CREDITO - DEBITO AUTOMATICO,29.45,1983.15,0
1638,8883-ANODQ,FEMININO,0,SIM,SIM,68,SIM,FIBER OPTIC,NAO,NAO,NAO,DOIS ANOS,CARTAO DE CREDITO - DEBITO AUTOMATICO,84.4,5746.75,0
1639,4690-LLKUA,MASCULINO,1,NAO,NAO,17,SIM,DSL,NAO,NAO,NAO,MES-A-MES,ENVIO POR E-MAIL,45.05,770.6,1
1640,2351-RRBUE,FEMININO,0,SIM,SIM,7,SIM,NAO,SEM SERVICO DE INTERNET,SEM SERVICO DE INTERNET,SEM SERVICO DE INTERNET,UM ANO,ENVIO POR CORREIO,20.65,134.05,0
1641,5980-BDHPY,MASCULINO,0,SIM,NAO,72,SIM,DSL,SIM,SIM,SIM,DOIS ANOS,TRANSFERENCIA BANCARIA - DEBITO AUTOMATICO,87.1,6230.1,0
1642,1498-DQNRX,FEMININO,0,SIM,NAO,29,SIM,NAO,SEM SERVICO DE INTERNET,SEM SERVICO DE INTERNET,SEM SERVICO DE INTERNET,MES-A-MES,ENVIO POR CORREIO,19.85,573.05,0
1643,9469-WEJBT,MASCULINO,0,SIM,NAO,37,SIM,FIBER OPTIC,NAO,SIM,NAO,MES-A-MES,ENVIO POR E-MAIL,90.35,3419.3,0
1644,3331-HQDTW,FEMININO,0,NAO,NAO,34,SIM,FIBER OPTIC,SIM,NAO,SIM,MES-A-MES,ENVIO POR CORREIO,109.8,3587.25,1
1645,9490-DFPMD,FEMININO,1,NAO,NAO,42,SIM,FIBER OPTIC,NAO,NAO,SIM,MES-A-MES,ENVIO POR E-MAIL,84.65,3541.35,1
1646,2581-VKIRT,FEMININO,0,SIM,SIM,59,SIM,DSL,SIM,SIM,NAO,UM ANO,ENVIO POR CORREIO,65.5,3801.3,0
1647,5442-XSDCW,MASCULINO,0,SIM,SIM,11,SIM,FIBER OPTIC,NAO,NAO,SIM,MES-A-MES,TRANSFERENCIA BANCARIA - DEBITO AUTOMATICO,79.5,868.5,1
1648,7426-WEIJX,MASCULINO,1,SIM,SIM,60,SIM,FIBER OPTIC,SIM,NAO,NAO,MES-A-MES,ENVIO POR E-MAIL,80.95,4859.1,0
1649,2851-MMUTZ,FEMININO,0,NAO,NAO,27,SIM,DSL,NAO,SIM,NAO,MES-A-MES,ENVIO POR CORREIO,56.15,1439.35,0
1650,3049-NDXFL,FEMININO,0,NAO,NAO,1,SIM,FIBER OPTIC,NAO,NAO,NAO,MES-A-MES,ENVIO POR CORREIO,85.8,85.8,1
1651,8580-AECUZ,MASCULINO,1,NAO,NAO,1,SIM,FIBER OPTIC,NAO,NAO,SIM,MES-A-MES,ENVIO POR E-MAIL,79.1,79.1,1
1652,3307-TLCUD,MASCULINO,0,SIM,NAO,17,NAO,DSL,SIM,NAO,NAO,MES-A-MES,ENVIO POR CORREIO,34.4,592.75,0
1653,6625-FLENO,MASCULINO,0,SIM,NAO,58,SIM,NAO,SEM SERVICO DE INTERNET,SEM SERVICO DE INTERNET,SEM SERVICO DE INTERNET,DOIS ANOS,ENVIO POR CORREIO,20.75,1185.95,0
1654,2967-MXRAV,MASCULINO,0,SIM,SIM,1,SIM,NAO,SEM SERVICO DE INTERNET,SEM SERVICO DE INTERNET,SEM SERVICO DE INTERNET,UM ANO,ENVIO POR CORREIO,18.8,18.8,0
1655,7963-GQRMY,FEMININO,0,SIM,SIM,3,SIM,DSL,NAO,NAO,NAO,MES-A-MES,ENVIO POR CORREIO,44.3,134.5,1
1656,8189-HBVRW,FEMININO,0,NAO,NAO,53,SIM,FIBER OPTIC,SIM,NAO,NAO,MES-A-MES,ENVIO POR E-MAIL,90.8,4921.2,0
1657,4163-KIUHY,MASCULINO,0,NAO,NAO,35,SIM,NAO,SEM SERVICO DE INTERNET,SEM SERVICO DE INTERNET,SEM SERVICO DE INTERNET,MES-A-MES,ENVIO POR E-MAIL,25.6,901.25,0
1658,1228-FZFRV,MASCULINO,0,SIM,SIM,50,SIM,FIBER OPTIC,SIM,NAO,SIM,MES-A-MES,CARTAO DE CREDITO - DEBITO AUTOMATICO,105.95,5341.8,1
1659,3500-NSDOA,MASCULINO,0,SIM,SIM,68,SIM,DSL,NAO,SIM,NAO,DOIS ANOS,CARTAO DE CREDITO - DEBITO AUTOMATICO,70.8,4859.95,0
1660,1171-TYKUR,MASCULINO,0,SIM,NAO,47,SIM,NAO,SEM SERVICO DE INTERNET,SEM SERVICO DE INTERNET,SEM SERVICO DE INTERNET,MES-A-MES,ENVIO POR E-MAIL,25.4,1139.2,0
1661,3761-FLYZI,FEMININO,1,SIM,NAO,65,SIM,FIBER OPTIC,NAO,NAO,SIM,MES-A-MES,TRANSFERENCIA BANCARIA - DEBITO AUTOMATICO,108.8,7082.45,0
1662,2058-DCJBE,MASCULINO,0,NAO,NAO,5,SIM,FIBER OPTIC,NAO,NAO,NAO,MES-A-MES,ENVIO POR E-MAIL,69.75,324.6,1
1663,5364-XYIRR,MASCULINO,0,SIM,NAO,51,SIM,FIBER OPTIC,NAO,NAO,SIM,MES-A-MES,ENVIO POR E-MAIL,94.65,4812.75,1
1664,4829-AUOAX,FEMININO,0,NAO,NAO,46,SIM,FIBER OPTIC,NAO,NAO,SIM,MES-A-MES,TRANSFERENCIA BANCARIA - DEBITO AUTOMATICO,96.05,4399.5,1
1665,1219-NNDDO,FEMININO,0,NAO,NAO,9,SIM,FIBER OPTIC,NAO,NAO,NAO,MES-A-MES,ENVIO POR E-MAIL,76.85,663.55,0
1666,8388-DMKAE,FEMININO,0,NAO,NAO,8,SIM,NAO,SEM SERVICO DE INTERNET,SEM SERVICO DE INTERNET,SEM SERVICO DE INTERNET,DOIS ANOS,ENVIO POR CORREIO,20.25,174.65,0
1667,4403-BWPAY,MASCULINO,0,NAO,NAO,14,SIM,NAO,SEM SERVICO DE INTERNET,SEM SERVICO DE INTERNET,SEM SERVICO DE INTERNET,UM ANO,CARTAO DE CREDITO - DEBITO AUTOMATICO,24.8,321.7,0
1668,9659-QEQSY,FEMININO,0,NAO,NAO,45,SIM,FIBER OPTIC,SIM,SIM,SIM,MES-A-MES,ENVIO POR E-MAIL,115.65,5125.5,0
1669,5405-ZMYXQ,FEMININO,0,NAO,NAO,8,SIM,FIBER OPTIC,NAO,NAO,NAO,MES-A-MES,CARTAO DE CREDITO - DEBITO AUTOMATICO,74.6,548.9,0
1670,5047-LHVLY,MASCULINO,1,NAO,SIM,1,SIM,DSL,NAO,NAO,NAO,MES-A-MES,ENVIO POR CORREIO,50.15,50.15,1
1671,1442-OKRJE,MASCULINO,0,SIM,SIM,66,SIM,FIBER OPTIC,SIM,NAO,SIM,UM ANO,TRANSFERENCIA BANCARIA - DEBITO AUTOMATICO,103.15,7031.3,0
1672,4737-AQCPU,MASCULINO,0,SIM,SIM,72,SIM,DSL,SIM,SIM,NAO,DOIS ANOS,CARTAO DE CREDITO - DEBITO AUTOMATICO,72.1,5016.65,0
1673,9158-VCTQB,FEMININO,0,SIM,NAO,41,SIM,FIBER OPTIC,SIM,SIM,SIM,MES-A-MES,TRANSFERENCIA BANCARIA - DEBITO AUTOMATICO,113.6,4594.95,1
1674,2808-CHTDM,FEMININO,0,SIM,SIM,23,SIM,NAO,SEM SERVICO DE INTERNET,SEM SERVICO DE INTERNET,SEM SERVICO DE INTERNET,DOIS ANOS,ENVIO POR CORREIO,25.1,611.45,0
1675,6311-UEUME,FEMININO,0,NAO,NAO,29,SIM,FIBER OPTIC,NAO,NAO,SIM,MES-A-MES,ENVIO POR E-MAIL,78.9,2384.15,1
1676,0793-TWELN,FEMININO,0,NAO,NAO,4,SIM,FIBER OPTIC,SIM,NAO,NAO,MES-A-MES,ENVIO POR E-MAIL,80.15,319.85,0
1677,3283-WCWXT,MASCULINO,0,SIM,SIM,6,SIM,NAO,SEM SERVICO DE INTERNET,SEM SERVICO DE INTERNET,SEM SERVICO DE INTERNET,DOIS ANOS,ENVIO POR CORREIO,25.4,153.3,0
1678,1060-ENTOF,FEMININO,1,SIM,NAO,67,SIM,FIBER OPTIC,SIM,SIM,NAO,UM ANO,CARTAO DE CREDITO - DEBITO AUTOMATICO,105.4,7035.6,0
1679,0999-QXNSA,MASCULINO,1,NAO,SIM,7,SIM,DSL,NAO,NAO,NAO,MES-A-MES,ENVIO POR CORREIO,45.75,344.2,0
1680,5451-MHQOF,MASCULINO,0,SIM,SIM,56,SIM,NAO,SEM SERVICO DE INTERNET,SEM SERVICO DE INTERNET,SEM SERVICO DE INTERNET,UM ANO,ENVIO POR CORREIO,24.45,1431.65,0
1681,4836-WNFNO,FEMININO,0,SIM,NAO,72,SIM,NAO,SEM SERVICO DE INTERNET,SEM SERVICO DE INTERNET,SEM SERVICO DE INTERNET,DOIS ANOS,CARTAO DE CREDITO - DEBITO AUTOMATICO,25.0,1849.2,0
1682,9225-BZLNZ,MASCULINO,0,SIM,NAO,72,SIM,DSL,SIM,NAO,SIM,DOIS ANOS,ENVIO POR E-MAIL,85.25,6083.1,0
1683,0354-VXMJC,MASCULINO,0,SIM,SIM,23,SIM,NAO,SEM SERVICO DE INTERNET,SEM SERVICO DE INTERNET,SEM SERVICO DE INTERNET,DOIS ANOS,CARTAO DE CREDITO - DEBITO AUTOMATICO,19.6,426.65,0
1684,4422-QVIJA,FEMININO,0,NAO,SIM,35,SIM,DSL,NAO,NAO,NAO,MES-A-MES,ENVIO POR CORREIO,50.15,1655.35,0
1685,9365-SRSZE,MASCULINO,1,SIM,NAO,27,SIM,FIBER OPTIC,NAO,NAO,NAO,MES-A-MES,ENVIO POR E-MAIL,70.55,1943.9,0
1686,6839-ITVZJ,FEMININO,0,SIM,SIM,26,SIM,DSL,NAO,SIM,NAO,MES-A-MES,ENVIO POR E-MAIL,60.05,1616.15,1
1687,8332-OSJDW,MASCULINO,0,SIM,SIM,12,SIM,NAO,SEM SERVICO DE INTERNET,SEM SERVICO DE INTERNET,SEM SERVICO DE INTERNET,UM ANO,ENVIO POR CORREIO,26.4,314.95,0
1688,4735-BJKOU,FEMININO,0,NAO,NAO,40,SIM,NAO,SEM SERVICO DE INTERNET,SEM SERVICO DE INTERNET,SEM SERVICO DE INTERNET,DOIS ANOS,ENVIO POR CORREIO,20.15,804.85,0
1689,0274-JKUJR,MASCULINO,0,SIM,SIM,7,NAO,DSL,SIM,NAO,SIM,MES-A-MES,ENVIO POR CORREIO,58.85,465.7,0
1690,5740-YHGTW,MASCULINO,0,SIM,SIM,70,SIM,FIBER OPTIC,SIM,NAO,SIM,MES-A-MES,CARTAO DE CREDITO - DEBITO AUTOMATICO,97.55,6669.05,0
1691,8917-SZTTJ,MASCULINO,0,SIM,SIM,60,SIM,NAO,SEM SERVICO DE INTERNET,SEM SERVICO DE INTERNET,SEM SERVICO DE INTERNET,DOIS ANOS,CARTAO DE CREDITO - DEBITO AUTOMATICO,19.65,1161.75,0
1692,1696-MZVAU,MASCULINO,0,SIM,SIM,39,NAO,DSL,NAO,NAO,NAO,UM ANO,CARTAO DE CREDITO - DEBITO AUTOMATICO,25.25,947.75,0
1693,7359-WWYJV,MASCULINO,0,SIM,NAO,72,SIM,FIBER OPTIC,SIM,SIM,SIM,DOIS ANOS,CARTAO DE CREDITO - DEBITO AUTOMATICO,114.45,8375.05,0
1694,0375-HVGXO,FEMININO,0,NAO,NAO,1,NAO,DSL,NAO,NAO,SIM,MES-A-MES,ENVIO POR E-MAIL,34.7,34.7,1
1695,4906-ZHGPK,MASCULINO,0,SIM,SIM,54,SIM,DSL,NAO,SIM,SIM,UM ANO,ENVIO POR E-MAIL,70.7,3770.0,0
1696,8593-WHYHV,MASCULINO,0,NAO,NAO,3,SIM,FIBER OPTIC,NAO,NAO,NAO,MES-A-MES,ENVIO POR E-MAIL,85.3,264.8,1
1697,3795-GWTRD,FEMININO,0,SIM,SIM,63,SIM,DSL,SIM,SIM,SIM,DOIS ANOS,CARTAO DE CREDITO - DEBITO AUTOMATICO,75.55,4707.85,0
1698,1298-PHBTI,MASCULINO,0,SIM,SIM,71,SIM,FIBER OPTIC,NAO,SIM,NAO,DOIS ANOS,ENVIO POR E-MAIL,84.8,6152.4,0
1699,6223-DHJGV,FEMININO,0,NAO,NAO,42,SIM,NAO,SEM SERVICO DE INTERNET,SEM SERVICO DE INTERNET,SEM SERVICO DE INTERNET,UM ANO,ENVIO POR CORREIO,20.65,958.1,0
1700,6961-MJKBO,MASCULINO,0,NAO,NAO,47,SIM,NAO,SEM SERVICO DE INTERNET,SEM SERVICO DE INTERNET,SEM SERVICO DE INTERNET,DOIS ANOS,TRANSFERENCIA BANCARIA - DEBITO AUTOMATICO,20.45,943.0,0
1701,6097-EQISJ,FEMININO,0,SIM,SIM,66,SIM,FIBER OPTIC,NAO,NAO,SIM,UM ANO,CARTAO DE CREDITO - DEBITO AUTOMATICO,102.45,6615.15,1
1702,4423-YLHDV,FEMININO,0,SIM,NAO,21,SIM,FIBER OPTIC,SIM,NAO,SIM,MES-A-MES,TRANSFERENCIA BANCARIA - DEBITO AUTOMATICO,104.4,2200.25,1
1703,8158-WPEZG,MASCULINO,0,NAO,NAO,11,NAO,DSL,NAO,SIM,NAO,MES-A-MES,ENVIO POR E-MAIL,35.65,425.1,0
1704,0107-YHINA,MASCULINO,0,NAO,SIM,1,SIM,FIBER OPTIC,NAO,NAO,SIM,MES-A-MES,ENVIO POR E-MAIL,99.75,99.75,1
1705,4918-FYJNT,FEMININO,1,SIM,NAO,55,SIM,FIBER OPTIC,NAO,SIM,NAO,MES-A-MES,ENVIO POR E-MAIL,90.45,5044.8,0
1706,0727-BNRLG,MASCULINO,0,NAO,NAO,69,SIM,FIBER OPTIC,NAO,SIM,SIM,DOIS ANOS,CARTAO DE CREDITO - DEBITO AUTOMATICO,97.65,6743.55,0
1707,4854-CIDCF,FEMININO,1,NAO,NAO,3,SIM,FIBER OPTIC,NAO,NAO,NAO,MES-A-MES,ENVIO POR E-MAIL,73.85,196.4,0
1708,8640-SDGKB,MASCULINO,0,NAO,NAO,4,SIM,DSL,NAO,SIM,SIM,MES-A-MES,ENVIO POR E-MAIL,74.4,299.7,1
1709,3280-MRDOF,MASCULINO,1,NAO,NAO,30,SIM,DSL,NAO,SIM,SIM,DOIS ANOS,CARTAO DE CREDITO - DEBITO AUTOMATICO,69.1,2093.9,0
1710,6435-SRWBJ,FEMININO,0,NAO,NAO,5,SIM,FIBER OPTIC,NAO,SIM,NAO,MES-A-MES,ENVIO POR E-MAIL,82.75,417.75,0
1711,9964-WBQDJ,FEMININO,0,SIM,NAO,71,SIM,NAO,SEM SERVICO DE INTERNET,SEM SERVICO DE INTERNET,SEM SERVICO DE INTERNET,DOIS ANOS,CARTAO DE CREDITO - DEBITO AUTOMATICO,24.4,1725.4,0
1712,6303-KFWSL,FEMININO,0,NAO,NAO,29,SIM,DSL,NAO,NAO,NAO,UM ANO,ENVIO POR E-MAIL,55.25,1620.2,0
1713,1702-CCFNJ,MASCULINO,0,SIM,NAO,52,SIM,DSL,NAO,SIM,NAO,MES-A-MES,TRANSFERENCIA BANCARIA - DEBITO AUTOMATICO,61.35,3169.55,0
1714,8932-CZHRQ,MASCULINO,0,NAO,NAO,68,SIM,DSL,SIM,NAO,NAO,UM ANO,CARTAO DE CREDITO - DEBITO AUTOMATICO,76.75,5233.25,0
1715,0386-CWRGM,FEMININO,0,SIM,SIM,46,SIM,NAO,SEM SERVICO DE INTERNET,SEM SERVICO DE INTERNET,SEM SERVICO DE INTERNET,DOIS ANOS,ENVIO POR CORREIO,19.4,967.85,0
1716,5515-RUGKN,MASCULINO,0,NAO,NAO,8,SIM,DSL,NAO,NAO,NAO,MES-A-MES,CARTAO DE CREDITO - DEBITO AUTOMATICO,54.75,438.05,0
1717,0404-AHASP,MASCULINO,0,SIM,NAO,72,SIM,NAO,SEM SERVICO DE INTERNET,SEM SERVICO DE INTERNET,SEM SERVICO DE INTERNET,DOIS ANOS,CARTAO DE CREDITO - DEBITO AUTOMATICO,19.7,1421.9,0
1718,7279-NMVJC,FEMININO,0,NAO,NAO,17,SIM,NAO,SEM SERVICO DE INTERNET,SEM SERVICO DE INTERNET,SEM SERVICO DE INTERNET,UM ANO,TRANSFERENCIA BANCARIA - DEBITO AUTOMATICO,19.9,323.15,0
1719,2081-VEYEH,MASCULINO,0,NAO,NAO,3,SIM,FIBER OPTIC,NAO,SIM,SIM,MES-A-MES,ENVIO POR E-MAIL,107.95,318.6,0
1720,6407-UTSLV,FEMININO,1,NAO,NAO,2,SIM,FIBER OPTIC,NAO,NAO,SIM,MES-A-MES,TRANSFERENCIA BANCARIA - DEBITO AUTOMATICO,83.8,163.7,0
1721,4116-TZAQJ,FEMININO,0,NAO,NAO,9,SIM,FIBER OPTIC,SIM,NAO,NAO,MES-A-MES,CARTAO DE CREDITO - DEBITO AUTOMATICO,74.25,639.65,1
1722,9060-HJJRW,FEMININO,0,NAO,NAO,51,NAO,DSL,NAO,NAO,SIM,UM ANO,CARTAO DE CREDITO - DEBITO AUTOMATICO,56.4,2928.5,0
1723,2587-YNLES,FEMININO,0,SIM,SIM,6,SIM,NAO,SEM SERVICO DE INTERNET,SEM SERVICO DE INTERNET,SEM SERVICO DE INTERNET,DOIS ANOS,ENVIO POR CORREIO,20.1,100.35,0
1724,7398-SKNQZ,FEMININO,0,SIM,NAO,3,SIM,FIBER OPTIC,NAO,NAO,SIM,MES-A-MES,ENVIO POR E-MAIL,94.9,273.2,0
1725,5935-FCCNB,FEMININO,1,NAO,NAO,17,SIM,FIBER OPTIC,NAO,NAO,SIM,MES-A-MES,ENVIO POR E-MAIL,94.2,1608.15,0
1726,1958-RNRKS,MASCULINO,0,SIM,NAO,30,SIM,DSL,NAO,NAO,NAO,MES-A-MES,ENVIO POR E-MAIL,49.9,1441.95,0
1727,5136-RGMZO,MASCULINO,0,NAO,NAO,31,SIM,DSL,NAO,SIM,SIM,MES-A-MES,ENVIO POR E-MAIL,71.05,2168.15,0
1728,8345-MVDYC,FEMININO,0,NAO,NAO,45,SIM,DSL,SIM,SIM,SIM,DOIS ANOS,TRANSFERENCIA BANCARIA - DEBITO AUTOMATICO,81.65,3618.7,0
1729,8226-BXGES,MASCULINO,0,SIM,NAO,64,SIM,FIBER OPTIC,SIM,NAO,NAO,UM ANO,TRANSFERENCIA BANCARIA - DEBITO AUTOMATICO,89.45,5692.65,0
1730,3877-JRJIP,MASCULINO,0,NAO,NAO,1,SIM,DSL,NAO,NAO,SIM,MES-A-MES,ENVIO POR E-MAIL,59.85,59.85,1
1731,8375-DKEBR,FEMININO,1,NAO,NAO,1,SIM,FIBER OPTIC,NAO,NAO,NAO,MES-A-MES,ENVIO POR E-MAIL,69.6,69.6,1
1732,9705-IOVQQ,MASCULINO,1,SIM,SIM,61,SIM,FIBER OPTIC,NAO,NAO,SIM,UM ANO,ENVIO POR E-MAIL,99.0,5969.3,0
1733,1015-OWJKI,MASCULINO,0,NAO,NAO,1,SIM,NAO,SEM SERVICO DE INTERNET,SEM SERVICO DE INTERNET,SEM SERVICO DE INTERNET,MES-A-MES,ENVIO POR CORREIO,19.05,19.05,0
1734,7511-YMXVQ,MASCULINO,0,NAO,NAO,9,NAO,DSL,NAO,NAO,SIM,MES-A-MES,ENVIO POR E-MAIL,45.4,418.8,1
1735,2040-XBAVJ,MASCULINO,0,SIM,SIM,72,SIM,FIBER OPTIC,SIM,SIM,SIM,DOIS ANOS,TRANSFERENCIA BANCARIA - DEBITO AUTOMATICO,114.45,8100.55,0
1736,7551-JOHTI,FEMININO,0,NAO,NAO,1,SIM,NAO,SEM SERVICO DE INTERNET,SEM SERVICO DE INTERNET,SEM SERVICO DE INTERNET,MES-A-MES,ENVIO POR CORREIO,19.5,19.5,1
1737,8887-IPQNC,FEMININO,0,SIM,NAO,7,SIM,DSL,NAO,NAO,NAO,MES-A-MES,ENVIO POR CORREIO,44.25,313.45,0
1738,8646-JCOMS,FEMININO,0,SIM,NAO,66,SIM,FIBER OPTIC,NAO,SIM,NAO,UM ANO,TRANSFERENCIA BANCARIA - DEBITO AUTOMATICO,90.55,6130.95,0
1739,9804-ICWBG,MASCULINO,0,NAO,NAO,1,SIM,FIBER OPTIC,NAO,NAO,NAO,MES-A-MES,ENVIO POR E-MAIL,69.9,69.9,1
1740,1222-KJNZD,MASCULINO,0,SIM,SIM,40,SIM,NAO,SEM SERVICO DE INTERNET,SEM SERVICO DE INTERNET,SEM SERVICO DE INTERNET,MES-A-MES,TRANSFERENCIA BANCARIA - DEBITO AUTOMATICO,20.4,745.3,0
1741,0106-GHRQR,MASCULINO,0,NAO,NAO,16,SIM,DSL,NAO,NAO,NAO,MES-A-MES,TRANSFERENCIA BANCARIA - DEBITO AUTOMATICO,71.4,1212.1,0
1742,5318-IXUZF,FEMININO,0,NAO,NAO,2,SIM,FIBER OPTIC,NAO,NAO,SIM,MES-A-MES,TRANSFERENCIA BANCARIA - DEBITO AUTOMATICO,87.15,183.75,1
1743,3768-VHXQO,MASCULINO,0,SIM,NAO,67,SIM,NAO,SEM SERVICO DE INTERNET,SEM SERVICO DE INTERNET,SEM SERVICO DE INTERNET,DOIS ANOS,CARTAO DE CREDITO - DEBITO AUTOMATICO,24.85,1583.5,0
1744,8952-WCVCD,FEMININO,0,SIM,NAO,41,SIM,FIBER OPTIC,SIM,NAO,SIM,UM ANO,TRANSFERENCIA BANCARIA - DEBITO AUTOMATICO,104.45,4162.05,0
1745,2418-TPEUN,FEMININO,0,SIM,SIM,56,SIM,NAO,SEM SERVICO DE INTERNET,SEM SERVICO DE INTERNET,SEM SERVICO DE INTERNET,DOIS ANOS,CARTAO DE CREDITO - DEBITO AUTOMATICO,19.8,1119.9,0
1746,3963-RYFNS,FEMININO,0,NAO,NAO,72,SIM,FIBER OPTIC,SIM,SIM,SIM,DOIS ANOS,TRANSFERENCIA BANCARIA - DEBITO AUTOMATICO,116.45,8013.55,0
1747,3198-VELRD,FEMININO,0,SIM,SIM,3,SIM,FIBER OPTIC,NAO,NAO,NAO,MES-A-MES,TRANSFERENCIA BANCARIA - DEBITO AUTOMATICO,84.75,264.85,1
1748,8540-ZQGEA,FEMININO,0,SIM,NAO,54,SIM,NAO,SEM SERVICO DE INTERNET,SEM SERVICO DE INTERNET,SEM SERVICO DE INTERNET,DOIS ANOS,CARTAO DE CREDITO - DEBITO AUTOMATICO,20.05,1102.4,0
1749,1320-REHCS,MASCULINO,1,NAO,NAO,52,SIM,FIBER OPTIC,NAO,SIM,SIM,MES-A-MES,ENVIO POR E-MAIL,110.75,5832.0,0
1750,4137-JOPHL,FEMININO,0,NAO,NAO,50,SIM,FIBER OPTIC,NAO,SIM,NAO,DOIS ANOS,TRANSFERENCIA BANCARIA - DEBITO AUTOMATICO,89.7,4304.5,0
1751,9436-ZBZCT,MASCULINO,0,NAO,NAO,14,SIM,FIBER OPTIC,NAO,SIM,SIM,MES-A-MES,ENVIO POR E-MAIL,89.95,1178.4,1
1752,7801-CEDNV,MASCULINO,0,SIM,NAO,27,SIM,DSL,SIM,NAO,NAO,UM ANO,CARTAO DE CREDITO - DEBITO AUTOMATICO,48.7,1421.75,0
1753,2057-BOYKM,FEMININO,1,SIM,NAO,72,SIM,FIBER OPTIC,SIM,SIM,NAO,DOIS ANOS,TRANSFERENCIA BANCARIA - DEBITO AUTOMATICO,96.6,6827.5,0
1754,3658-QQJYD,MASCULINO,0,NAO,NAO,62,SIM,DSL,SIM,NAO,SIM,UM ANO,CARTAO DE CREDITO - DEBITO AUTOMATICO,74.3,4698.05,0
1755,1803-BGNBD,FEMININO,0,NAO,NAO,12,SIM,DSL,NAO,SIM,NAO,MES-A-MES,ENVIO POR E-MAIL,54.3,654.5,0
1756,0134-XWXCE,FEMININO,1,NAO,NAO,44,SIM,DSL,NAO,SIM,SIM,UM ANO,TRANSFERENCIA BANCARIA - DEBITO AUTOMATICO,74.85,3268.05,0
1757,6950-TWMYB,MASCULINO,0,SIM,SIM,54,SIM,FIBER OPTIC,NAO,SIM,NAO,DOIS ANOS,TRANSFERENCIA BANCARIA - DEBITO AUTOMATICO,79.95,4362.05,0
1758,5848-FHRFC,FEMININO,0,NAO,NAO,68,SIM,NAO,SEM SERVICO DE INTERNET,SEM SERVICO DE INTERNET,SEM SERVICO DE INTERNET,DOIS ANOS,TRANSFERENCIA BANCARIA - DEBITO AUTOMATICO,20.05,1386.9,0
1759,2243-FNMMI,MASCULINO,0,NAO,NAO,20,SIM,NAO,SEM SERVICO DE INTERNET,SEM SERVICO DE INTERNET,SEM SERVICO DE INTERNET,MES-A-MES,ENVIO POR CORREIO,19.4,415.4,0
1760,2511-MORQY,MASCULINO,0,SIM,SIM,50,SIM,DSL,NAO,NAO,NAO,UM ANO,TRANSFERENCIA BANCARIA - DEBITO AUTOMATICO,54.9,2614.1,0
1761,5356-KZCKT,MASCULINO,0,NAO,NAO,58,SIM,NAO,SEM SERVICO DE INTERNET,SEM SERVICO DE INTERNET,SEM SERVICO DE INTERNET,DOIS ANOS,CARTAO DE CREDITO - DEBITO AUTOMATICO,24.45,1513.6,0
1762,9470-XCCEM,MASCULINO,0,SIM,SIM,35,SIM,FIBER OPTIC,NAO,NAO,SIM,MES-A-MES,TRANSFERENCIA BANCARIA - DEBITO AUTOMATICO,89.65,3161.6,0
1763,6519-CFDBX,FEMININO,0,NAO,NAO,2,SIM,DSL,NAO,NAO,NAO,MES-A-MES,ENVIO POR E-MAIL,45.4,80.95,0
1764,3902-MIVLE,MASCULINO,0,SIM,SIM,63,SIM,DSL,SIM,SIM,NAO,DOIS ANOS,ENVIO POR CORREIO,75.7,4676.7,0
1765,0409-WTMPL,FEMININO,0,SIM,NAO,58,SIM,FIBER OPTIC,SIM,NAO,SIM,UM ANO,CARTAO DE CREDITO - DEBITO AUTOMATICO,110.65,6526.65,0
1766,8763-KIAFH,FEMININO,0,SIM,SIM,27,SIM,NAO,SEM SERVICO DE INTERNET,SEM SERVICO DE INTERNET,SEM SERVICO DE INTERNET,UM ANO,ENVIO POR CORREIO,20.55,583.3,0
1767,3669-WHAFY,FEMININO,0,SIM,NAO,71,SIM,FIBER OPTIC,SIM,SIM,SIM,DOIS ANOS,CARTAO DE CREDITO - DEBITO AUTOMATICO,115.15,8078.1,0
1768,3055-VTCGS,FEMININO,0,NAO,NAO,63,SIM,DSL,NAO,NAO,NAO,UM ANO,CARTAO DE CREDITO - DEBITO AUTOMATICO,58.55,3503.5,0
1769,3144-KMTWZ,MASCULINO,0,SIM,NAO,71,SIM,FIBER OPTIC,NAO,NAO,NAO,MES-A-MES,TRANSFERENCIA BANCARIA - DEBITO AUTOMATICO,93.25,6669.45,0
1770,7279-BUYWN,FEMININO,1,NAO,NAO,41,SIM,FIBER OPTIC,SIM,NAO,SIM,MES-A-MES,ENVIO POR E-MAIL,113.2,4689.5,1
1771,7156-MHUGY,MASCULINO,1,NAO,NAO,13,SIM,FIBER OPTIC,NAO,NAO,SIM,MES-A-MES,ENVIO POR E-MAIL,90.5,1201.15,1
1772,7198-GLXTC,MASCULINO,0,NAO,NAO,2,SIM,FIBER OPTIC,NAO,NAO,SIM,MES-A-MES,ENVIO POR E-MAIL,79.0,143.65,1
1773,2007-QVGAW,FEMININO,0,SIM,SIM,68,SIM,NAO,SEM SERVICO DE INTERNET,SEM SERVICO DE INTERNET,SEM SERVICO DE INTERNET,DOIS ANOS,TRANSFERENCIA BANCARIA - DEBITO AUTOMATICO,19.35,1292.65,0
1774,5207-PLSTK,MASCULINO,0,SIM,SIM,1,SIM,DSL,SIM,NAO,NAO,MES-A-MES,ENVIO POR CORREIO,48.75,48.75,0
1775,2307-FYNNL,MASCULINO,1,NAO,NAO,65,SIM,FIBER OPTIC,SIM,SIM,SIM,DOIS ANOS,ENVIO POR E-MAIL,109.05,7108.2,0
1776,5605-XNWEN,MASCULINO,1,SIM,NAO,72,SIM,NAO,SEM SERVICO DE INTERNET,SEM SERVICO DE INTERNET,SEM SERVICO DE INTERNET,DOIS ANOS,TRANSFERENCIA BANCARIA - DEBITO AUTOMATICO,25.0,1802.55,0
1777,2155-AMQRX,FEMININO,0,NAO,NAO,28,SIM,DSL,NAO,SIM,NAO,MES-A-MES,CARTAO DE CREDITO - DEBITO AUTOMATICO,54.9,1505.15,0
1778,6181-AXXYF,MASCULINO,0,SIM,SIM,72,SIM,NAO,SEM SERVICO DE INTERNET,SEM SERVICO DE INTERNET,SEM SERVICO DE INTERNET,DOIS ANOS,CARTAO DE CREDITO - DEBITO AUTOMATICO,24.75,1859.1,0
1779,5091-HFAZW,FEMININO,0,NAO,NAO,2,SIM,FIBER OPTIC,SIM,NAO,SIM,MES-A-MES,ENVIO POR E-MAIL,91.15,168.5,0
1780,0516-VRYBW,FEMININO,0,NAO,SIM,18,SIM,NAO,SEM SERVICO DE INTERNET,SEM SERVICO DE INTERNET,SEM SERVICO DE INTERNET,UM ANO,TRANSFERENCIA BANCARIA - DEBITO AUTOMATICO,20.15,390.85,1
1781,2519-LBNQL,MASCULINO,1,SIM,NAO,60,SIM,FIBER OPTIC,NAO,NAO,SIM,UM ANO,ENVIO POR E-MAIL,104.35,6339.45,0
1782,8623-ULFNQ,FEMININO,1,NAO,NAO,26,SIM,DSL,NAO,SIM,NAO,MES-A-MES,ENVIO POR E-MAIL,66.05,1652.4,0
1783,8380-PEFPE,MASCULINO,0,NAO,SIM,1,SIM,FIBER OPTIC,NAO,NAO,NAO,MES-A-MES,ENVIO POR E-MAIL,71.65,71.65,1
1784,5687-DKDTV,FEMININO,0,NAO,NAO,4,SIM,NAO,SEM SERVICO DE INTERNET,SEM SERVICO DE INTERNET,SEM SERVICO DE INTERNET,MES-A-MES,ENVIO POR CORREIO,20.35,77.5,1
1785,1568-LJSZU,MASCULINO,0,SIM,SIM,68,SIM,DSL,SIM,SIM,SIM,DOIS ANOS,CARTAO DE CREDITO - DEBITO AUTOMATICO,92.2,6392.85,0
1786,7530-HDYDS,FEMININO,0,NAO,NAO,38,SIM,FIBER OPTIC,NAO,SIM,NAO,MES-A-MES,CARTAO DE CREDITO - DEBITO AUTOMATICO,84.25,3264.5,1
1787,7789-HKSBS,FEMININO,1,SIM,NAO,42,SIM,FIBER OPTIC,SIM,NAO,SIM,UM ANO,TRANSFERENCIA BANCARIA - DEBITO AUTOMATICO,105.2,4599.15,0
1788,7416-CKTEP,FEMININO,0,SIM,NAO,57,SIM,NAO,SEM SERVICO DE INTERNET,SEM SERVICO DE INTERNET,SEM SERVICO DE INTERNET,DOIS ANOS,TRANSFERENCIA BANCARIA - DEBITO AUTOMATICO,19.6,1134.25,0
1789,2586-CWXVV,MASCULINO,0,SIM,NAO,54,NAO,DSL,NAO,NAO,NAO,MES-A-MES,ENVIO POR E-MAIL,30.4,1621.35,0
1790,3096-IZETN,FEMININO,0,NAO,NAO,12,SIM,FIBER OPTIC,NAO,NAO,NAO,MES-A-MES,TRANSFERENCIA BANCARIA - DEBITO AUTOMATICO,78.1,947.3,1
1791,2348-KCJLT,FEMININO,0,SIM,NAO,44,SIM,DSL,SIM,NAO,NAO,UM ANO,ENVIO POR CORREIO,61.5,2722.2,0
1792,8401-EMUWF,MASCULINO,0,SIM,SIM,42,SIM,DSL,SIM,NAO,SIM,MES-A-MES,TRANSFERENCIA BANCARIA - DEBITO AUTOMATICO,69.4,3058.3,0
1793,4193-IBKSW,MASCULINO,0,SIM,SIM,72,SIM,NAO,SEM SERVICO DE INTERNET,SEM SERVICO DE INTERNET,SEM SERVICO DE INTERNET,DOIS ANOS,TRANSFERENCIA BANCARIA - DEBITO AUTOMATICO,24.75,1769.6,0
1794,5377-NDTOU,FEMININO,0,SIM,SIM,71,SIM,DSL,SIM,SIM,SIM,DOIS ANOS,ENVIO POR CORREIO,91.05,6293.75,0
1795,5922-ABDVO,FEMININO,0,SIM,NAO,19,SIM,FIBER OPTIC,NAO,NAO,NAO,MES-A-MES,ENVIO POR CORREIO,89.65,1761.05,1
1796,2474-LCNUE,FEMININO,0,SIM,NAO,23,SIM,DSL,NAO,SIM,SIM,MES-A-MES,CARTAO DE CREDITO - DEBITO AUTOMATICO,73.65,1642.75,0
1797,0839-QNXME,FEMININO,0,NAO,NAO,30,SIM,NAO,SEM SERVICO DE INTERNET,SEM SERVICO DE INTERNET,SEM SERVICO DE INTERNET,DOIS ANOS,CARTAO DE CREDITO - DEBITO AUTOMATICO,19.4,578.5,0
1798,3506-OVLKD,MASCULINO,0,NAO,NAO,35,SIM,NAO,SEM SERVICO DE INTERNET,SEM SERVICO DE INTERNET,SEM SERVICO DE INTERNET,UM ANO,TRANSFERENCIA BANCARIA - DEBITO AUTOMATICO,26.2,954.9,0
1799,9172-ANCRX,FEMININO,0,NAO,NAO,10,SIM,FIBER OPTIC,SIM,NAO,SIM,MES-A-MES,ENVIO POR E-MAIL,98.7,973.25,1
1800,6650-VJONK,MASCULINO,0,NAO,NAO,1,SIM,DSL,NAO,NAO,NAO,MES-A-MES,TRANSFERENCIA BANCARIA - DEBITO AUTOMATICO,43.85,43.85,0
1801,2178-PMGCJ,MASCULINO,0,NAO,NAO,22,SIM,FIBER OPTIC,NAO,NAO,NAO,MES-A-MES,ENVIO POR CORREIO,69.7,1490.4,0
1802,7492-TAFJD,MASCULINO,0,SIM,SIM,7,NAO,DSL,SIM,NAO,NAO,DOIS ANOS,ENVIO POR CORREIO,38.55,280.0,0
1803,2773-MADBQ,FEMININO,0,NAO,NAO,36,NAO,DSL,SIM,SIM,NAO,DOIS ANOS,ENVIO POR CORREIO,53.1,1901.25,0
1804,6016-LVTJQ,FEMININO,0,SIM,SIM,34,SIM,NAO,SEM SERVICO DE INTERNET,SEM SERVICO DE INTERNET,SEM SERVICO DE INTERNET,MES-A-MES,ENVIO POR CORREIO,20.65,716.4,0
1805,7860-KSUGX,MASCULINO,0,SIM,SIM,72,SIM,DSL,SIM,NAO,NAO,DOIS ANOS,CARTAO DE CREDITO - DEBITO AUTOMATICO,64.45,4720.0,0
1806,8966-KZXXA,MASCULINO,0,SIM,SIM,36,SIM,NAO,SEM SERVICO DE INTERNET,SEM SERVICO DE INTERNET,SEM SERVICO DE INTERNET,DOIS ANOS,CARTAO DE CREDITO - DEBITO AUTOMATICO,25.1,930.95,0
1807,6910-HADCM,FEMININO,0,NAO,NAO,1,SIM,FIBER OPTIC,NAO,NAO,NAO,MES-A-MES,ENVIO POR E-MAIL,76.35,76.35,1
1808,4816-LXZYW,FEMININO,0,NAO,NAO,23,SIM,FIBER OPTIC,NAO,NAO,NAO,MES-A-MES,ENVIO POR E-MAIL,79.15,1676.95,1
1809,9606-PBKBQ,MASCULINO,1,SIM,NAO,32,SIM,FIBER OPTIC,NAO,NAO,NAO,MES-A-MES,ENVIO POR E-MAIL,85.0,2642.05,1
1810,5149-QYTTU,FEMININO,0,SIM,SIM,71,SIM,FIBER OPTIC,SIM,SIM,NAO,UM ANO,CARTAO DE CREDITO - DEBITO AUTOMATICO,95.15,6770.85,0
1811,2070-XYMFH,FEMININO,1,NAO,NAO,23,SIM,FIBER OPTIC,NAO,NAO,NAO,MES-A-MES,ENVIO POR CORREIO,79.35,1835.3,0
1812,2085-BOJKI,MASCULINO,0,SIM,NAO,17,SIM,FIBER OPTIC,NAO,NAO,SIM,UM ANO,TRANSFERENCIA BANCARIA - DEBITO AUTOMATICO,96.65,1588.25,0
1813,0817-HSUSE,MASCULINO,0,NAO,NAO,1,SIM,DSL,NAO,SIM,SIM,MES-A-MES,ENVIO POR E-MAIL,75.5,75.5,0
1814,5442-PPTJY,MASCULINO,0,SIM,SIM,12,SIM,NAO,SEM SERVICO DE INTERNET,SEM SERVICO DE INTERNET,SEM SERVICO DE INTERNET,DOIS ANOS,ENVIO POR CORREIO,19.7,258.35,0
1815,1927-QEWMY,FEMININO,0,SIM,NAO,72,SIM,NAO,SEM SERVICO DE INTERNET,SEM SERVICO DE INTERNET,SEM SERVICO DE INTERNET,DOIS ANOS,CARTAO DE CREDITO - DEBITO AUTOMATICO,20.5,1502.25,0
1816,1663-MHLHE,MASCULINO,0,NAO,NAO,1,SIM,NAO,SEM SERVICO DE INTERNET,SEM SERVICO DE INTERNET,SEM SERVICO DE INTERNET,MES-A-MES,ENVIO POR CORREIO,19.2,19.2,0
1817,5663-QBGIS,MASCULINO,1,SIM,NAO,72,SIM,FIBER OPTIC,NAO,NAO,SIM,DOIS ANOS,TRANSFERENCIA BANCARIA - DEBITO AUTOMATICO,98.35,6929.4,0
1818,4450-MDZFX,MASCULINO,0,SIM,SIM,60,SIM,FIBER OPTIC,NAO,NAO,NAO,MES-A-MES,TRANSFERENCIA BANCARIA - DEBITO AUTOMATICO,74.35,4453.3,0
1819,6701-DHKWQ,FEMININO,0,SIM,SIM,61,NAO,DSL,NAO,SIM,SIM,DOIS ANOS,CARTAO DE CREDITO - DEBITO AUTOMATICO,51.35,3244.4,0
1820,7554-AKDQF,FEMININO,0,SIM,NAO,6,SIM,DSL,NAO,NAO,NAO,MES-A-MES,ENVIO POR CORREIO,45.65,323.45,0
1821,3536-IQCTX,MASCULINO,1,SIM,NAO,32,SIM,FIBER OPTIC,NAO,NAO,NAO,MES-A-MES,ENVIO POR E-MAIL,85.3,2661.1,1
1822,4911-BANWH,FEMININO,0,NAO,SIM,31,SIM,FIBER OPTIC,NAO,NAO,SIM,MES-A-MES,CARTAO DE CREDITO - DEBITO AUTOMATICO,86.55,2697.4,1
1823,8496-EJAUI,MASCULINO,0,NAO,NAO,19,SIM,FIBER OPTIC,NAO,NAO,NAO,MES-A-MES,CARTAO DE CREDITO - DEBITO AUTOMATICO,73.85,1424.5,1
1824,0794-YVSGE,MASCULINO,0,SIM,SIM,72,SIM,NAO,SEM SERVICO DE INTERNET,SEM SERVICO DE INTERNET,SEM SERVICO DE INTERNET,DOIS ANOS,TRANSFERENCIA BANCARIA - DEBITO AUTOMATICO,20.3,1401.15,0
1825,5423-BHIXO,FEMININO,0,NAO,NAO,32,SIM,DSL,NAO,NAO,NAO,MES-A-MES,ENVIO POR E-MAIL,54.2,1739.6,0
1826,6908-VVYHM,MASCULINO,0,SIM,NAO,65,SIM,FIBER OPTIC,NAO,NAO,NAO,MES-A-MES,ENVIO POR E-MAIL,90.65,5931.0,0
1827,2959-EEXWB,FEMININO,0,SIM,SIM,45,NAO,DSL,SIM,NAO,SIM,MES-A-MES,TRANSFERENCIA BANCARIA - DEBITO AUTOMATICO,50.9,2333.85,0
1828,1839-UMACK,MASCULINO,0,NAO,NAO,42,SIM,NAO,SEM SERVICO DE INTERNET,SEM SERVICO DE INTERNET,SEM SERVICO DE INTERNET,UM ANO,ENVIO POR E-MAIL,25.05,949.85,0
1829,3030-YDNRM,MASCULINO,0,NAO,NAO,8,SIM,FIBER OPTIC,NAO,NAO,NAO,MES-A-MES,ENVIO POR E-MAIL,74.85,572.45,0
1830,7321-KKSDU,MASCULINO,0,NAO,SIM,32,SIM,NAO,SEM SERVICO DE INTERNET,SEM SERVICO DE INTERNET,SEM SERVICO DE INTERNET,DOIS ANOS,ENVIO POR CORREIO,20.5,696.8,0
1831,3402-XRIUO,FEMININO,1,SIM,NAO,22,SIM,DSL,SIM,SIM,NAO,MES-A-MES,ENVIO POR CORREIO,63.55,1381.8,0
1832,3132-TVFDZ,MASCULINO,1,SIM,NAO,57,NAO,DSL,NAO,NAO,SIM,MES-A-MES,ENVIO POR E-MAIL,44.85,2572.95,1
1833,8286-AFUYI,MASCULINO,0,NAO,NAO,1,SIM,DSL,SIM,NAO,NAO,MES-A-MES,ENVIO POR E-MAIL,47.95,47.95,0
1834,8080-DDEMJ,MASCULINO,1,NAO,NAO,1,SIM,DSL,NAO,NAO,NAO,MES-A-MES,ENVIO POR E-MAIL,45.1,45.1,1
1835,8356-WUAOJ,FEMININO,0,SIM,NAO,1,SIM,DSL,NAO,NAO,NAO,MES-A-MES,ENVIO POR E-MAIL,45.0,45.0,0
1836,6365-MTGZX,MASCULINO,0,NAO,NAO,24,SIM,FIBER OPTIC,NAO,SIM,SIM,MES-A-MES,ENVIO POR E-MAIL,96.0,2122.45,1
1837,1349-WXNGG,MASCULINO,0,NAO,NAO,1,SIM,NAO,SEM SERVICO DE INTERNET,SEM SERVICO DE INTERNET,SEM SERVICO DE INTERNET,MES-A-MES,TRANSFERENCIA BANCARIA - DEBITO AUTOMATICO,20.05,20.05,1
1838,8058-DMYRU,MASCULINO,1,NAO,NAO,54,SIM,FIBER OPTIC,NAO,NAO,NAO,MES-A-MES,ENVIO POR E-MAIL,90.05,4931.8,0
1839,9350-ZXYJC,FEMININO,0,NAO,NAO,4,SIM,NAO,SEM SERVICO DE INTERNET,SEM SERVICO DE INTERNET,SEM SERVICO DE INTERNET,DOIS ANOS,CARTAO DE CREDITO - DEBITO AUTOMATICO,25.3,116.95,0
1840,6990-YNRIO,MASCULINO,0,SIM,SIM,65,SIM,FIBER OPTIC,SIM,SIM,SIM,DOIS ANOS,TRANSFERENCIA BANCARIA - DEBITO AUTOMATICO,108.65,6937.95,1
1841,8958-JPTRR,FEMININO,0,SIM,NAO,56,SIM,NAO,SEM SERVICO DE INTERNET,SEM SERVICO DE INTERNET,SEM SERVICO DE INTERNET,UM ANO,ENVIO POR E-MAIL,24.3,1261.7,0
1842,6959-GQEGV,MASCULINO,0,NAO,NAO,45,SIM,DSL,SIM,NAO,SIM,MES-A-MES,ENVIO POR E-MAIL,75.95,3273.8,0
1843,3173-WSSUE,FEMININO,0,SIM,SIM,71,SIM,NAO,SEM SERVICO DE INTERNET,SEM SERVICO DE INTERNET,SEM SERVICO DE INTERNET,DOIS ANOS,CARTAO DE CREDITO - DEBITO AUTOMATICO,19.7,1415.85,0
1844,1265-HVPZB,MASCULINO,0,SIM,NAO,59,SIM,DSL,SIM,NAO,SIM,UM ANO,CARTAO DE CREDITO - DEBITO AUTOMATICO,66.4,3958.2,0
1845,4115-UMJFQ,MASCULINO,0,NAO,NAO,69,NAO,DSL,NAO,NAO,NAO,UM ANO,TRANSFERENCIA BANCARIA - DEBITO AUTOMATICO,35.75,2492.25,0
1846,7369-TRPFD,MASCULINO,0,NAO,NAO,19,SIM,NAO,SEM SERVICO DE INTERNET,SEM SERVICO DE INTERNET,SEM SERVICO DE INTERNET,UM ANO,ENVIO POR CORREIO,18.8,279.2,0
1847,1098-KFQEC,FEMININO,0,SIM,SIM,55,SIM,NAO,SEM SERVICO DE INTERNET,SEM SERVICO DE INTERNET,SEM SERVICO DE INTERNET,DOIS ANOS,CARTAO DE CREDITO - DEBITO AUTOMATICO,19.4,1083.0,0
1848,7190-XHTWJ,FEMININO,0,NAO,NAO,38,SIM,NAO,SEM SERVICO DE INTERNET,SEM SERVICO DE INTERNET,SEM SERVICO DE INTERNET,UM ANO,ENVIO POR CORREIO,19.3,755.5,0
1849,0621-TWIEM,MASCULINO,0,NAO,NAO,10,SIM,DSL,NAO,NAO,NAO,MES-A-MES,ENVIO POR E-MAIL,45.55,402.6,1
1850,3537-RYBHH,FEMININO,1,SIM,NAO,47,SIM,DSL,SIM,NAO,NAO,MES-A-MES,CARTAO DE CREDITO - DEBITO AUTOMATICO,67.45,3252.0,0
1851,2485-ITVKB,FEMININO,0,SIM,NAO,2,NAO,DSL,NAO,NAO,NAO,MES-A-MES,ENVIO POR E-MAIL,35.1,68.75,1
1852,3669-OYSJI,MASCULINO,0,NAO,NAO,1,SIM,DSL,NAO,NAO,NAO,MES-A-MES,CARTAO DE CREDITO - DEBITO AUTOMATICO,46.2,46.2,1
1853,1612-EOHDH,FEMININO,0,NAO,NAO,1,SIM,DSL,NAO,NAO,NAO,MES-A-MES,ENVIO POR E-MAIL,45.15,45.15,1
1854,6702-OHFWR,MASCULINO,1,NAO,NAO,1,NAO,DSL,NAO,NAO,NAO,MES-A-MES,ENVIO POR E-MAIL,43.3,43.3,1
1855,5296-BFCYD,MASCULINO,0,SIM,SIM,46,SIM,NAO,SEM SERVICO DE INTERNET,SEM SERVICO DE INTERNET,SEM SERVICO DE INTERNET,DOIS ANOS,ENVIO POR CORREIO,20.1,936.85,0
1856,4510-PYUSH,FEMININO,1,NAO,NAO,38,SIM,DSL,SIM,NAO,NAO,MES-A-MES,CARTAO DE CREDITO - DEBITO AUTOMATICO,57.15,2250.65,1
1857,9359-JANWS,FEMININO,0,SIM,NAO,65,SIM,DSL,SIM,SIM,NAO,DOIS ANOS,CARTAO DE CREDITO - DEBITO AUTOMATICO,58.9,3857.1,0
1858,7517-SAWMO,FEMININO,0,SIM,NAO,19,SIM,FIBER OPTIC,SIM,NAO,NAO,MES-A-MES,ENVIO POR E-MAIL,73.2,1441.1,1
1859,4143-HHPMK,MASCULINO,0,NAO,NAO,52,SIM,FIBER OPTIC,NAO,NAO,NAO,MES-A-MES,ENVIO POR E-MAIL,85.35,4338.6,1
1860,3279-DYZQM,MASCULINO,0,SIM,SIM,71,SIM,NAO,SEM SERVICO DE INTERNET,SEM SERVICO DE INTERNET,SEM SERVICO DE INTERNET,DOIS ANOS,ENVIO POR CORREIO,19.45,1378.45,0
1861,7054-LGEQW,FEMININO,0,NAO,NAO,1,SIM,DSL,NAO,NAO,NAO,MES-A-MES,ENVIO POR CORREIO,45.95,45.95,1
1862,0523-VNGTF,FEMININO,1,NAO,NAO,52,NAO,DSL,NAO,SIM,SIM,MES-A-MES,ENVIO POR E-MAIL,50.5,2566.3,0
1863,9575-IWCAZ,MASCULINO,0,SIM,NAO,6,SIM,NAO,SEM SERVICO DE INTERNET,SEM SERVICO DE INTERNET,SEM SERVICO DE INTERNET,UM ANO,ENVIO POR CORREIO,25.1,171.0,0
1864,7105-MXJLL,FEMININO,1,SIM,NAO,26,SIM,DSL,NAO,NAO,NAO,UM ANO,ENVIO POR CORREIO,60.7,1597.4,0
1865,7064-FRRSW,MASCULINO,1,NAO,NAO,48,SIM,FIBER OPTIC,NAO,NAO,SIM,UM ANO,ENVIO POR E-MAIL,99.0,4744.35,0
1866,7940-UQQUG,FEMININO,0,SIM,SIM,64,SIM,FIBER OPTIC,SIM,SIM,SIM,UM ANO,TRANSFERENCIA BANCARIA - DEBITO AUTOMATICO,104.4,6721.6,0
1867,0923-PNFUB,FEMININO,0,NAO,NAO,3,SIM,FIBER OPTIC,NAO,NAO,SIM,MES-A-MES,ENVIO POR E-MAIL,83.75,247.25,1
1868,3961-SXAXY,MASCULINO,0,NAO,NAO,1,SIM,DSL,NAO,NAO,NAO,MES-A-MES,TRANSFERENCIA BANCARIA - DEBITO AUTOMATICO,44.05,44.05,0
1869,7010-BRBUU,MASCULINO,0,SIM,SIM,72,SIM,NAO,SEM SERVICO DE INTERNET,SEM SERVICO DE INTERNET,SEM SERVICO DE INTERNET,DOIS ANOS,CARTAO DE CREDITO - DEBITO AUTOMATICO,24.1,1734.65,0
1870,3566-HJGPK,MASCULINO,0,NAO,NAO,1,SIM,DSL,NAO,NAO,NAO,MES-A-MES,ENVIO POR CORREIO,45.55,45.55,0
1871,3062-ICYZQ,FEMININO,0,SIM,SIM,51,SIM,FIBER OPTIC,SIM,NAO,NAO,MES-A-MES,ENVIO POR E-MAIL,93.8,4539.35,0
1872,9938-PRCVK,FEMININO,0,SIM,SIM,41,SIM,NAO,SEM SERVICO DE INTERNET,SEM SERVICO DE INTERNET,SEM SERVICO DE INTERNET,DOIS ANOS,TRANSFERENCIA BANCARIA - DEBITO AUTOMATICO,19.7,804.25,0
1873,0973-KYVNF,FEMININO,0,SIM,SIM,72,SIM,DSL,SIM,NAO,SIM,DOIS ANOS,CARTAO DE CREDITO - DEBITO AUTOMATICO,70.65,5011.15,0
1874,5129-HHMZC,FEMININO,0,SIM,NAO,43,SIM,DSL,SIM,SIM,SIM,DOIS ANOS,CARTAO DE CREDITO - DEBITO AUTOMATICO,86.45,3574.5,0
1875,9637-CDTKZ,MASCULINO,0,SIM,NAO,72,SIM,FIBER OPTIC,SIM,SIM,SIM,DOIS ANOS,CARTAO DE CREDITO - DEBITO AUTOMATICO,114.1,8086.4,0
1876,3946-JEWRQ,MASCULINO,0,SIM,NAO,47,SIM,FIBER OPTIC,NAO,NAO,SIM,UM ANO,CARTAO DE CREDITO - DEBITO AUTOMATICO,95.2,4563.0,0
1877,7873-CVMAW,MASCULINO,0,NAO,NAO,72,SIM,DSL,SIM,SIM,SIM,DOIS ANOS,CARTAO DE CREDITO - DEBITO AUTOMATICO,88.55,6362.35,0
1878,0463-WZZKO,MASCULINO,0,NAO,NAO,3,SIM,NAO,SEM SERVICO DE INTERNET,SEM SERVICO DE INTERNET,SEM SERVICO DE INTERNET,MES-A-MES,CARTAO DE CREDITO - DEBITO AUTOMATICO,20.75,67.1,0
1879,3494-JCHRQ,MASCULINO,0,NAO,NAO,1,SIM,FIBER OPTIC,NAO,NAO,NAO,MES-A-MES,ENVIO POR E-MAIL,70.05,70.05,1
1880,6474-FVJLC,MASCULINO,0,NAO,NAO,2,SIM,FIBER OPTIC,NAO,NAO,NAO,MES-A-MES,ENVIO POR E-MAIL,86.0,165.45,1
1881,4524-QCSSM,MASCULINO,0,NAO,NAO,26,NAO,DSL,SIM,NAO,NAO,MES-A-MES,TRANSFERENCIA BANCARIA - DEBITO AUTOMATICO,44.65,1156.55,0
1882,5832-EXGTT,MASCULINO,0,SIM,SIM,29,SIM,DSL,SIM,NAO,NAO,MES-A-MES,ENVIO POR CORREIO,60.2,1834.15,0
1883,8840-DQLGN,FEMININO,1,SIM,NAO,35,SIM,FIBER OPTIC,SIM,SIM,SIM,MES-A-MES,TRANSFERENCIA BANCARIA - DEBITO AUTOMATICO,100.5,3653.35,1
1884,2039-JONDJ,MASCULINO,0,NAO,NAO,27,SIM,DSL,SIM,NAO,NAO,UM ANO,TRANSFERENCIA BANCARIA - DEBITO AUTOMATICO,55.45,1477.65,0
1885,7217-JYHOQ,MASCULINO,0,SIM,SIM,24,SIM,DSL,SIM,SIM,NAO,MES-A-MES,CARTAO DE CREDITO - DEBITO AUTOMATICO,70.3,1706.45,0
1886,6695-FRVEC,MASCULINO,0,SIM,SIM,67,SIM,DSL,SIM,SIM,NAO,DOIS ANOS,TRANSFERENCIA BANCARIA - DEBITO AUTOMATICO,60.4,3953.7,0
1887,4547-LYTDD,FEMININO,0,NAO,NAO,16,SIM,FIBER OPTIC,NAO,NAO,NAO,MES-A-MES,ENVIO POR E-MAIL,72.65,1194.3,1
1888,9894-QMIMJ,FEMININO,0,NAO,NAO,23,SIM,DSL,NAO,NAO,NAO,UM ANO,TRANSFERENCIA BANCARIA - DEBITO AUTOMATICO,55.8,1327.85,0
1889,8069-YQQAJ,MASCULINO,0,NAO,NAO,14,NAO,DSL,NAO,NAO,NAO,MES-A-MES,ENVIO POR CORREIO,31.1,419.7,0
1890,6770-XUAGN,FEMININO,0,SIM,SIM,1,SIM,NAO,SEM SERVICO DE INTERNET,SEM SERVICO DE INTERNET,SEM SERVICO DE INTERNET,MES-A-MES,ENVIO POR E-MAIL,21.0,21.0,1
1891,4193-ORFCL,FEMININO,1,NAO,NAO,1,SIM,DSL,NAO,NAO,NAO,MES-A-MES,ENVIO POR CORREIO,45.1,45.1,1
1892,1636-NTNCO,MASCULINO,1,NAO,NAO,4,NAO,DSL,NAO,NAO,SIM,MES-A-MES,CARTAO DE CREDITO - DEBITO AUTOMATICO,50.95,207.35,0
1893,3466-WAESX,MASCULINO,0,NAO,SIM,16,SIM,DSL,SIM,NAO,NAO,MES-A-MES,ENVIO POR E-MAIL,69.1,1083.7,0
1894,9281-PKKZE,FEMININO,0,SIM,NAO,46,NAO,DSL,NAO,NAO,SIM,MES-A-MES,ENVIO POR E-MAIL,43.95,2007.85,0
1895,3638-VBZTA,MASCULINO,0,NAO,SIM,68,SIM,DSL,SIM,SIM,SIM,DOIS ANOS,TRANSFERENCIA BANCARIA - DEBITO AUTOMATICO,86.5,5882.75,0
1896,7459-IMVYU,MASCULINO,0,NAO,NAO,38,SIM,DSL,SIM,SIM,NAO,MES-A-MES,ENVIO POR E-MAIL,69.95,2657.55,0
1897,7776-QWNFX,MASCULINO,1,SIM,NAO,30,SIM,DSL,NAO,NAO,NAO,MES-A-MES,TRANSFERENCIA BANCARIA - DEBITO AUTOMATICO,50.4,1527.5,1
1898,6689-TCZHQ,FEMININO,1,NAO,NAO,5,SIM,FIBER OPTIC,NAO,NAO,NAO,MES-A-MES,ENVIO POR E-MAIL,78.95,378.4,1
1899,8563-OYMQY,MASCULINO,0,NAO,NAO,17,SIM,FIBER OPTIC,NAO,NAO,NAO,MES-A-MES,CARTAO DE CREDITO - DEBITO AUTOMATICO,90.95,1612.2,0
1900,0754-EEBDC,MASCULINO,0,SIM,SIM,4,SIM,NAO,SEM SERVICO DE INTERNET,SEM SERVICO DE INTERNET,SEM SERVICO DE INTERNET,DOIS ANOS,ENVIO POR CORREIO,19.9,76.65,0
1901,5777-ZPQNC,FEMININO,0,NAO,NAO,12,SIM,NAO,SEM SERVICO DE INTERNET,SEM SERVICO DE INTERNET,SEM SERVICO DE INTERNET,UM ANO,ENVIO POR E-MAIL,20.15,260.7,0
1902,1951-IEYXM,MASCULINO,0,SIM,SIM,72,SIM,DSL,SIM,SIM,SIM,DOIS ANOS,CARTAO DE CREDITO - DEBITO AUTOMATICO,90.6,6441.85,0
1903,3318-NMQXL,MASCULINO,0,NAO,NAO,3,SIM,FIBER OPTIC,NAO,NAO,SIM,MES-A-MES,ENVIO POR E-MAIL,92.0,266.8,0
1904,3143-ILDAL,MASCULINO,0,NAO,NAO,56,SIM,FIBER OPTIC,NAO,SIM,NAO,MES-A-MES,ENVIO POR E-MAIL,94.45,5124.6,1
1905,1022-RKXDR,FEMININO,0,NAO,NAO,41,SIM,NAO,SEM SERVICO DE INTERNET,SEM SERVICO DE INTERNET,SEM SERVICO DE INTERNET,UM ANO,ENVIO POR CORREIO,24.85,962.25,0
1906,2361-FJWNO,MASCULINO,0,NAO,NAO,40,NAO,DSL,NAO,SIM,NAO,UM ANO,CARTAO DE CREDITO - DEBITO AUTOMATICO,36.0,1382.9,0
1907,2272-UOINI,FEMININO,0,NAO,NAO,7,SIM,DSL,SIM,SIM,SIM,MES-A-MES,ENVIO POR E-MAIL,78.5,571.05,0
1908,8232-UTFOZ,MASCULINO,0,NAO,NAO,69,SIM,NAO,SEM SERVICO DE INTERNET,SEM SERVICO DE INTERNET,SEM SERVICO DE INTERNET,DOIS ANOS,CARTAO DE CREDITO - DEBITO AUTOMATICO,19.95,1399.35,0
1909,3750-YHRYO,MASCULINO,0,SIM,SIM,7,SIM,NAO,SEM SERVICO DE INTERNET,SEM SERVICO DE INTERNET,SEM SERVICO DE INTERNET,UM ANO,ENVIO POR CORREIO,20.65,150.0,0
1910,6637-KYRCV,FEMININO,0,SIM,SIM,5,NAO,DSL,NAO,NAO,NAO,MES-A-MES,ENVIO POR E-MAIL,30.5,167.2,0
1911,5668-MEISB,FEMININO,0,SIM,SIM,72,SIM,FIBER OPTIC,SIM,SIM,SIM,DOIS ANOS,CARTAO DE CREDITO - DEBITO AUTOMATICO,106.1,7657.4,0
1912,0129-QMPDR,MASCULINO,0,SIM,SIM,44,SIM,NAO,SEM SERVICO DE INTERNET,SEM SERVICO DE INTERNET,SEM SERVICO DE INTERNET,UM ANO,TRANSFERENCIA BANCARIA - DEBITO AUTOMATICO,20.5,865.05,0
1913,7188-CBBBA,FEMININO,0,NAO,NAO,65,SIM,FIBER OPTIC,NAO,NAO,SIM,UM ANO,ENVIO POR E-MAIL,95.5,6153.85,0
1914,5356-CSVSQ,FEMININO,0,NAO,NAO,3,SIM,DSL,NAO,SIM,SIM,MES-A-MES,ENVIO POR E-MAIL,64.6,174.2,0
1915,3221-CJMSG,MASCULINO,0,NAO,NAO,24,SIM,DSL,NAO,SIM,NAO,MES-A-MES,CARTAO DE CREDITO - DEBITO AUTOMATICO,51.1,1269.6,0
1916,4720-VSTSI,FEMININO,0,NAO,NAO,44,SIM,FIBER OPTIC,NAO,NAO,NAO,MES-A-MES,TRANSFERENCIA BANCARIA - DEBITO AUTOMATICO,84.8,3862.55,1
1917,3219-JQRSL,FEMININO,1,SIM,NAO,72,SIM,DSL,SIM,SIM,SIM,DOIS ANOS,CARTAO DE CREDITO - DEBITO AUTOMATICO,89.1,6352.4,0
1918,2801-NISEI,MASCULINO,0,NAO,NAO,24,SIM,DSL,SIM,SIM,NAO,MES-A-MES,ENVIO POR E-MAIL,54.95,1348.5,0
1919,3946-MHCZW,MASCULINO,0,NAO,NAO,1,SIM,DSL,NAO,NAO,NAO,MES-A-MES,ENVIO POR CORREIO,50.9,50.9,1
1920,4623-ZKHLY,MASCULINO,0,SIM,NAO,22,SIM,NAO,SEM SERVICO DE INTERNET,SEM SERVICO DE INTERNET,SEM SERVICO DE INTERNET,MES-A-MES,TRANSFERENCIA BANCARIA - DEBITO AUTOMATICO,20.45,471.55,0
1921,6732-VAILE,MASCULINO,0,SIM,SIM,70,SIM,DSL,NAO,SIM,SIM,DOIS ANOS,CARTAO DE CREDITO - DEBITO AUTOMATICO,85.95,5931.75,0
1922,8201-AAXCB,MASCULINO,0,SIM,SIM,25,SIM,DSL,NAO,NAO,SIM,MES-A-MES,ENVIO POR E-MAIL,60.35,1404.65,0
1923,7696-CFTAT,MASCULINO,0,SIM,SIM,37,SIM,NAO,SEM SERVICO DE INTERNET,SEM SERVICO DE INTERNET,SEM SERVICO DE INTERNET,DOIS ANOS,TRANSFERENCIA BANCARIA - DEBITO AUTOMATICO,19.8,726.1,0
1924,1845-CSBRZ,FEMININO,1,SIM,SIM,22,SIM,FIBER OPTIC,NAO,NAO,SIM,MES-A-MES,TRANSFERENCIA BANCARIA - DEBITO AUTOMATICO,85.35,1961.6,0
1925,2123-VSCOT,FEMININO,0,SIM,SIM,59,SIM,DSL,NAO,SIM,SIM,DOIS ANOS,TRANSFERENCIA BANCARIA - DEBITO AUTOMATICO,72.1,4194.85,0
1926,6651-AZVTJ,MASCULINO,0,SIM,SIM,49,SIM,FIBER OPTIC,NAO,NAO,SIM,MES-A-MES,ENVIO POR E-MAIL,99.8,4872.45,1
1927,4566-GOLUK,MASCULINO,0,SIM,SIM,47,SIM,FIBER OPTIC,NAO,SIM,SIM,MES-A-MES,TRANSFERENCIA BANCARIA - DEBITO AUTOMATICO,107.35,5118.95,1
1928,2484-DGXPZ,FEMININO,0,SIM,SIM,31,SIM,NAO,SEM SERVICO DE INTERNET,SEM SERVICO DE INTERNET,SEM SERVICO DE INTERNET,MES-A-MES,ENVIO POR CORREIO,19.55,658.95,1
1929,2018-QKYGT,MASCULINO,0,SIM,SIM,1,SIM,FIBER OPTIC,NAO,NAO,NAO,MES-A-MES,ENVIO POR E-MAIL,81.05,81.05,0
1930,2792-VPPET,MASCULINO,0,NAO,NAO,3,SIM,NAO,SEM SERVICO DE INTERNET,SEM SERVICO DE INTERNET,SEM SERVICO DE INTERNET,MES-A-MES,ENVIO POR E-MAIL,20.5,76.95,0
1931,7409-JURKQ,FEMININO,0,SIM,NAO,53,SIM,FIBER OPTIC,NAO,SIM,SIM,UM ANO,TRANSFERENCIA BANCARIA - DEBITO AUTOMATICO,111.8,5809.75,0
1932,3247-MHJKM,MASCULINO,0,NAO,NAO,1,SIM,NAO,SEM SERVICO DE INTERNET,SEM SERVICO DE INTERNET,SEM SERVICO DE INTERNET,MES-A-MES,ENVIO POR CORREIO,20.2,20.2,0
1933,1964-SVLEA,MASCULINO,0,NAO,NAO,20,SIM,NAO,SEM SERVICO DE INTERNET,SEM SERVICO DE INTERNET,SEM SERVICO DE INTERNET,UM ANO,ENVIO POR CORREIO,19.7,415.9,0
1934,4587-NUKOX,FEMININO,0,NAO,NAO,3,SIM,FIBER OPTIC,SIM,NAO,NAO,MES-A-MES,ENVIO POR E-MAIL,79.1,246.5,1
1935,7297-DVYGA,FEMININO,0,NAO,NAO,51,SIM,NAO,SEM SERVICO DE INTERNET,SEM SERVICO DE INTERNET,SEM SERVICO DE INTERNET,UM ANO,TRANSFERENCIA BANCARIA - DEBITO AUTOMATICO,19.85,996.95,0
1936,2239-CGBUZ,FEMININO,0,SIM,NAO,51,SIM,DSL,SIM,SIM,NAO,UM ANO,TRANSFERENCIA BANCARIA - DEBITO AUTOMATICO,60.5,3145.15,0
1937,0854-UYHZD,FEMININO,0,SIM,SIM,13,SIM,NAO,SEM SERVICO DE INTERNET,SEM SERVICO DE INTERNET,SEM SERVICO DE INTERNET,DOIS ANOS,ENVIO POR CORREIO,19.55,265.3,0
1938,7243-LCGGZ,FEMININO,0,NAO,NAO,1,SIM,NAO,SEM SERVICO DE INTERNET,SEM SERVICO DE INTERNET,SEM SERVICO DE INTERNET,MES-A-MES,ENVIO POR CORREIO,20.9,20.9,0
1939,8267-KFGYD,MASCULINO,0,NAO,SIM,1,SIM,NAO,SEM SERVICO DE INTERNET,SEM SERVICO DE INTERNET,SEM SERVICO DE INTERNET,MES-A-MES,ENVIO POR CORREIO,21.05,21.05,0
1940,4890-VMUAV,MASCULINO,0,NAO,NAO,63,SIM,DSL,SIM,SIM,NAO,UM ANO,ENVIO POR E-MAIL,71.5,4576.3,0
1941,9261-WDCAF,MASCULINO,0,NAO,NAO,3,SIM,DSL,NAO,NAO,NAO,MES-A-MES,ENVIO POR CORREIO,54.65,189.1,0
1942,3764-MNMOI,MASCULINO,0,NAO,NAO,46,SIM,NAO,SEM SERVICO DE INTERNET,SEM SERVICO DE INTERNET,SEM SERVICO DE INTERNET,DOIS ANOS,CARTAO DE CREDITO - DEBITO AUTOMATICO,19.2,908.15,0
1943,7442-YGZFK,MASCULINO,0,NAO,NAO,1,SIM,DSL,NAO,NAO,NAO,MES-A-MES,CARTAO DE CREDITO - DEBITO AUTOMATICO,49.8,49.8,0
1944,0420-BWTPW,MASCULINO,0,NAO,SIM,8,NAO,DSL,NAO,NAO,NAO,MES-A-MES,ENVIO POR CORREIO,25.5,215.2,1
1945,8229-BUJHX,FEMININO,0,SIM,SIM,71,SIM,NAO,SEM SERVICO DE INTERNET,SEM SERVICO DE INTERNET,SEM SERVICO DE INTERNET,DOIS ANOS,TRANSFERENCIA BANCARIA - DEBITO AUTOMATICO,20.5,1500.95,0
1946,7449-HVPIV,MASCULINO,0,SIM,SIM,55,SIM,FIBER OPTIC,NAO,NAO,SIM,MES-A-MES,CARTAO DE CREDITO - DEBITO AUTOMATICO,90.4,5099.15,0
1947,5504-WSIUR,FEMININO,0,NAO,NAO,70,SIM,FIBER OPTIC,NAO,SIM,NAO,UM ANO,TRANSFERENCIA BANCARIA - DEBITO AUTOMATICO,90.25,6385.95,0
1948,8183-ONMXC,FEMININO,0,NAO,NAO,2,SIM,FIBER OPTIC,NAO,NAO,NAO,MES-A-MES,ENVIO POR E-MAIL,80.75,159.45,1
1949,8466-PZBLH,MASCULINO,0,SIM,SIM,67,SIM,FIBER OPTIC,SIM,SIM,SIM,DOIS ANOS,TRANSFERENCIA BANCARIA - DEBITO AUTOMATICO,104.6,6885.75,0
1950,9614-RMGHA,MASCULINO,0,SIM,NAO,65,SIM,FIBER OPTIC,NAO,NAO,SIM,MES-A-MES,TRANSFERENCIA BANCARIA - DEBITO AUTOMATICO,91.85,5940.85,1
1951,8735-IJJEG,MASCULINO,0,SIM,NAO,14,SIM,DSL,NAO,NAO,NAO,MES-A-MES,CARTAO DE CREDITO - DEBITO AUTOMATICO,50.2,668.85,0
1952,0564-MUUQK,FEMININO,0,SIM,SIM,20,SIM,FIBER OPTIC,NAO,SIM,NAO,MES-A-MES,TRANSFERENCIA BANCARIA - DEBITO AUTOMATICO,95.5,1916.2,0
1953,5054-IEXZT,MASCULINO,0,NAO,SIM,1,SIM,FIBER OPTIC,NAO,NAO,NAO,MES-A-MES,ENVIO POR E-MAIL,75.35,75.35,1
1954,5834-ASPWA,MASCULINO,0,NAO,NAO,1,SIM,FIBER OPTIC,NAO,NAO,NAO,MES-A-MES,ENVIO POR E-MAIL,75.45,75.45,1
1955,0701-RFGFI,FEMININO,0,SIM,SIM,49,SIM,FIBER OPTIC,NAO,NAO,SIM,MES-A-MES,TRANSFERENCIA BANCARIA - DEBITO AUTOMATICO,95.4,4613.95,0
1956,0019-EFAEP,FEMININO,0,NAO,NAO,72,SIM,FIBER OPTIC,SIM,NAO,SIM,DOIS ANOS,TRANSFERENCIA BANCARIA - DEBITO AUTOMATICO,101.3,7261.25,0
1957,5619-PTMIK,FEMININO,0,SIM,NAO,46,SIM,DSL,SIM,NAO,NAO,MES-A-MES,ENVIO POR E-MAIL,53.1,2459.8,0
1958,3737-XBQDD,MASCULINO,0,NAO,NAO,24,SIM,FIBER OPTIC,NAO,NAO,NAO,MES-A-MES,TRANSFERENCIA BANCARIA - DEBITO AUTOMATICO,84.85,2048.8,0
1959,5882-CMAZQ,FEMININO,0,SIM,SIM,5,NAO,DSL,NAO,SIM,NAO,MES-A-MES,ENVIO POR E-MAIL,34.25,163.55,0
1960,5846-QFDFI,FEMININO,0,SIM,SIM,33,SIM,FIBER OPTIC,NAO,SIM,NAO,MES-A-MES,CARTAO DE CREDITO - DEBITO AUTOMATICO,88.6,2888.7,0
1961,4445-KWOKW,FEMININO,0,NAO,NAO,42,SIM,DSL,SIM,NAO,NAO,UM ANO,TRANSFERENCIA BANCARIA - DEBITO AUTOMATICO,60.15,2421.6,0
1962,3511-APPBJ,MASCULINO,0,NAO,NAO,23,SIM,FIBER OPTIC,SIM,NAO,SIM,UM ANO,CARTAO DE CREDITO - DEBITO AUTOMATICO,99.95,2292.75,0
1963,7967-HYCDE,MASCULINO,0,NAO,NAO,8,SIM,FIBER OPTIC,NAO,NAO,NAO,MES-A-MES,TRANSFERENCIA BANCARIA - DEBITO AUTOMATICO,70.7,553.4,0
1964,2430-RRYUW,MASCULINO,0,NAO,NAO,66,SIM,DSL,SIM,NAO,NAO,UM ANO,ENVIO POR CORREIO,54.8,3465.7,0
1965,3948-XHGNA,MASCULINO,0,NAO,NAO,24,SIM,DSL,SIM,NAO,NAO,MES-A-MES,TRANSFERENCIA BANCARIA - DEBITO AUTOMATICO,49.55,1210.4,1
1966,3723-BFBGR,MASCULINO,1,NAO,NAO,24,SIM,DSL,NAO,NAO,NAO,MES-A-MES,CARTAO DE CREDITO - DEBITO AUTOMATICO,54.8,1291.3,0
1967,0565-IYCGT,MASCULINO,0,NAO,NAO,69,SIM,DSL,SIM,SIM,NAO,UM ANO,CARTAO DE CREDITO - DEBITO AUTOMATICO,78.6,5356.45,1
1968,5447-WZAFP,FEMININO,0,NAO,NAO,53,SIM,FIBER OPTIC,NAO,NAO,SIM,UM ANO,ENVIO POR CORREIO,100.3,5200.8,0
1969,5110-CHOPY,FEMININO,0,NAO,NAO,60,NAO,DSL,SIM,NAO,SIM,DOIS ANOS,ENVIO POR E-MAIL,53.6,3237.05,0
1970,5445-UTODQ,FEMININO,0,SIM,NAO,7,SIM,FIBER OPTIC,NAO,NAO,SIM,MES-A-MES,ENVIO POR E-MAIL,81.1,576.65,1
1971,4425-OWHWB,FEMININO,0,NAO,NAO,20,SIM,NAO,SEM SERVICO DE INTERNET,SEM SERVICO DE INTERNET,SEM SERVICO DE INTERNET,UM ANO,CARTAO DE CREDITO - DEBITO AUTOMATICO,19.35,433.75,0
1972,7892-QVYKW,FEMININO,0,SIM,SIM,23,SIM,FIBER OPTIC,NAO,NAO,NAO,MES-A-MES,ENVIO POR E-MAIL,85.6,1868.4,0
1973,9675-ICXCT,MASCULINO,0,SIM,SIM,72,SIM,DSL,SIM,SIM,SIM,DOIS ANOS,ENVIO POR E-MAIL,80.8,5728.55,0
1974,1024-VRZHF,MASCULINO,0,SIM,NAO,11,SIM,FIBER OPTIC,NAO,NAO,NAO,MES-A-MES,ENVIO POR E-MAIL,74.95,825.7,1
1975,4703-MQYKT,MASCULINO,0,NAO,NAO,21,SIM,NAO,SEM SERVICO DE INTERNET,SEM SERVICO DE INTERNET,SEM SERVICO DE INTERNET,DOIS ANOS,ENVIO POR CORREIO,19.6,390.4,0
1976,9497-QCMMS,MASCULINO,1,NAO,NAO,1,SIM,FIBER OPTIC,NAO,NAO,SIM,MES-A-MES,ENVIO POR E-MAIL,93.55,93.55,1
1977,5692-ICXLW,MASCULINO,1,NAO,NAO,31,SIM,FIBER OPTIC,NAO,NAO,SIM,MES-A-MES,ENVIO POR E-MAIL,90.7,2845.15,0
1978,0602-DDUML,FEMININO,0,NAO,NAO,57,SIM,DSL,NAO,SIM,SIM,DOIS ANOS,ENVIO POR CORREIO,69.75,3894.4,0
1979,2208-MPXIO,FEMININO,0,SIM,SIM,45,SIM,NAO,SEM SERVICO DE INTERNET,SEM SERVICO DE INTERNET,SEM SERVICO DE INTERNET,DOIS ANOS,TRANSFERENCIA BANCARIA - DEBITO AUTOMATICO,20.0,886.4,0
1980,1960-UYCNN,MASCULINO,0,NAO,NAO,10,SIM,FIBER OPTIC,NAO,NAO,NAO,MES-A-MES,ENVIO POR E-MAIL,95.25,1021.55,0
1981,0348-SDKOL,FEMININO,0,SIM,NAO,58,SIM,FIBER OPTIC,NAO,SIM,SIM,MES-A-MES,CARTAO DE CREDITO - DEBITO AUTOMATICO,102.1,5885.4,1
1982,3190-FZATL,MASCULINO,0,NAO,SIM,14,SIM,NAO,SEM SERVICO DE INTERNET,SEM SERVICO DE INTERNET,SEM SERVICO DE INTERNET,MES-A-MES,ENVIO POR CORREIO,19.95,268.4,0
1983,7336-RLLRH,MASCULINO,0,SIM,NAO,27,SIM,DSL,SIM,SIM,SIM,UM ANO,ENVIO POR CORREIO,80.85,2204.35,0
1984,4373-MAVJG,FEMININO,0,SIM,SIM,14,SIM,FIBER OPTIC,NAO,NAO,NAO,MES-A-MES,TRANSFERENCIA BANCARIA - DEBITO AUTOMATICO,90.9,1259.0,1
1985,8901-HJXTF,FEMININO,0,SIM,SIM,12,NAO,DSL,NAO,NAO,NAO,MES-A-MES,ENVIO POR CORREIO,29.2,309.1,1
1986,7710-JSYOA,FEMININO,0,SIM,SIM,69,SIM,FIBER OPTIC,NAO,SIM,NAO,DOIS ANOS,TRANSFERENCIA BANCARIA - DEBITO AUTOMATICO,93.3,6398.05,0
1987,5419-KLXBN,FEMININO,0,SIM,SIM,25,SIM,FIBER OPTIC,NAO,NAO,SIM,MES-A-MES,TRANSFERENCIA BANCARIA - DEBITO AUTOMATICO,89.15,2257.75,1
1988,3424-NMNBO,MASCULINO,1,SIM,NAO,58,SIM,FIBER OPTIC,SIM,NAO,SIM,UM ANO,ENVIO POR E-MAIL,108.85,6287.25,1
1989,9885-MFVSU,FEMININO,0,SIM,SIM,35,NAO,DSL,SIM,SIM,SIM,DOIS ANOS,CARTAO DE CREDITO - DEBITO AUTOMATICO,46.35,1662.05,0
1990,4514-GFCFI,FEMININO,1,NAO,NAO,16,SIM,FIBER OPTIC,NAO,NAO,SIM,MES-A-MES,ENVIO POR E-MAIL,84.75,1350.15,1
1991,0607-MVMGC,MASCULINO,0,SIM,SIM,45,SIM,DSL,NAO,NAO,SIM,UM ANO,CARTAO DE CREDITO - DEBITO AUTOMATICO,78.75,3600.65,0
1992,3365-SAIGS,FEMININO,0,NAO,NAO,17,SIM,FIBER OPTIC,NAO,NAO,SIM,MES-A-MES,ENVIO POR E-MAIL,83.55,1329.15,0
1993,9828-AOQLM,FEMININO,0,SIM,SIM,1,SIM,DSL,NAO,NAO,NAO,MES-A-MES,ENVIO POR E-MAIL,45.7,45.7,1
1994,8022-BECSI,MASCULINO,0,NAO,NAO,22,SIM,NAO,SEM SERVICO DE INTERNET,SEM SERVICO DE INTERNET,SEM SERVICO DE INTERNET,UM ANO,ENVIO POR CORREIO,19.6,422.5,0
1995,8000-REIQB,FEMININO,1,NAO,NAO,1,SIM,FIBER OPTIC,NAO,NAO,NAO,MES-A-MES,ENVIO POR E-MAIL,69.95,69.95,1
1996,9993-LHIEB,MASCULINO,0,SIM,SIM,67,SIM,DSL,SIM,SIM,NAO,DOIS ANOS,ENVIO POR CORREIO,67.85,4627.65,0
1997,0266-CLZKZ,FEMININO,0,SIM,SIM,67,SIM,FIBER OPTIC,NAO,SIM,SIM,DOIS ANOS,TRANSFERENCIA BANCARIA - DEBITO AUTOMATICO,105.65,6717.9,0
1998,7615-ESMYF,FEMININO,0,SIM,NAO,2,NAO,DSL,NAO,NAO,SIM,MES-A-MES,ENVIO POR E-MAIL,44.6,97.1,1
1999,3858-VOBET,MASCULINO,0,NAO,NAO,23,SIM,FIBER OPTIC,NAO,NAO,NAO,MES-A-MES,ENVIO POR E-MAIL,74.95,1710.45,1
2000,7020-OZKXZ,FEMININO,1,NAO,NAO,9,SIM,FIBER OPTIC,NAO,NAO,NAO,MES-A-MES,CARTAO DE CREDITO - DEBITO AUTOMATICO,75.5,637.4,0
2001,3977-QCRSL,FEMININO,0,NAO,NAO,5,SIM,NAO,SEM SERVICO DE INTERNET,SEM SERVICO DE INTERNET,SEM SERVICO DE INTERNET,MES-A-MES,ENVIO POR CORREIO,20.15,117.95,0
2002,0017-DINOC,MASCULINO,0,NAO,NAO,54,NAO,DSL,SIM,SIM,SIM,DOIS ANOS,CARTAO DE CREDITO - DEBITO AUTOMATICO,45.2,2460.55,0
2003,1447-PJGGA,FEMININO,0,NAO,NAO,57,SIM,FIBER OPTIC,NAO,NAO,SIM,DOIS ANOS,ENVIO POR E-MAIL,95.25,5464.65,1
2004,8565-CLBZW,MASCULINO,0,NAO,NAO,24,SIM,FIBER OPTIC,NAO,NAO,SIM,MES-A-MES,ENVIO POR CORREIO,89.85,2165.05,1
2005,9139-WQQDY,FEMININO,0,SIM,SIM,49,SIM,FIBER OPTIC,NAO,NAO,SIM,UM ANO,ENVIO POR CORREIO,100.45,4941.8,1
2006,0224-HJAPT,MASCULINO,0,NAO,NAO,5,SIM,DSL,NAO,NAO,NAO,MES-A-MES,ENVIO POR E-MAIL,47.15,223.15,1
2007,8086-OVPWV,MASCULINO,0,NAO,NAO,2,SIM,FIBER OPTIC,NAO,NAO,NAO,MES-A-MES,ENVIO POR E-MAIL,80.2,181.1,1
2008,9430-FRQOC,FEMININO,0,NAO,SIM,4,SIM,FIBER OPTIC,NAO,SIM,NAO,MES-A-MES,ENVIO POR CORREIO,87.1,341.45,1
2009,7639-OPLNG,MASCULINO,0,SIM,SIM,70,SIM,DSL,SIM,SIM,SIM,DOIS ANOS,TRANSFERENCIA BANCARIA - DEBITO AUTOMATICO,79.25,5731.85,0
2010,3074-GQWYX,MASCULINO,0,NAO,NAO,5,SIM,FIBER OPTIC,NAO,NAO,NAO,MES-A-MES,TRANSFERENCIA BANCARIA - DEBITO AUTOMATICO,75.9,357.75,1
2011,1492-QGCLU,MASCULINO,0,SIM,SIM,53,SIM,DSL,SIM,SIM,SIM,MES-A-MES,ENVIO POR E-MAIL,85.7,4616.1,0
2012,6845-RGTYS,FEMININO,0,SIM,NAO,47,SIM,FIBER OPTIC,SIM,NAO,SIM,MES-A-MES,ENVIO POR E-MAIL,98.75,4533.7,1
2013,7328-OWMOM,FEMININO,0,NAO,SIM,31,SIM,NAO,SEM SERVICO DE INTERNET,SEM SERVICO DE INTERNET,SEM SERVICO DE INTERNET,UM ANO,CARTAO DE CREDITO - DEBITO AUTOMATICO,20.1,589.25,0
2014,4418-LZMSV,MASCULINO,0,SIM,SIM,13,SIM,DSL,NAO,SIM,NAO,MES-A-MES,TRANSFERENCIA BANCARIA - DEBITO AUTOMATICO,61.8,750.1,0
2015,5155-AZQPB,FEMININO,0,SIM,SIM,28,SIM,DSL,NAO,NAO,NAO,MES-A-MES,ENVIO POR CORREIO,49.9,1410.25,0
2016,8861-HGGKB,FEMININO,0,NAO,NAO,10,SIM,FIBER OPTIC,NAO,NAO,NAO,MES-A-MES,ENVIO POR E-MAIL,86.45,830.85,1
2017,1087-GRUYI,MASCULINO,0,SIM,NAO,38,SIM,NAO,SEM SERVICO DE INTERNET,SEM SERVICO DE INTERNET,SEM SERVICO DE INTERNET,DOIS ANOS,TRANSFERENCIA BANCARIA - DEBITO AUTOMATICO,20.4,743.5,0
2018,7065-YUNRY,FEMININO,0,NAO,NAO,1,SIM,DSL,NAO,NAO,NAO,MES-A-MES,ENVIO POR CORREIO,45.3,45.3,1
2019,7694-VLBWQ,MASCULINO,0,SIM,NAO,67,SIM,FIBER OPTIC,NAO,NAO,SIM,UM ANO,ENVIO POR E-MAIL,104.1,7040.85,1
2020,2546-KZAAT,MASCULINO,0,SIM,NAO,52,SIM,DSL,SIM,NAO,SIM,UM ANO,ENVIO POR CORREIO,75.4,3865.45,0
2021,0181-RITDD,MASCULINO,0,SIM,SIM,62,SIM,FIBER OPTIC,SIM,SIM,SIM,DOIS ANOS,ENVIO POR CORREIO,108.15,6825.65,0
2022,5989-PGKJB,FEMININO,0,NAO,NAO,16,SIM,FIBER OPTIC,NAO,NAO,NAO,MES-A-MES,ENVIO POR E-MAIL,86.25,1340.1,0
2023,4795-KTRTH,FEMININO,1,SIM,NAO,5,SIM,FIBER OPTIC,NAO,NAO,NAO,MES-A-MES,ENVIO POR E-MAIL,81.0,371.65,1
2024,8272-ONJLV,MASCULINO,0,NAO,NAO,12,SIM,FIBER OPTIC,NAO,NAO,SIM,UM ANO,ENVIO POR E-MAIL,95.7,1184.0,0
2025,1488-PBLJN,FEMININO,0,SIM,SIM,72,SIM,FIBER OPTIC,SIM,SIM,SIM,DOIS ANOS,TRANSFERENCIA BANCARIA - DEBITO AUTOMATICO,116.85,8477.7,0
2026,0308-GIQJT,MASCULINO,1,NAO,NAO,71,SIM,FIBER OPTIC,NAO,SIM,SIM,UM ANO,TRANSFERENCIA BANCARIA - DEBITO AUTOMATICO,105.75,7382.85,0
2027,3778-FOAQW,FEMININO,0,SIM,NAO,24,SIM,NAO,SEM SERVICO DE INTERNET,SEM SERVICO DE INTERNET,SEM SERVICO DE INTERNET,UM ANO,ENVIO POR CORREIO,20.15,456.85,0
2028,4452-ROHMO,FEMININO,0,NAO,NAO,15,SIM,NAO,SEM SERVICO DE INTERNET,SEM SERVICO DE INTERNET,SEM SERVICO DE INTERNET,DOIS ANOS,ENVIO POR CORREIO,19.6,331.6,0
2029,6481-OGDOO,MASCULINO,0,SIM,NAO,67,SIM,FIBER OPTIC,SIM,NAO,NAO,UM ANO,CARTAO DE CREDITO - DEBITO AUTOMATICO,90.6,6056.15,1
2030,3090-LETTY,MASCULINO,0,NAO,SIM,2,SIM,DSL,SIM,NAO,NAO,MES-A-MES,TRANSFERENCIA BANCARIA - DEBITO AUTOMATICO,60.95,134.6,0
2031,5349-AZPEW,FEMININO,0,SIM,SIM,5,NAO,DSL,NAO,NAO,NAO,MES-A-MES,ENVIO POR CORREIO,25.05,125.5,0
2032,3753-TSEMP,FEMININO,0,SIM,NAO,15,SIM,FIBER OPTIC,NAO,NAO,SIM,MES-A-MES,ENVIO POR E-MAIL,88.15,1390.6,1
2033,8305-VHZBZ,MASCULINO,0,NAO,NAO,1,SIM,NAO,SEM SERVICO DE INTERNET,SEM SERVICO DE INTERNET,SEM SERVICO DE INTERNET,MES-A-MES,ENVIO POR CORREIO,20.2,20.2,1
2034,9720-JJJOR,MASCULINO,0,SIM,SIM,41,SIM,DSL,SIM,NAO,NAO,UM ANO,TRANSFERENCIA BANCARIA - DEBITO AUTOMATICO,60.3,2511.3,0
2035,8100-HZZLJ,FEMININO,0,NAO,SIM,43,SIM,DSL,SIM,NAO,NAO,MES-A-MES,ENVIO POR E-MAIL,63.95,2737.05,0
2036,8775-ERLNB,MASCULINO,1,SIM,NAO,1,SIM,FIBER OPTIC,NAO,NAO,NAO,MES-A-MES,ENVIO POR E-MAIL,74.3,74.3,0
2037,8309-IEYJD,FEMININO,1,NAO,NAO,1,SIM,FIBER OPTIC,NAO,NAO,NAO,MES-A-MES,ENVIO POR CORREIO,70.6,70.6,0
2038,9172-JITSM,FEMININO,0,SIM,SIM,26,SIM,FIBER OPTIC,NAO,NAO,SIM,MES-A-MES,ENVIO POR E-MAIL,90.8,2361.8,1
2039,6298-QDFNH,MASCULINO,0,NAO,NAO,22,SIM,FIBER OPTIC,NAO,NAO,NAO,MES-A-MES,ENVIO POR E-MAIL,79.35,1730.35,1
2040,7398-HPYZQ,MASCULINO,0,SIM,NAO,71,SIM,DSL,SIM,SIM,SIM,DOIS ANOS,TRANSFERENCIA BANCARIA - DEBITO AUTOMATICO,90.55,6404.0,0
2041,3546-GHEAE,MASCULINO,0,NAO,NAO,7,SIM,NAO,SEM SERVICO DE INTERNET,SEM SERVICO DE INTERNET,SEM SERVICO DE INTERNET,DOIS ANOS,ENVIO POR CORREIO,19.45,165.35,0
2042,7361-YPXFS,FEMININO,1,NAO,NAO,28,SIM,DSL,NAO,SIM,NAO,MES-A-MES,TRANSFERENCIA BANCARIA - DEBITO AUTOMATICO,64.45,1867.6,0
2043,6557-BZXLQ,MASCULINO,1,NAO,NAO,16,SIM,FIBER OPTIC,NAO,NAO,NAO,MES-A-MES,ENVIO POR E-MAIL,69.65,1043.3,0
2044,2550-QHZGP,MASCULINO,0,NAO,NAO,7,SIM,NAO,SEM SERVICO DE INTERNET,SEM SERVICO DE INTERNET,SEM SERVICO DE INTERNET,UM ANO,ENVIO POR CORREIO,19.5,128.6,0
2045,7519-JTWQH,FEMININO,0,NAO,NAO,69,SIM,FIBER OPTIC,NAO,SIM,SIM,DOIS ANOS,TRANSFERENCIA BANCARIA - DEBITO AUTOMATICO,110.5,7455.45,0
2046,2538-OIMXF,FEMININO,0,NAO,SIM,1,NAO,DSL,NAO,NAO,NAO,MES-A-MES,ENVIO POR CORREIO,24.7,24.7,0
2047,8543-MSDMF,MASCULINO,0,NAO,NAO,3,SIM,DSL,SIM,NAO,SIM,MES-A-MES,ENVIO POR E-MAIL,77.4,206.15,0
2048,9961-JBNMK,MASCULINO,1,NAO,NAO,21,SIM,FIBER OPTIC,NAO,NAO,SIM,MES-A-MES,TRANSFERENCIA BANCARIA - DEBITO AUTOMATICO,96.8,2030.3,1
2049,1170-SASML,FEMININO,0,SIM,NAO,69,SIM,FIBER OPTIC,NAO,NAO,NAO,MES-A-MES,TRANSFERENCIA BANCARIA - DEBITO AUTOMATICO,85.4,5869.4,0
2050,4872-JCVCA,FEMININO,0,SIM,NAO,71,NAO,DSL,SIM,SIM,NAO,DOIS ANOS,TRANSFERENCIA BANCARIA - DEBITO AUTOMATICO,47.6,3377.8,0
2051,5346-BZCHP,FEMININO,0,SIM,SIM,69,SIM,NAO,SEM SERVICO DE INTERNET,SEM SERVICO DE INTERNET,SEM SERVICO DE INTERNET,DOIS ANOS,ENVIO POR CORREIO,19.4,1346.2,0
2052,2038-LLMLM,FEMININO,0,NAO,NAO,48,SIM,FIBER OPTIC,NAO,SIM,SIM,MES-A-MES,ENVIO POR E-MAIL,103.85,4946.05,0
2053,6173-ITPWD,MASCULINO,0,SIM,NAO,47,SIM,FIBER OPTIC,NAO,NAO,NAO,MES-A-MES,TRANSFERENCIA BANCARIA - DEBITO AUTOMATICO,83.35,4065.0,1
2054,9734-UYXQI,FEMININO,0,NAO,NAO,2,SIM,DSL,NAO,NAO,NAO,MES-A-MES,ENVIO POR E-MAIL,49.4,106.55,1
2055,1216-BGTSP,MASCULINO,0,NAO,NAO,45,SIM,FIBER OPTIC,SIM,SIM,SIM,MES-A-MES,CARTAO DE CREDITO - DEBITO AUTOMATICO,108.45,4964.7,0
2056,4138-NAXED,MASCULINO,0,NAO,NAO,51,SIM,FIBER OPTIC,NAO,NAO,NAO,MES-A-MES,TRANSFERENCIA BANCARIA - DEBITO AUTOMATICO,81.0,4085.75,0
2057,2189-UXTKY,FEMININO,0,SIM,NAO,22,SIM,DSL,SIM,SIM,SIM,MES-A-MES,ENVIO POR E-MAIL,79.2,1742.75,1
2058,0744-BIKKF,MASCULINO,0,NAO,NAO,72,SIM,DSL,SIM,SIM,SIM,DOIS ANOS,TRANSFERENCIA BANCARIA - DEBITO AUTOMATICO,86.65,6224.8,0
2059,7483-IQWIB,MASCULINO,0,SIM,SIM,37,SIM,FIBER OPTIC,NAO,NAO,SIM,MES-A-MES,ENVIO POR E-MAIL,92.95,3415.25,0
2060,5248-KWLAR,MASCULINO,0,SIM,SIM,71,SIM,DSL,SIM,SIM,SIM,DOIS ANOS,ENVIO POR E-MAIL,90.35,6325.25,0
2061,4958-GZWIY,MASCULINO,0,SIM,SIM,7,SIM,DSL,NAO,NAO,NAO,MES-A-MES,ENVIO POR E-MAIL,48.7,340.25,1
2062,7996-MHXLW,FEMININO,0,NAO,NAO,66,SIM,NAO,SEM SERVICO DE INTERNET,SEM SERVICO DE INTERNET,SEM SERVICO DE INTERNET,DOIS ANOS,CARTAO DE CREDITO - DEBITO AUTOMATICO,25.15,1683.6,0
2063,7833-PKIHD,MASCULINO,0,SIM,SIM,51,SIM,DSL,SIM,SIM,SIM,UM ANO,TRANSFERENCIA BANCARIA - DEBITO AUTOMATICO,76.4,3966.3,0
2064,7061-OVMIM,FEMININO,0,SIM,SIM,30,SIM,NAO,SEM SERVICO DE INTERNET,SEM SERVICO DE INTERNET,SEM SERVICO DE INTERNET,UM ANO,TRANSFERENCIA BANCARIA - DEBITO AUTOMATICO,19.55,608.5,0
2065,5153-RTHKF,FEMININO,0,NAO,NAO,34,SIM,FIBER OPTIC,NAO,NAO,SIM,MES-A-MES,ENVIO POR E-MAIL,85.35,2896.6,0
2066,1852-QSWCD,MASCULINO,0,SIM,SIM,64,SIM,NAO,SEM SERVICO DE INTERNET,SEM SERVICO DE INTERNET,SEM SERVICO DE INTERNET,DOIS ANOS,ENVIO POR CORREIO,24.8,1514.85,0
2067,4832-VRBMR,MASCULINO,1,SIM,NAO,65,SIM,FIBER OPTIC,NAO,NAO,SIM,UM ANO,TRANSFERENCIA BANCARIA - DEBITO AUTOMATICO,103.15,6792.45,0
2068,9079-LWTFD,MASCULINO,0,NAO,NAO,47,SIM,FIBER OPTIC,SIM,SIM,SIM,MES-A-MES,ENVIO POR CORREIO,100.75,4669.2,0
2069,6356-ELRKD,FEMININO,0,NAO,NAO,1,SIM,FIBER OPTIC,SIM,NAO,SIM,MES-A-MES,ENVIO POR E-MAIL,95.6,95.6,1
2070,8624-GIOUT,FEMININO,0,NAO,NAO,49,SIM,DSL,SIM,NAO,NAO,MES-A-MES,CARTAO DE CREDITO - DEBITO AUTOMATICO,59.75,2934.3,1
2071,3392-EHMNK,FEMININO,0,SIM,SIM,67,SIM,FIBER OPTIC,NAO,SIM,SIM,DOIS ANOS,CARTAO DE CREDITO - DEBITO AUTOMATICO,94.1,6302.8,0
2072,5986-WWXDV,MASCULINO,0,NAO,SIM,39,SIM,NAO,SEM SERVICO DE INTERNET,SEM SERVICO DE INTERNET,SEM SERVICO DE INTERNET,UM ANO,TRANSFERENCIA BANCARIA - DEBITO AUTOMATICO,19.35,779.2,0
2073,3061-BCKYI,MASCULINO,0,NAO,NAO,14,SIM,NAO,SEM SERVICO DE INTERNET,SEM SERVICO DE INTERNET,SEM SERVICO DE INTERNET,MES-A-MES,ENVIO POR CORREIO,19.9,283.75,0
2074,6179-GJPSO,FEMININO,1,NAO,NAO,43,SIM,FIBER OPTIC,SIM,SIM,SIM,MES-A-MES,CARTAO DE CREDITO - DEBITO AUTOMATICO,108.15,4600.7,1
2075,7901-TBKJX,MASCULINO,1,NAO,NAO,56,SIM,FIBER OPTIC,NAO,NAO,SIM,MES-A-MES,ENVIO POR E-MAIL,101.05,5594.0,0
2076,7228-PAQPD,FEMININO,0,NAO,NAO,14,SIM,DSL,NAO,SIM,NAO,UM ANO,CARTAO DE CREDITO - DEBITO AUTOMATICO,59.1,772.85,0
2077,3177-LASXD,FEMININO,0,NAO,NAO,1,SIM,FIBER OPTIC,NAO,NAO,NAO,MES-A-MES,ENVIO POR E-MAIL,71.35,71.35,1
2078,7746-QYVCO,MASCULINO,0,SIM,SIM,16,SIM,DSL,SIM,NAO,NAO,UM ANO,ENVIO POR CORREIO,55.85,857.8,0
2079,5804-HYIEZ,MASCULINO,0,SIM,SIM,70,SIM,FIBER OPTIC,SIM,NAO,SIM,MES-A-MES,ENVIO POR E-MAIL,106.05,7554.05,0
2080,9919-FZDED,MASCULINO,1,SIM,NAO,72,SIM,DSL,SIM,NAO,SIM,DOIS ANOS,CARTAO DE CREDITO - DEBITO AUTOMATICO,84.1,5981.65,0
2081,5934-TSSAU,FEMININO,0,SIM,SIM,23,SIM,FIBER OPTIC,NAO,NAO,NAO,MES-A-MES,CARTAO DE CREDITO - DEBITO AUTOMATICO,75.3,1702.9,0
2082,3486-KHMLI,MASCULINO,0,NAO,SIM,21,SIM,NAO,SEM SERVICO DE INTERNET,SEM SERVICO DE INTERNET,SEM SERVICO DE INTERNET,MES-A-MES,ENVIO POR CORREIO,24.7,467.15,0
2083,4897-QSUYC,FEMININO,0,NAO,NAO,1,SIM,NAO,SEM SERVICO DE INTERNET,SEM SERVICO DE INTERNET,SEM SERVICO DE INTERNET,MES-A-MES,ENVIO POR CORREIO,20.15,20.15,1
2084,1084-UQCHV,MASCULINO,0,NAO,SIM,1,SIM,FIBER OPTIC,NAO,NAO,NAO,MES-A-MES,TRANSFERENCIA BANCARIA - DEBITO AUTOMATICO,69.75,69.75,1
2085,8290-YWKHZ,FEMININO,1,SIM,NAO,32,SIM,FIBER OPTIC,NAO,NAO,SIM,MES-A-MES,ENVIO POR E-MAIL,93.2,2931.0,1
2086,2955-BJZHG,MASCULINO,0,SIM,SIM,17,SIM,FIBER OPTIC,NAO,NAO,SIM,MES-A-MES,ENVIO POR E-MAIL,80.85,1400.85,1
2087,3806-DXQOM,FEMININO,0,NAO,NAO,4,NAO,DSL,SIM,NAO,NAO,MES-A-MES,ENVIO POR E-MAIL,33.65,137.85,1
2088,6784-XYJAE,FEMININO,0,NAO,NAO,36,SIM,DSL,NAO,NAO,NAO,UM ANO,ENVIO POR E-MAIL,55.8,1941.5,0
2089,3933-DQPWX,FEMININO,0,NAO,NAO,50,NAO,DSL,NAO,SIM,NAO,DOIS ANOS,CARTAO DE CREDITO - DEBITO AUTOMATICO,39.7,1932.75,0
2090,6661-EIPZC,FEMININO,0,SIM,SIM,48,NAO,DSL,NAO,SIM,NAO,MES-A-MES,CARTAO DE CREDITO - DEBITO AUTOMATICO,29.5,1423.05,0
2091,8957-THMOA,FEMININO,0,NAO,SIM,50,SIM,NAO,SEM SERVICO DE INTERNET,SEM SERVICO DE INTERNET,SEM SERVICO DE INTERNET,DOIS ANOS,CARTAO DE CREDITO - DEBITO AUTOMATICO,20.15,970.85,0
2092,2251-PYLPB,MASCULINO,0,SIM,NAO,72,SIM,DSL,SIM,SIM,NAO,DOIS ANOS,CARTAO DE CREDITO - DEBITO AUTOMATICO,79.55,5810.9,0
2093,5555-RNPGT,MASCULINO,0,NAO,SIM,10,SIM,NAO,SEM SERVICO DE INTERNET,SEM SERVICO DE INTERNET,SEM SERVICO DE INTERNET,MES-A-MES,CARTAO DE CREDITO - DEBITO AUTOMATICO,24.8,223.9,0
2094,1057-FOGLZ,FEMININO,0,NAO,NAO,18,SIM,NAO,SEM SERVICO DE INTERNET,SEM SERVICO DE INTERNET,SEM SERVICO DE INTERNET,MES-A-MES,ENVIO POR CORREIO,19.65,391.7,0
2095,9300-RENDD,MASCULINO,0,NAO,NAO,1,SIM,FIBER OPTIC,NAO,NAO,SIM,MES-A-MES,ENVIO POR E-MAIL,79.95,79.95,1
2096,0761-AETCS,FEMININO,0,NAO,NAO,1,SIM,NAO,SEM SERVICO DE INTERNET,SEM SERVICO DE INTERNET,SEM SERVICO DE INTERNET,MES-A-MES,ENVIO POR E-MAIL,19.3,19.3,1
2097,8087-LGYHQ,MASCULINO,0,NAO,NAO,9,SIM,FIBER OPTIC,NAO,NAO,SIM,MES-A-MES,ENVIO POR E-MAIL,94.05,811.65,0
2098,4137-BTIKL,MASCULINO,0,NAO,NAO,2,SIM,FIBER OPTIC,SIM,NAO,NAO,MES-A-MES,ENVIO POR CORREIO,90.75,174.75,0
2099,2190-BCXEC,FEMININO,0,SIM,NAO,40,SIM,FIBER OPTIC,NAO,SIM,NAO,MES-A-MES,CARTAO DE CREDITO - DEBITO AUTOMATICO,78.85,3126.85,0
2100,6227-FBDXH,MASCULINO,0,SIM,NAO,69,SIM,FIBER OPTIC,NAO,NAO,SIM,UM ANO,TRANSFERENCIA BANCARIA - DEBITO AUTOMATICO,99.5,6841.45,0
2101,2153-MREFK,FEMININO,0,SIM,NAO,37,SIM,FIBER OPTIC,SIM,SIM,NAO,UM ANO,ENVIO POR E-MAIL,99.2,3754.6,1
2102,2911-WDXMV,MASCULINO,0,NAO,SIM,18,SIM,FIBER OPTIC,NAO,NAO,NAO,MES-A-MES,CARTAO DE CREDITO - DEBITO AUTOMATICO,80.55,1406.65,0
2103,7206-PQBBZ,MASCULINO,1,SIM,NAO,11,SIM,FIBER OPTIC,NAO,NAO,NAO,MES-A-MES,ENVIO POR E-MAIL,70.2,834.7,0
2104,3106-ULWFW,FEMININO,0,SIM,NAO,8,SIM,FIBER OPTIC,NAO,NAO,NAO,MES-A-MES,CARTAO DE CREDITO - DEBITO AUTOMATICO,85.2,627.4,1
2105,0925-VYDLG,FEMININO,0,NAO,NAO,3,SIM,FIBER OPTIC,NAO,NAO,NAO,MES-A-MES,ENVIO POR E-MAIL,75.25,242.0,1
2106,4547-FZJWE,MASCULINO,0,SIM,SIM,55,SIM,DSL,SIM,NAO,NAO,UM ANO,CARTAO DE CREDITO - DEBITO AUTOMATICO,59.45,3157.0,0
2107,7422-WNBTY,MASCULINO,0,SIM,NAO,33,SIM,FIBER OPTIC,NAO,NAO,NAO,MES-A-MES,ENVIO POR E-MAIL,93.35,3092.0,0
2108,0842-IWYCP,FEMININO,0,NAO,NAO,46,SIM,DSL,NAO,NAO,NAO,MES-A-MES,TRANSFERENCIA BANCARIA - DEBITO AUTOMATICO,44.95,2168.9,0
2109,3521-HTQTV,MASCULINO,0,NAO,NAO,34,SIM,NAO,SEM SERVICO DE INTERNET,SEM SERVICO DE INTERNET,SEM SERVICO DE INTERNET,DOIS ANOS,TRANSFERENCIA BANCARIA - DEBITO AUTOMATICO,26.1,980.35,0
2110,3744-ZBHON,FEMININO,0,NAO,NAO,3,SIM,NAO,SEM SERVICO DE INTERNET,SEM SERVICO DE INTERNET,SEM SERVICO DE INTERNET,MES-A-MES,ENVIO POR E-MAIL,20.2,65.95,0
2111,3373-DIUUN,MASCULINO,0,SIM,SIM,30,SIM,NAO,SEM SERVICO DE INTERNET,SEM SERVICO DE INTERNET,SEM SERVICO DE INTERNET,DOIS ANOS,ENVIO POR CORREIO,21.25,711.9,0
2112,8383-SGHJU,FEMININO,0,NAO,NAO,33,SIM,DSL,SIM,SIM,NAO,UM ANO,ENVIO POR E-MAIL,59.4,1952.8,0
2113,7607-QKKTJ,MASCULINO,0,SIM,SIM,45,SIM,FIBER OPTIC,NAO,NAO,NAO,UM ANO,CARTAO DE CREDITO - DEBITO AUTOMATICO,95.0,4368.85,0
2114,7707-PYBBH,MASCULINO,0,NAO,NAO,40,SIM,DSL,SIM,SIM,NAO,MES-A-MES,ENVIO POR CORREIO,61.9,2647.1,0
2115,8984-HPEMB,FEMININO,0,NAO,NAO,71,SIM,FIBER OPTIC,SIM,SIM,SIM,DOIS ANOS,ENVIO POR E-MAIL,118.65,8477.6,0
2116,4349-GFQHK,MASCULINO,0,NAO,NAO,1,SIM,DSL,NAO,NAO,NAO,MES-A-MES,ENVIO POR E-MAIL,54.35,54.35,1
2117,4139-DETXS,FEMININO,0,SIM,SIM,72,NAO,DSL,SIM,SIM,SIM,DOIS ANOS,TRANSFERENCIA BANCARIA - DEBITO AUTOMATICO,64.45,4528.0,0
2118,9779-DPNEJ,FEMININO,0,SIM,SIM,22,SIM,FIBER OPTIC,NAO,NAO,NAO,MES-A-MES,ENVIO POR E-MAIL,80.15,1790.65,0
2119,9805-FILKB,MASCULINO,0,SIM,SIM,46,SIM,NAO,SEM SERVICO DE INTERNET,SEM SERVICO DE INTERNET,SEM SERVICO DE INTERNET,UM ANO,TRANSFERENCIA BANCARIA - DEBITO AUTOMATICO,20.2,845.6,0
2120,5793-YOLJN,FEMININO,0,SIM,SIM,55,SIM,NAO,SEM SERVICO DE INTERNET,SEM SERVICO DE INTERNET,SEM SERVICO DE INTERNET,DOIS ANOS,ENVIO POR CORREIO,21.0,1210.3,0
2121,0673-IGUQO,MASCULINO,0,NAO,NAO,1,SIM,NAO,SEM SERVICO DE INTERNET,SEM SERVICO DE INTERNET,SEM SERVICO DE INTERNET,MES-A-MES,ENVIO POR CORREIO,20.45,20.45,0
2122,4123-FCVCB,FEMININO,0,NAO,NAO,12,SIM,DSL,NAO,SIM,SIM,UM ANO,ENVIO POR CORREIO,75.85,854.45,0
2123,8819-IMISP,MASCULINO,0,NAO,NAO,31,SIM,FIBER OPTIC,NAO,NAO,NAO,MES-A-MES,ENVIO POR E-MAIL,80.45,2429.1,0
2124,7802-EFKNY,MASCULINO,0,SIM,NAO,5,NAO,DSL,NAO,NAO,NAO,MES-A-MES,ENVIO POR E-MAIL,24.95,100.4,1
2125,8311-UEUAB,FEMININO,0,SIM,SIM,67,SIM,DSL,SIM,NAO,SIM,DOIS ANOS,ENVIO POR E-MAIL,75.5,5229.45,0
2126,5858-EAFCZ,MASCULINO,0,NAO,NAO,1,SIM,DSL,NAO,NAO,NAO,MES-A-MES,ENVIO POR CORREIO,44.45,44.45,0
2127,8035-BUYVG,MASCULINO,0,SIM,NAO,40,NAO,DSL,SIM,NAO,NAO,UM ANO,ENVIO POR E-MAIL,42.35,1716.45,1
2128,1163-ONYEY,MASCULINO,0,SIM,SIM,41,SIM,DSL,SIM,NAO,SIM,MES-A-MES,CARTAO DE CREDITO - DEBITO AUTOMATICO,74.55,3023.55,0
2129,9787-XVQIU,MASCULINO,0,NAO,NAO,1,SIM,FIBER OPTIC,NAO,NAO,NAO,MES-A-MES,ENVIO POR E-MAIL,75.3,75.3,1
2130,8945-MUQUF,MASCULINO,0,NAO,NAO,51,SIM,FIBER OPTIC,SIM,NAO,SIM,UM ANO,ENVIO POR E-MAIL,94.8,4837.6,1
2131,5656-MJEFC,MASCULINO,0,SIM,SIM,42,NAO,DSL,SIM,SIM,SIM,DOIS ANOS,CARTAO DE CREDITO - DEBITO AUTOMATICO,48.15,2032.3,0
2132,6082-OQFBA,MASCULINO,0,SIM,SIM,23,SIM,NAO,SEM SERVICO DE INTERNET,SEM SERVICO DE INTERNET,SEM SERVICO DE INTERNET,UM ANO,ENVIO POR CORREIO,19.65,436.9,0
2133,8051-HJRLT,FEMININO,1,NAO,NAO,1,SIM,FIBER OPTIC,NAO,NAO,NAO,MES-A-MES,ENVIO POR E-MAIL,70.55,70.55,1
2134,8974-OVACP,FEMININO,0,NAO,NAO,1,SIM,NAO,SEM SERVICO DE INTERNET,SEM SERVICO DE INTERNET,SEM SERVICO DE INTERNET,MES-A-MES,ENVIO POR CORREIO,20.15,20.15,0
2135,4010-YLMVT,FEMININO,0,NAO,NAO,56,SIM,FIBER OPTIC,SIM,NAO,SIM,MES-A-MES,CARTAO DE CREDITO - DEBITO AUTOMATICO,106.6,5893.95,0
2136,1379-FRVEB,MASCULINO,0,NAO,SIM,15,SIM,FIBER OPTIC,NAO,NAO,SIM,MES-A-MES,ENVIO POR E-MAIL,91.0,1430.05,0
2137,8612-GXIDD,MASCULINO,0,SIM,SIM,12,SIM,NAO,SEM SERVICO DE INTERNET,SEM SERVICO DE INTERNET,SEM SERVICO DE INTERNET,DOIS ANOS,TRANSFERENCIA BANCARIA - DEBITO AUTOMATICO,25.4,313.0,0
2138,6288-CHQJB,FEMININO,0,SIM,SIM,54,SIM,DSL,SIM,SIM,NAO,DOIS ANOS,TRANSFERENCIA BANCARIA - DEBITO AUTOMATICO,69.95,3871.85,0
2139,8160-HOWOX,FEMININO,0,NAO,NAO,7,SIM,DSL,NAO,NAO,SIM,MES-A-MES,ENVIO POR E-MAIL,66.85,458.1,0
2140,3023-GFLBR,FEMININO,0,SIM,SIM,33,SIM,FIBER OPTIC,NAO,NAO,NAO,MES-A-MES,CARTAO DE CREDITO - DEBITO AUTOMATICO,86.15,2745.7,1
2141,6648-INWPS,MASCULINO,0,SIM,SIM,16,SIM,NAO,SEM SERVICO DE INTERNET,SEM SERVICO DE INTERNET,SEM SERVICO DE INTERNET,MES-A-MES,ENVIO POR E-MAIL,20.15,341.35,0
2142,4223-BKEOR,FEMININO,0,NAO,SIM,21,SIM,DSL,SIM,NAO,NAO,UM ANO,ENVIO POR CORREIO,64.85,1336.8,0
2143,4079-VTGLK,MASCULINO,1,SIM,NAO,30,SIM,DSL,NAO,NAO,SIM,DOIS ANOS,ENVIO POR E-MAIL,74.85,2181.75,0
2144,1763-WQFUK,MASCULINO,0,NAO,NAO,3,SIM,DSL,NAO,SIM,NAO,MES-A-MES,ENVIO POR CORREIO,50.5,147.75,0
2145,1391-UBDAR,MASCULINO,0,NAO,NAO,11,SIM,FIBER OPTIC,NAO,NAO,NAO,MES-A-MES,ENVIO POR E-MAIL,72.9,818.45,0
2146,8894-JVDCV,FEMININO,0,NAO,NAO,62,SIM,FIBER OPTIC,SIM,SIM,SIM,UM ANO,CARTAO DE CREDITO - DEBITO AUTOMATICO,115.05,7133.45,0
2147,2023-VQFDL,MASCULINO,0,NAO,NAO,18,SIM,NAO,SEM SERVICO DE INTERNET,SEM SERVICO DE INTERNET,SEM SERVICO DE INTERNET,MES-A-MES,ENVIO POR E-MAIL,19.0,348.8,0
2148,1345-GKDZZ,MASCULINO,0,NAO,SIM,6,SIM,NAO,SEM SERVICO DE INTERNET,SEM SERVICO DE INTERNET,SEM SERVICO DE INTERNET,MES-A-MES,ENVIO POR CORREIO,19.55,128.6,0
2149,2014-MKGMH,FEMININO,0,NAO,NAO,46,SIM,FIBER OPTIC,NAO,NAO,SIM,UM ANO,ENVIO POR E-MAIL,101.1,4674.4,0
2150,5628-FCGYG,MASCULINO,0,NAO,NAO,21,SIM,FIBER OPTIC,NAO,NAO,NAO,MES-A-MES,ENVIO POR E-MAIL,84.1,1737.45,0
2151,2560-WBWXF,MASCULINO,0,NAO,NAO,68,SIM,NAO,SEM SERVICO DE INTERNET,SEM SERVICO DE INTERNET,SEM SERVICO DE INTERNET,DOIS ANOS,TRANSFERENCIA BANCARIA - DEBITO AUTOMATICO,24.15,1498.85,0
2152,0248-IPDFW,FEMININO,0,NAO,NAO,1,SIM,DSL,NAO,NAO,NAO,MES-A-MES,ENVIO POR E-MAIL,50.1,50.1,0
2153,7978-DKUQH,FEMININO,0,SIM,NAO,25,SIM,FIBER OPTIC,NAO,NAO,NAO,MES-A-MES,ENVIO POR E-MAIL,74.6,1797.75,0
2154,4335-UPJSI,FEMININO,0,NAO,SIM,24,SIM,NAO,SEM SERVICO DE INTERNET,SEM SERVICO DE INTERNET,SEM SERVICO DE INTERNET,DOIS ANOS,ENVIO POR CORREIO,19.75,498.1,0
2155,0524-IAVZO,FEMININO,0,SIM,NAO,30,SIM,FIBER OPTIC,NAO,NAO,NAO,MES-A-MES,ENVIO POR E-MAIL,85.0,2624.25,1
2156,2737-YNGYW,FEMININO,0,NAO,NAO,2,SIM,FIBER OPTIC,NAO,NAO,NAO,MES-A-MES,ENVIO POR E-MAIL,80.55,184.1,1
2157,1784-EZDKJ,MASCULINO,0,SIM,NAO,51,SIM,FIBER OPTIC,NAO,NAO,SIM,UM ANO,TRANSFERENCIA BANCARIA - DEBITO AUTOMATICO,106.8,5498.8,0
2158,9297-FVVDH,FEMININO,0,SIM,SIM,57,SIM,DSL,SIM,SIM,SIM,DOIS ANOS,ENVIO POR E-MAIL,84.5,4845.4,0
2159,8007-YYPWD,FEMININO,0,NAO,NAO,15,SIM,NAO,SEM SERVICO DE INTERNET,SEM SERVICO DE INTERNET,SEM SERVICO DE INTERNET,DOIS ANOS,TRANSFERENCIA BANCARIA - DEBITO AUTOMATICO,25.05,369.1,0
2160,7101-HRBLJ,FEMININO,0,SIM,SIM,72,SIM,DSL,SIM,SIM,SIM,DOIS ANOS,TRANSFERENCIA BANCARIA - DEBITO AUTOMATICO,83.7,6096.9,0
2161,5159-YFPKQ,FEMININO,0,NAO,NAO,2,SIM,FIBER OPTIC,NAO,NAO,NAO,MES-A-MES,ENVIO POR E-MAIL,75.8,160.75,1
2162,6635-CPNUN,MASCULINO,0,SIM,NAO,28,SIM,FIBER OPTIC,NAO,NAO,SIM,MES-A-MES,CARTAO DE CREDITO - DEBITO AUTOMATICO,96.6,2684.35,0
2163,4021-RQSNY,MASCULINO,1,SIM,NAO,29,SIM,FIBER OPTIC,NAO,NAO,SIM,MES-A-MES,ENVIO POR E-MAIL,98.5,3004.15,1
2164,5453-YBTWV,MASCULINO,0,SIM,SIM,70,SIM,FIBER OPTIC,SIM,SIM,SIM,DOIS ANOS,CARTAO DE CREDITO - DEBITO AUTOMATICO,101.1,6994.8,0
2165,5039-LZRQT,FEMININO,0,NAO,NAO,13,SIM,NAO,SEM SERVICO DE INTERNET,SEM SERVICO DE INTERNET,SEM SERVICO DE INTERNET,UM ANO,ENVIO POR CORREIO,20.2,273.25,0
2166,2931-VUVJN,FEMININO,1,SIM,NAO,59,SIM,FIBER OPTIC,SIM,SIM,NAO,UM ANO,ENVIO POR E-MAIL,94.05,5483.9,0
2167,9061-TIHDA,MASCULINO,1,SIM,NAO,13,SIM,FIBER OPTIC,NAO,NAO,SIM,MES-A-MES,ENVIO POR E-MAIL,95.25,1233.65,1
2168,8699-ASUFO,MASCULINO,1,SIM,NAO,7,SIM,FIBER OPTIC,NAO,NAO,NAO,MES-A-MES,ENVIO POR CORREIO,74.4,527.9,1
2169,6418-PIQSP,FEMININO,0,SIM,NAO,62,SIM,DSL,SIM,SIM,SIM,DOIS ANOS,ENVIO POR CORREIO,81.0,4985.9,0
2170,8220-OCUFY,FEMININO,0,NAO,NAO,21,SIM,DSL,SIM,SIM,NAO,UM ANO,ENVIO POR E-MAIL,60.25,1258.35,0
2171,3995-WFCSM,FEMININO,0,NAO,NAO,2,SIM,DSL,NAO,NAO,NAO,MES-A-MES,ENVIO POR E-MAIL,60.85,111.4,0
2172,1895-QTKDO,FEMININO,0,NAO,NAO,1,SIM,DSL,NAO,NAO,NAO,MES-A-MES,CARTAO DE CREDITO - DEBITO AUTOMATICO,43.95,43.95,0
2173,2038-OEQZH,MASCULINO,0,NAO,NAO,4,SIM,FIBER OPTIC,NAO,NAO,NAO,MES-A-MES,ENVIO POR E-MAIL,86.05,308.1,0
2174,1178-PZGAB,FEMININO,0,NAO,NAO,19,SIM,NAO,SEM SERVICO DE INTERNET,SEM SERVICO DE INTERNET,SEM SERVICO DE INTERNET,UM ANO,CARTAO DE CREDITO - DEBITO AUTOMATICO,20.25,383.65,0
2175,7927-AUXBZ,FEMININO,0,NAO,NAO,30,SIM,FIBER OPTIC,NAO,SIM,SIM,MES-A-MES,ENVIO POR E-MAIL,85.15,2555.9,1
2176,2626-VEEWG,MASCULINO,0,SIM,SIM,67,SIM,NAO,SEM SERVICO DE INTERNET,SEM SERVICO DE INTERNET,SEM SERVICO DE INTERNET,DOIS ANOS,CARTAO DE CREDITO - DEBITO AUTOMATICO,19.4,1284.2,0
2177,2878-RMWXY,MASCULINO,1,SIM,NAO,72,SIM,FIBER OPTIC,SIM,NAO,NAO,DOIS ANOS,CARTAO DE CREDITO - DEBITO AUTOMATICO,102.65,7550.3,0
2178,1657-DYMBM,MASCULINO,0,SIM,NAO,53,SIM,NAO,SEM SERVICO DE INTERNET,SEM SERVICO DE INTERNET,SEM SERVICO DE INTERNET,DOIS ANOS,CARTAO DE CREDITO - DEBITO AUTOMATICO,19.9,1110.05,0
2179,7311-MQJCH,FEMININO,0,NAO,NAO,5,SIM,NAO,SEM SERVICO DE INTERNET,SEM SERVICO DE INTERNET,SEM SERVICO DE INTERNET,UM ANO,ENVIO POR E-MAIL,19.55,99.6,0
2180,7375-WMVMT,MASCULINO,1,SIM,NAO,71,SIM,FIBER OPTIC,NAO,SIM,NAO,DOIS ANOS,CARTAO DE CREDITO - DEBITO AUTOMATICO,95.5,6707.15,0
2181,1136-XGEQU,FEMININO,0,SIM,SIM,50,SIM,DSL,NAO,SIM,SIM,UM ANO,CARTAO DE CREDITO - DEBITO AUTOMATICO,84.15,4164.4,0
2182,2530-FMFXO,MASCULINO,0,SIM,SIM,56,SIM,FIBER OPTIC,NAO,SIM,SIM,DOIS ANOS,ENVIO POR E-MAIL,103.2,5873.75,0
2183,6844-DZKRF,MASCULINO,0,NAO,NAO,2,SIM,DSL,NAO,SIM,NAO,MES-A-MES,CARTAO DE CREDITO - DEBITO AUTOMATICO,50.2,109.25,0
2184,4695-WJZUE,FEMININO,1,NAO,NAO,2,SIM,FIBER OPTIC,NAO,NAO,NAO,MES-A-MES,ENVIO POR E-MAIL,88.55,179.25,1
2185,7619-ODSGN,MASCULINO,0,SIM,SIM,24,SIM,DSL,SIM,NAO,NAO,MES-A-MES,ENVIO POR E-MAIL,54.75,1338.15,1
2186,5970-GHJAW,MASCULINO,0,SIM,SIM,46,SIM,NAO,SEM SERVICO DE INTERNET,SEM SERVICO DE INTERNET,SEM SERVICO DE INTERNET,DOIS ANOS,CARTAO DE CREDITO - DEBITO AUTOMATICO,19.95,862.4,0
2187,8879-XUAHX,MASCULINO,0,SIM,NAO,71,SIM,FIBER OPTIC,SIM,SIM,SIM,DOIS ANOS,ENVIO POR E-MAIL,116.25,8564.75,0
2188,3689-MOZGR,FEMININO,0,NAO,NAO,29,NAO,DSL,NAO,SIM,NAO,MES-A-MES,ENVIO POR E-MAIL,31.2,926.2,0
2189,4195-PNGZS,MASCULINO,0,SIM,SIM,69,SIM,NAO,SEM SERVICO DE INTERNET,SEM SERVICO DE INTERNET,SEM SERVICO DE INTERNET,DOIS ANOS,TRANSFERENCIA BANCARIA - DEBITO AUTOMATICO,24.45,1718.2,0
2190,5003-XZWWO,MASCULINO,0,SIM,NAO,71,SIM,DSL,NAO,SIM,SIM,DOIS ANOS,CARTAO DE CREDITO - DEBITO AUTOMATICO,84.2,5956.85,0
2191,3988-RQIXO,FEMININO,1,NAO,NAO,1,SIM,FIBER OPTIC,NAO,NAO,SIM,MES-A-MES,ENVIO POR E-MAIL,91.3,91.3,1
2192,7622-FWGEW,MASCULINO,1,SIM,NAO,56,SIM,DSL,SIM,SIM,SIM,DOIS ANOS,TRANSFERENCIA BANCARIA - DEBITO AUTOMATICO,85.65,4824.45,0
2193,6922-NCEDI,MASCULINO,0,NAO,SIM,56,SIM,NAO,SEM SERVICO DE INTERNET,SEM SERVICO DE INTERNET,SEM SERVICO DE INTERNET,UM ANO,ENVIO POR CORREIO,21.2,1238.65,0
2194,2514-GINMM,MASCULINO,0,NAO,NAO,1,SIM,FIBER OPTIC,NAO,NAO,SIM,MES-A-MES,ENVIO POR E-MAIL,79.5,79.5,1
2195,9891-NQDBD,FEMININO,0,SIM,NAO,28,SIM,NAO,SEM SERVICO DE INTERNET,SEM SERVICO DE INTERNET,SEM SERVICO DE INTERNET,UM ANO,ENVIO POR CORREIO,25.55,672.2,0
2196,6131-IUNXN,FEMININO,0,SIM,SIM,19,SIM,NAO,SEM SERVICO DE INTERNET,SEM SERVICO DE INTERNET,SEM SERVICO DE INTERNET,MES-A-MES,ENVIO POR CORREIO,20.2,382.2,0
2197,8548-AWOFC,MASCULINO,0,SIM,NAO,66,SIM,DSL,NAO,SIM,NAO,MES-A-MES,ENVIO POR E-MAIL,63.85,4264.6,0
2198,9798-DRYDS,FEMININO,0,SIM,SIM,17,SIM,DSL,NAO,SIM,NAO,UM ANO,ENVIO POR CORREIO,61.95,1070.7,0
2199,8532-UEFWH,MASCULINO,0,SIM,SIM,52,SIM,NAO,SEM SERVICO DE INTERNET,SEM SERVICO DE INTERNET,SEM SERVICO DE INTERNET,DOIS ANOS,ENVIO POR CORREIO,25.75,1345.85,0
2200,6296-DDOOR,FEMININO,0,NAO,NAO,19,SIM,DSL,NAO,NAO,SIM,UM ANO,ENVIO POR E-MAIL,58.2,1045.25,0
2201,7951-VRDVK,FEMININO,0,NAO,NAO,36,SIM,DSL,SIM,SIM,SIM,UM ANO,TRANSFERENCIA BANCARIA - DEBITO AUTOMATICO,85.85,3003.55,0
2202,5931-FLJJF,MASCULINO,1,SIM,NAO,7,SIM,FIBER OPTIC,NAO,NAO,NAO,MES-A-MES,ENVIO POR CORREIO,70.1,467.55,1
2203,4815-YOSUK,MASCULINO,0,SIM,SIM,72,SIM,FIBER OPTIC,SIM,SIM,NAO,UM ANO,CARTAO DE CREDITO - DEBITO AUTOMATICO,104.9,7537.5,0
2204,2659-VXMWZ,MASCULINO,0,SIM,SIM,67,SIM,FIBER OPTIC,SIM,NAO,SIM,UM ANO,ENVIO POR E-MAIL,111.3,7482.1,1
2205,0380-NEAVX,MASCULINO,1,NAO,NAO,34,SIM,FIBER OPTIC,NAO,NAO,SIM,UM ANO,ENVIO POR E-MAIL,99.85,3343.15,0
2206,3207-OYBWH,MASCULINO,1,SIM,NAO,57,SIM,FIBER OPTIC,NAO,NAO,NAO,MES-A-MES,TRANSFERENCIA BANCARIA - DEBITO AUTOMATICO,95.25,5427.05,1
2207,4285-GYRQC,FEMININO,0,SIM,NAO,7,SIM,FIBER OPTIC,NAO,NAO,SIM,MES-A-MES,ENVIO POR E-MAIL,86.25,587.1,1
2208,7216-EWTRS,FEMININO,1,SIM,NAO,1,SIM,FIBER OPTIC,NAO,NAO,SIM,MES-A-MES,ENVIO POR E-MAIL,100.8,100.8,1
2209,4365-MSDYN,MASCULINO,0,SIM,NAO,8,SIM,NAO,SEM SERVICO DE INTERNET,SEM SERVICO DE INTERNET,SEM SERVICO DE INTERNET,MES-A-MES,TRANSFERENCIA BANCARIA - DEBITO AUTOMATICO,19.55,161.15,0
2210,7036-TYDEC,FEMININO,0,NAO,NAO,69,SIM,FIBER OPTIC,NAO,SIM,SIM,DOIS ANOS,ENVIO POR E-MAIL,104.0,7028.5,0
2211,5802-ADBRC,FEMININO,0,SIM,NAO,50,SIM,FIBER OPTIC,SIM,NAO,SIM,UM ANO,ENVIO POR CORREIO,104.4,5232.9,0
2212,8076-FEZKJ,MASCULINO,0,NAO,NAO,10,SIM,NAO,SEM SERVICO DE INTERNET,SEM SERVICO DE INTERNET,SEM SERVICO DE INTERNET,UM ANO,ENVIO POR CORREIO,19.5,225.85,0
2213,5197-YPYBZ,FEMININO,0,SIM,SIM,12,SIM,NAO,SEM SERVICO DE INTERNET,SEM SERVICO DE INTERNET,SEM SERVICO DE INTERNET,DOIS ANOS,CARTAO DE CREDITO - DEBITO AUTOMATICO,25.25,274.7,0
2214,8337-MSSXB,FEMININO,0,NAO,NAO,14,SIM,FIBER OPTIC,NAO,NAO,NAO,MES-A-MES,ENVIO POR E-MAIL,86.3,1180.95,1
2215,4312-GVYNH,FEMININO,0,SIM,NAO,70,NAO,DSL,SIM,SIM,NAO,DOIS ANOS,TRANSFERENCIA BANCARIA - DEBITO AUTOMATICO,49.85,3370.2,0
2216,8495-LJDFO,FEMININO,1,NAO,NAO,64,SIM,FIBER OPTIC,SIM,SIM,SIM,MES-A-MES,TRANSFERENCIA BANCARIA - DEBITO AUTOMATICO,108.95,7111.3,0
2217,0839-JTCUD,FEMININO,0,SIM,SIM,66,SIM,DSL,SIM,SIM,SIM,DOIS ANOS,CARTAO DE CREDITO - DEBITO AUTOMATICO,89.9,5958.85,0
2218,5494-WOZRZ,FEMININO,0,SIM,SIM,71,SIM,DSL,SIM,SIM,SIM,DOIS ANOS,CARTAO DE CREDITO - DEBITO AUTOMATICO,82.0,5999.85,0
2219,1302-UHBDD,MASCULINO,1,NAO,NAO,20,SIM,FIBER OPTIC,NAO,NAO,SIM,MES-A-MES,ENVIO POR E-MAIL,89.95,1648.45,0
2220,2234-EOFPT,MASCULINO,0,SIM,NAO,72,SIM,DSL,SIM,SIM,SIM,DOIS ANOS,TRANSFERENCIA BANCARIA - DEBITO AUTOMATICO,79.35,5753.25,0
2221,8619-IJNDK,FEMININO,0,SIM,SIM,71,SIM,DSL,SIM,SIM,NAO,DOIS ANOS,CARTAO DE CREDITO - DEBITO AUTOMATICO,64.05,4492.9,0
2222,8378-LKJAF,MASCULINO,0,SIM,SIM,38,SIM,FIBER OPTIC,NAO,NAO,SIM,MES-A-MES,CARTAO DE CREDITO - DEBITO AUTOMATICO,101.15,3956.7,0
2223,8182-BJDSI,FEMININO,0,NAO,NAO,28,SIM,FIBER OPTIC,NAO,NAO,NAO,MES-A-MES,ENVIO POR E-MAIL,89.95,2625.55,1
2224,2528-HFYZX,MASCULINO,1,SIM,NAO,17,SIM,FIBER OPTIC,NAO,NAO,NAO,MES-A-MES,ENVIO POR E-MAIL,76.45,1233.4,1
2225,1153-GNOLC,MASCULINO,0,NAO,NAO,33,NAO,DSL,NAO,NAO,SIM,UM ANO,ENVIO POR E-MAIL,39.1,1309.0,0
2226,3298-QEICA,FEMININO,0,SIM,SIM,23,NAO,DSL,SIM,SIM,NAO,DOIS ANOS,ENVIO POR CORREIO,34.6,813.45,0
2227,0788-DXBFY,MASCULINO,0,SIM,SIM,58,SIM,NAO,SEM SERVICO DE INTERNET,SEM SERVICO DE INTERNET,SEM SERVICO DE INTERNET,UM ANO,ENVIO POR E-MAIL,19.55,1108.8,0
2228,3597-YASZG,FEMININO,1,SIM,NAO,70,SIM,FIBER OPTIC,NAO,SIM,SIM,DOIS ANOS,TRANSFERENCIA BANCARIA - DEBITO AUTOMATICO,104.45,7349.35,0
2229,3496-LFSZU,MASCULINO,0,SIM,NAO,4,SIM,FIBER OPTIC,NAO,NAO,NAO,MES-A-MES,ENVIO POR E-MAIL,70.5,294.2,0
2230,5242-UOWHD,MASCULINO,0,SIM,SIM,45,SIM,NAO,SEM SERVICO DE INTERNET,SEM SERVICO DE INTERNET,SEM SERVICO DE INTERNET,DOIS ANOS,ENVIO POR CORREIO,20.35,929.2,0
2231,2482-CZGBB,MASCULINO,0,NAO,NAO,10,SIM,FIBER OPTIC,NAO,NAO,NAO,MES-A-MES,ENVIO POR E-MAIL,70.0,740.0,1
2232,6479-SZPLM,MASCULINO,0,SIM,SIM,36,SIM,NAO,SEM SERVICO DE INTERNET,SEM SERVICO DE INTERNET,SEM SERVICO DE INTERNET,DOIS ANOS,CARTAO DE CREDITO - DEBITO AUTOMATICO,19.45,754.5,0
2233,8097-VBQTZ,MASCULINO,0,NAO,NAO,54,SIM,DSL,SIM,SIM,SIM,MES-A-MES,ENVIO POR CORREIO,69.9,3883.3,0
2234,4500-HKANN,MASCULINO,0,SIM,SIM,23,SIM,DSL,NAO,SIM,NAO,DOIS ANOS,ENVIO POR CORREIO,59.7,1414.2,0
2235,9917-KWRBE,FEMININO,0,SIM,SIM,41,SIM,DSL,SIM,NAO,SIM,UM ANO,CARTAO DE CREDITO - DEBITO AUTOMATICO,78.35,3211.2,0
2236,3420-ZDBMA,MASCULINO,1,NAO,NAO,5,SIM,FIBER OPTIC,NAO,NAO,NAO,MES-A-MES,ENVIO POR CORREIO,71.45,371.6,0
2237,2212-LYASK,MASCULINO,0,SIM,SIM,27,NAO,DSL,NAO,NAO,NAO,UM ANO,CARTAO DE CREDITO - DEBITO AUTOMATICO,45.85,1246.4,0
2238,1393-IMKZG,FEMININO,0,NAO,NAO,1,SIM,FIBER OPTIC,NAO,SIM,SIM,MES-A-MES,ENVIO POR E-MAIL,95.85,95.85,0
2239,8069-RHUXK,FEMININO,0,SIM,SIM,67,NAO,DSL,SIM,SIM,NAO,DOIS ANOS,CARTAO DE CREDITO - DEBITO AUTOMATICO,35.7,2545.7,0
2240,3398-GCPMU,FEMININO,1,SIM,SIM,72,SIM,DSL,SIM,SIM,SIM,DOIS ANOS,CARTAO DE CREDITO - DEBITO AUTOMATICO,89.55,6448.85,0
2241,2908-WGAXL,FEMININO,0,SIM,SIM,56,SIM,NAO,SEM SERVICO DE INTERNET,SEM SERVICO DE INTERNET,SEM SERVICO DE INTERNET,DOIS ANOS,CARTAO DE CREDITO - DEBITO AUTOMATICO,24.95,1468.9,0
2242,3378-AJRAO,MASCULINO,0,SIM,SIM,44,SIM,NAO,SEM SERVICO DE INTERNET,SEM SERVICO DE INTERNET,SEM SERVICO DE INTERNET,UM ANO,ENVIO POR E-MAIL,24.85,1013.6,0
2243,1013-QCWAM,FEMININO,1,SIM,NAO,66,SIM,FIBER OPTIC,NAO,NAO,SIM,MES-A-MES,ENVIO POR E-MAIL,100.8,6690.75,0
2244,0866-QLSIR,FEMININO,0,NAO,NAO,34,SIM,DSL,SIM,SIM,NAO,UM ANO,ENVIO POR CORREIO,64.4,2088.75,1
2245,6050-FFXES,FEMININO,0,SIM,NAO,69,SIM,FIBER OPTIC,NAO,SIM,SIM,DOIS ANOS,TRANSFERENCIA BANCARIA - DEBITO AUTOMATICO,105.35,7240.65,0
2246,7181-BQYBV,FEMININO,0,SIM,SIM,1,SIM,FIBER OPTIC,SIM,NAO,SIM,MES-A-MES,ENVIO POR E-MAIL,102.45,102.45,1
2247,0362-RAOQO,FEMININO,0,NAO,NAO,40,SIM,NAO,SEM SERVICO DE INTERNET,SEM SERVICO DE INTERNET,SEM SERVICO DE INTERNET,DOIS ANOS,CARTAO DE CREDITO - DEBITO AUTOMATICO,19.65,830.25,0
2248,9554-DFKIC,MASCULINO,0,SIM,SIM,30,SIM,DSL,SIM,NAO,NAO,MES-A-MES,TRANSFERENCIA BANCARIA - DEBITO AUTOMATICO,54.45,1588.7,0
2249,5527-ACHSO,FEMININO,0,NAO,NAO,11,SIM,DSL,NAO,SIM,SIM,MES-A-MES,ENVIO POR CORREIO,70.5,829.3,0
2250,0829-DDVLK,FEMININO,0,NAO,NAO,15,SIM,NAO,SEM SERVICO DE INTERNET,SEM SERVICO DE INTERNET,SEM SERVICO DE INTERNET,UM ANO,CARTAO DE CREDITO - DEBITO AUTOMATICO,20.1,302.45,0
2251,1399-UBQIU,MASCULINO,0,NAO,NAO,11,SIM,DSL,NAO,NAO,SIM,MES-A-MES,ENVIO POR E-MAIL,69.35,712.25,0
2252,1813-JLKWR,FEMININO,0,SIM,SIM,64,SIM,NAO,SEM SERVICO DE INTERNET,SEM SERVICO DE INTERNET,SEM SERVICO DE INTERNET,UM ANO,TRANSFERENCIA BANCARIA - DEBITO AUTOMATICO,19.8,1336.65,0
2253,0336-PIKEI,MASCULINO,1,SIM,NAO,72,SIM,DSL,SIM,SIM,SIM,DOIS ANOS,TRANSFERENCIA BANCARIA - DEBITO AUTOMATICO,74.4,5360.75,0
2254,7322-OCWHC,MASCULINO,1,SIM,NAO,72,SIM,FIBER OPTIC,SIM,SIM,NAO,DOIS ANOS,TRANSFERENCIA BANCARIA - DEBITO AUTOMATICO,93.05,6735.05,0
2255,9537-VHDTA,FEMININO,0,NAO,SIM,1,SIM,DSL,SIM,NAO,NAO,MES-A-MES,ENVIO POR CORREIO,51.2,51.2,0
2256,4957-TIALW,FEMININO,0,NAO,SIM,15,SIM,DSL,SIM,SIM,NAO,UM ANO,CARTAO DE CREDITO - DEBITO AUTOMATICO,65.6,1010.0,0
2257,2054-PJOCK,FEMININO,0,NAO,NAO,60,SIM,DSL,NAO,SIM,SIM,UM ANO,CARTAO DE CREDITO - DEBITO AUTOMATICO,80.55,4847.05,0
2258,9150-HEPMB,MASCULINO,0,NAO,NAO,56,SIM,DSL,SIM,NAO,NAO,UM ANO,ENVIO POR CORREIO,52.7,3019.7,0
2259,9030-QGZNL,FEMININO,0,NAO,NAO,8,SIM,NAO,SEM SERVICO DE INTERNET,SEM SERVICO DE INTERNET,SEM SERVICO DE INTERNET,DOIS ANOS,ENVIO POR CORREIO,20.85,161.65,0
2260,6204-IEUXJ,FEMININO,0,NAO,NAO,3,SIM,FIBER OPTIC,NAO,SIM,NAO,MES-A-MES,CARTAO DE CREDITO - DEBITO AUTOMATICO,80.1,217.55,1
2261,3126-WQMGH,FEMININO,0,SIM,NAO,49,SIM,DSL,NAO,NAO,NAO,MES-A-MES,CARTAO DE CREDITO - DEBITO AUTOMATICO,52.15,2583.75,0
2262,4529-CKBCL,FEMININO,0,NAO,NAO,2,SIM,FIBER OPTIC,NAO,NAO,SIM,MES-A-MES,ENVIO POR E-MAIL,80.2,146.05,1
2263,2506-CLAKW,FEMININO,0,NAO,NAO,6,SIM,FIBER OPTIC,SIM,SIM,NAO,MES-A-MES,TRANSFERENCIA BANCARIA - DEBITO AUTOMATICO,98.15,567.45,1
2264,7176-WRTNX,MASCULINO,0,NAO,NAO,70,SIM,FIBER OPTIC,SIM,SIM,SIM,DOIS ANOS,TRANSFERENCIA BANCARIA - DEBITO AUTOMATICO,114.95,7711.25,0
2265,1583-IHQZE,MASCULINO,0,NAO,NAO,12,SIM,FIBER OPTIC,NAO,SIM,SIM,MES-A-MES,ENVIO POR CORREIO,112.95,1384.75,1
2266,5732-IKGQH,MASCULINO,1,SIM,NAO,52,SIM,FIBER OPTIC,SIM,SIM,SIM,UM ANO,TRANSFERENCIA BANCARIA - DEBITO AUTOMATICO,104.45,5481.25,0
2267,9239-GZHZE,FEMININO,0,SIM,NAO,72,SIM,FIBER OPTIC,SIM,SIM,SIM,DOIS ANOS,CARTAO DE CREDITO - DEBITO AUTOMATICO,113.65,8124.2,0
2268,7205-BAIAD,FEMININO,0,NAO,NAO,40,SIM,NAO,SEM SERVICO DE INTERNET,SEM SERVICO DE INTERNET,SEM SERVICO DE INTERNET,DOIS ANOS,TRANSFERENCIA BANCARIA - DEBITO AUTOMATICO,20.6,827.3,0
2269,0151-ONTOV,FEMININO,0,NAO,NAO,1,SIM,FIBER OPTIC,NAO,NAO,NAO,MES-A-MES,ENVIO POR CORREIO,70.9,70.9,1
2270,4140-MUHUG,FEMININO,1,NAO,NAO,3,SIM,FIBER OPTIC,NAO,NAO,SIM,MES-A-MES,ENVIO POR E-MAIL,86.85,220.95,1
2271,0093-EXYQL,FEMININO,1,NAO,NAO,40,SIM,FIBER OPTIC,NAO,NAO,SIM,MES-A-MES,ENVIO POR E-MAIL,91.55,3673.6,0
2272,8064-RAVOH,MASCULINO,0,NAO,SIM,1,SIM,DSL,NAO,NAO,NAO,MES-A-MES,ENVIO POR E-MAIL,49.85,49.85,0
2273,0219-QAERP,MASCULINO,0,SIM,NAO,30,SIM,NAO,SEM SERVICO DE INTERNET,SEM SERVICO DE INTERNET,SEM SERVICO DE INTERNET,UM ANO,CARTAO DE CREDITO - DEBITO AUTOMATICO,19.8,576.65,0
2274,0320-JDNQG,MASCULINO,0,SIM,SIM,23,SIM,FIBER OPTIC,SIM,SIM,SIM,MES-A-MES,ENVIO POR E-MAIL,99.85,2331.3,1
2275,7180-PISOG,MASCULINO,0,SIM,SIM,1,SIM,FIBER OPTIC,NAO,NAO,NAO,MES-A-MES,ENVIO POR E-MAIL,74.5,74.5,1
2276,9168-INPSZ,FEMININO,1,SIM,NAO,44,SIM,FIBER OPTIC,NAO,SIM,SIM,MES-A-MES,ENVIO POR E-MAIL,104.15,4495.65,0
2277,3571-RFHAR,MASCULINO,0,NAO,NAO,65,SIM,FIBER OPTIC,NAO,SIM,SIM,MES-A-MES,ENVIO POR E-MAIL,109.15,6941.2,1
2278,0015-UOCOJ,FEMININO,1,NAO,NAO,7,SIM,DSL,SIM,NAO,NAO,MES-A-MES,ENVIO POR E-MAIL,48.2,340.35,0
2279,5334-AFQJB,MASCULINO,1,NAO,NAO,72,SIM,NAO,SEM SERVICO DE INTERNET,SEM SERVICO DE INTERNET,SEM SERVICO DE INTERNET,DOIS ANOS,CARTAO DE CREDITO - DEBITO AUTOMATICO,25.1,1789.9,0
2280,2754-SDJRD,FEMININO,1,NAO,NAO,8,SIM,FIBER OPTIC,NAO,SIM,SIM,MES-A-MES,CARTAO DE CREDITO - DEBITO AUTOMATICO,100.15,908.55,0
2281,9578-VRMNM,FEMININO,0,NAO,NAO,16,SIM,DSL,NAO,NAO,NAO,MES-A-MES,CARTAO DE CREDITO - DEBITO AUTOMATICO,65.2,1043.35,1
2282,1587-FKLZB,MASCULINO,1,SIM,SIM,66,SIM,FIBER OPTIC,NAO,NAO,SIM,MES-A-MES,CARTAO DE CREDITO - DEBITO AUTOMATICO,99.5,6822.15,1
2283,6140-QNRQQ,MASCULINO,0,NAO,NAO,1,SIM,FIBER OPTIC,NAO,NAO,NAO,MES-A-MES,ENVIO POR CORREIO,71.55,71.55,1
2284,8963-JLGJT,MASCULINO,0,NAO,SIM,3,SIM,DSL,SIM,NAO,NAO,MES-A-MES,ENVIO POR CORREIO,55.9,157.55,0
2285,4307-KTUMW,MASCULINO,0,SIM,NAO,53,SIM,FIBER OPTIC,SIM,NAO,NAO,MES-A-MES,ENVIO POR E-MAIL,93.9,5029.2,1
2286,1465-LNTLJ,MASCULINO,1,SIM,NAO,8,SIM,DSL,NAO,SIM,NAO,MES-A-MES,CARTAO DE CREDITO - DEBITO AUTOMATICO,64.4,581.7,0
2287,5440-FLBQG,MASCULINO,1,SIM,NAO,69,SIM,FIBER OPTIC,NAO,SIM,SIM,DOIS ANOS,TRANSFERENCIA BANCARIA - DEBITO AUTOMATICO,108.4,7318.2,1
2288,2135-DQWAQ,FEMININO,0,NAO,NAO,5,SIM,FIBER OPTIC,NAO,NAO,SIM,MES-A-MES,ENVIO POR CORREIO,85.3,420.45,0
2289,4056-QHXHZ,FEMININO,0,SIM,SIM,72,SIM,FIBER OPTIC,SIM,SIM,SIM,DOIS ANOS,ENVIO POR CORREIO,107.45,7576.7,0
2290,7470-MCQTK,FEMININO,0,SIM,NAO,13,NAO,DSL,NAO,NAO,SIM,MES-A-MES,TRANSFERENCIA BANCARIA - DEBITO AUTOMATICO,48.75,633.4,1
2291,7488-MXJIV,FEMININO,0,NAO,NAO,4,SIM,FIBER OPTIC,NAO,NAO,SIM,MES-A-MES,ENVIO POR E-MAIL,85.65,321.65,1
2292,7401-JIXNM,FEMININO,0,SIM,SIM,54,SIM,DSL,SIM,SIM,SIM,DOIS ANOS,CARTAO DE CREDITO - DEBITO AUTOMATICO,91.3,4965.0,0
2293,9339-FIIJL,MASCULINO,0,SIM,NAO,72,SIM,DSL,NAO,SIM,SIM,DOIS ANOS,TRANSFERENCIA BANCARIA - DEBITO AUTOMATICO,85.95,6151.9,0
2294,2027-FECZV,MASCULINO,0,NAO,NAO,12,SIM,FIBER OPTIC,NAO,NAO,SIM,MES-A-MES,ENVIO POR E-MAIL,106.7,1253.9,1
2295,2672-DZUOY,MASCULINO,0,NAO,NAO,1,NAO,DSL,NAO,NAO,NAO,MES-A-MES,ENVIO POR E-MAIL,25.15,25.15,1
2296,4706-DGAHW,MASCULINO,1,NAO,NAO,1,SIM,DSL,NAO,NAO,NAO,MES-A-MES,ENVIO POR E-MAIL,45.2,45.2,0
2297,3870-MQAMG,FEMININO,0,SIM,NAO,54,SIM,FIBER OPTIC,NAO,SIM,SIM,UM ANO,ENVIO POR E-MAIL,110.35,5893.15,1
2298,6670-MFRPK,MASCULINO,0,SIM,SIM,69,SIM,FIBER OPTIC,NAO,NAO,NAO,DOIS ANOS,CARTAO DE CREDITO - DEBITO AUTOMATICO,79.2,5420.65,0
2299,6177-PEVRA,FEMININO,0,NAO,NAO,48,SIM,DSL,SIM,NAO,NAO,DOIS ANOS,CARTAO DE CREDITO - DEBITO AUTOMATICO,55.5,2627.35,0
2300,4800-CZMPC,FEMININO,0,SIM,SIM,48,SIM,FIBER OPTIC,SIM,NAO,SIM,UM ANO,CARTAO DE CREDITO - DEBITO AUTOMATICO,103.25,5037.55,1
2301,4813-HQMGZ,FEMININO,0,SIM,NAO,8,SIM,FIBER OPTIC,NAO,SIM,NAO,MES-A-MES,ENVIO POR E-MAIL,90.25,743.75,0
2302,7579-KKLOE,MASCULINO,0,SIM,SIM,71,SIM,DSL,SIM,SIM,SIM,DOIS ANOS,ENVIO POR CORREIO,91.25,6589.6,0
2303,7377-DMMRI,MASCULINO,0,NAO,NAO,2,SIM,DSL,SIM,NAO,NAO,MES-A-MES,ENVIO POR E-MAIL,47.8,92.45,1
2304,8402-EIVQS,MASCULINO,0,SIM,NAO,67,SIM,FIBER OPTIC,SIM,NAO,SIM,UM ANO,CARTAO DE CREDITO - DEBITO AUTOMATICO,100.9,6733.15,0
2305,4947-DSMXK,MASCULINO,0,SIM,SIM,34,SIM,FIBER OPTIC,NAO,NAO,SIM,MES-A-MES,TRANSFERENCIA BANCARIA - DEBITO AUTOMATICO,97.7,3410.0,0
2306,7245-NIIWQ,FEMININO,0,NAO,NAO,3,SIM,FIBER OPTIC,NAO,NAO,NAO,MES-A-MES,ENVIO POR E-MAIL,69.85,199.85,0
2307,0002-ORFBO,FEMININO,0,SIM,SIM,9,SIM,DSL,NAO,SIM,SIM,UM ANO,ENVIO POR CORREIO,65.6,593.3,0
2308,3324-OIRTO,MASCULINO,0,SIM,SIM,71,SIM,FIBER OPTIC,SIM,NAO,SIM,UM ANO,TRANSFERENCIA BANCARIA - DEBITO AUTOMATICO,104.65,7288.4,0
2309,5414-OFQCB,MASCULINO,0,NAO,NAO,57,SIM,FIBER OPTIC,NAO,SIM,SIM,DOIS ANOS,CARTAO DE CREDITO - DEBITO AUTOMATICO,90.45,5229.8,0
2310,4967-WPNCF,MASCULINO,0,NAO,NAO,72,NAO,DSL,SIM,SIM,SIM,DOIS ANOS,TRANSFERENCIA BANCARIA - DEBITO AUTOMATICO,63.7,4464.8,0
2311,8552-OBVRU,FEMININO,1,SIM,SIM,48,SIM,FIBER OPTIC,SIM,SIM,SIM,MES-A-MES,ENVIO POR E-MAIL,104.5,5068.05,0
2312,8499-BRXTD,MASCULINO,0,NAO,NAO,18,SIM,NAO,SEM SERVICO DE INTERNET,SEM SERVICO DE INTERNET,SEM SERVICO DE INTERNET,UM ANO,ENVIO POR CORREIO,20.1,401.85,0
2313,9154-QDGTH,MASCULINO,0,SIM,SIM,43,SIM,FIBER OPTIC,NAO,SIM,SIM,UM ANO,CARTAO DE CREDITO - DEBITO AUTOMATICO,104.3,4451.85,0
2314,8197-BFWVU,FEMININO,0,SIM,SIM,72,SIM,DSL,SIM,SIM,SIM,DOIS ANOS,TRANSFERENCIA BANCARIA - DEBITO AUTOMATICO,93.25,6688.95,0
2315,2577-GVSIL,MASCULINO,0,SIM,SIM,35,SIM,DSL,NAO,SIM,SIM,UM ANO,TRANSFERENCIA BANCARIA - DEBITO AUTOMATICO,73.45,2661.1,0
2316,9367-OIUXP,MASCULINO,0,NAO,NAO,4,SIM,NAO,SEM SERVICO DE INTERNET,SEM SERVICO DE INTERNET,SEM SERVICO DE INTERNET,MES-A-MES,ENVIO POR CORREIO,20.7,73.05,0
2317,6770-UAYGJ,FEMININO,0,SIM,SIM,49,SIM,NAO,SEM SERVICO DE INTERNET,SEM SERVICO DE INTERNET,SEM SERVICO DE INTERNET,DOIS ANOS,ENVIO POR CORREIO,25.25,1211.65,0
2318,6463-HHXJR,FEMININO,0,SIM,SIM,71,SIM,FIBER OPTIC,SIM,NAO,SIM,DOIS ANOS,TRANSFERENCIA BANCARIA - DEBITO AUTOMATICO,100.5,7030.65,0
2319,7928-VJYAB,MASCULINO,0,SIM,SIM,11,SIM,FIBER OPTIC,NAO,NAO,SIM,MES-A-MES,ENVIO POR E-MAIL,90.6,1020.2,0
2320,1187-WILMM,MASCULINO,0,SIM,SIM,63,SIM,DSL,SIM,SIM,SIM,DOIS ANOS,CARTAO DE CREDITO - DEBITO AUTOMATICO,89.4,5597.65,0
2321,9776-OJUZI,FEMININO,1,NAO,NAO,65,SIM,FIBER OPTIC,NAO,NAO,SIM,MES-A-MES,TRANSFERENCIA BANCARIA - DEBITO AUTOMATICO,95.45,6223.3,0
2322,1306-RPWXZ,FEMININO,0,NAO,SIM,49,SIM,NAO,SEM SERVICO DE INTERNET,SEM SERVICO DE INTERNET,SEM SERVICO DE INTERNET,DOIS ANOS,CARTAO DE CREDITO - DEBITO AUTOMATICO,20.45,1024.65,0
2323,8949-JTMAY,FEMININO,0,NAO,NAO,29,SIM,FIBER OPTIC,NAO,NAO,SIM,MES-A-MES,CARTAO DE CREDITO - DEBITO AUTOMATICO,98.6,2933.2,1
2324,2774-LVQUS,FEMININO,1,SIM,NAO,15,SIM,FIBER OPTIC,NAO,SIM,NAO,MES-A-MES,ENVIO POR E-MAIL,83.05,1258.3,1
2325,3097-PYWXL,FEMININO,0,SIM,SIM,4,SIM,NAO,SEM SERVICO DE INTERNET,SEM SERVICO DE INTERNET,SEM SERVICO DE INTERNET,MES-A-MES,ENVIO POR E-MAIL,19.95,82.9,0
2326,2266-SJNAT,FEMININO,0,SIM,NAO,72,SIM,FIBER OPTIC,NAO,SIM,SIM,UM ANO,CARTAO DE CREDITO - DEBITO AUTOMATICO,109.15,7789.6,0
2327,0869-PAPRP,FEMININO,1,SIM,NAO,26,SIM,FIBER OPTIC,NAO,NAO,SIM,MES-A-MES,CARTAO DE CREDITO - DEBITO AUTOMATICO,85.7,2067.0,0
2328,4238-JSSWH,FEMININO,1,SIM,NAO,35,SIM,FIBER OPTIC,NAO,NAO,SIM,MES-A-MES,TRANSFERENCIA BANCARIA - DEBITO AUTOMATICO,102.05,3452.55,0
2329,2972-YDYUW,FEMININO,0,NAO,NAO,57,SIM,FIBER OPTIC,NAO,SIM,NAO,UM ANO,ENVIO POR E-MAIL,94.7,5468.95,0
2330,1104-FEJAM,MASCULINO,0,SIM,SIM,28,SIM,DSL,NAO,NAO,NAO,MES-A-MES,ENVIO POR E-MAIL,64.4,1802.15,0
2331,2809-ILCYT,FEMININO,0,SIM,NAO,25,SIM,NAO,SEM SERVICO DE INTERNET,SEM SERVICO DE INTERNET,SEM SERVICO DE INTERNET,UM ANO,ENVIO POR CORREIO,26.8,733.55,0
2332,5499-ECUTN,FEMININO,0,SIM,NAO,47,SIM,DSL,SIM,NAO,SIM,UM ANO,CARTAO DE CREDITO - DEBITO AUTOMATICO,66.05,3021.45,0
2333,4981-FLTMF,FEMININO,0,SIM,SIM,57,SIM,DSL,SIM,SIM,NAO,MES-A-MES,TRANSFERENCIA BANCARIA - DEBITO AUTOMATICO,65.2,3687.85,0
2334,9121-PHQSR,MASCULINO,1,SIM,NAO,16,SIM,FIBER OPTIC,NAO,NAO,SIM,MES-A-MES,CARTAO DE CREDITO - DEBITO AUTOMATICO,85.05,1391.15,0
2335,3113-IWHLC,MASCULINO,0,NAO,NAO,5,SIM,DSL,SIM,NAO,NAO,MES-A-MES,ENVIO POR CORREIO,55.8,274.35,0
2336,3211-ILJTT,MASCULINO,0,SIM,NAO,17,SIM,FIBER OPTIC,NAO,NAO,NAO,MES-A-MES,TRANSFERENCIA BANCARIA - DEBITO AUTOMATICO,70.4,1214.05,1
2337,4612-THJBS,FEMININO,1,NAO,NAO,56,SIM,FIBER OPTIC,NAO,NAO,SIM,UM ANO,TRANSFERENCIA BANCARIA - DEBITO AUTOMATICO,104.75,5510.65,1
2338,4277-BWBML,MASCULINO,0,SIM,SIM,72,SIM,NAO,SEM SERVICO DE INTERNET,SEM SERVICO DE INTERNET,SEM SERVICO DE INTERNET,DOIS ANOS,TRANSFERENCIA BANCARIA - DEBITO AUTOMATICO,19.95,1322.85,0
2339,4094-NSEDU,FEMININO,1,NAO,NAO,21,SIM,FIBER OPTIC,NAO,NAO,SIM,MES-A-MES,ENVIO POR E-MAIL,94.25,1973.75,1
2340,0234-TEVTT,FEMININO,0,SIM,SIM,48,NAO,DSL,SIM,NAO,NAO,UM ANO,CARTAO DE CREDITO - DEBITO AUTOMATICO,45.0,2196.3,0
2341,4304-TSPVK,FEMININO,0,SIM,NAO,68,SIM,FIBER OPTIC,SIM,SIM,SIM,DOIS ANOS,TRANSFERENCIA BANCARIA - DEBITO AUTOMATICO,114.9,7843.55,0
2342,1552-AAGRX,FEMININO,0,NAO,NAO,30,SIM,FIBER OPTIC,SIM,SIM,SIM,MES-A-MES,TRANSFERENCIA BANCARIA - DEBITO AUTOMATICO,106.4,3211.9,0
2343,2637-FKFSY,FEMININO,0,SIM,NAO,3,SIM,DSL,NAO,NAO,NAO,MES-A-MES,ENVIO POR CORREIO,46.1,130.15,0
2344,9796-MVYXX,FEMININO,1,NAO,NAO,14,NAO,DSL,SIM,SIM,NAO,DOIS ANOS,ENVIO POR CORREIO,39.7,692.35,0
2345,7874-ECPQJ,FEMININO,0,NAO,SIM,4,SIM,NAO,SEM SERVICO DE INTERNET,SEM SERVICO DE INTERNET,SEM SERVICO DE INTERNET,MES-A-MES,TRANSFERENCIA BANCARIA - DEBITO AUTOMATICO,20.05,85.5,0
2346,0020-INWCK,FEMININO,0,SIM,SIM,71,SIM,FIBER OPTIC,NAO,NAO,NAO,DOIS ANOS,CARTAO DE CREDITO - DEBITO AUTOMATICO,95.75,6849.4,0
2347,7089-RKVSZ,MASCULINO,0,SIM,SIM,8,SIM,NAO,SEM SERVICO DE INTERNET,SEM SERVICO DE INTERNET,SEM SERVICO DE INTERNET,UM ANO,ENVIO POR CORREIO,24.4,203.95,0
2348,2683-JXWQQ,MASCULINO,0,SIM,SIM,61,NAO,DSL,SIM,NAO,NAO,MES-A-MES,TRANSFERENCIA BANCARIA - DEBITO AUTOMATICO,33.6,2117.2,0
2349,9548-ZMVTX,MASCULINO,0,SIM,SIM,72,SIM,FIBER OPTIC,NAO,SIM,NAO,DOIS ANOS,TRANSFERENCIA BANCARIA - DEBITO AUTOMATICO,90.45,6565.85,0
2350,8739-XNIKG,FEMININO,0,NAO,NAO,5,SIM,FIBER OPTIC,NAO,NAO,SIM,MES-A-MES,ENVIO POR E-MAIL,84.0,424.75,0
2351,9755-JHNMN,FEMININO,0,NAO,NAO,49,SIM,DSL,SIM,SIM,NAO,DOIS ANOS,TRANSFERENCIA BANCARIA - DEBITO AUTOMATICO,67.4,3306.85,0
2352,3981-QSVQI,MASCULINO,0,NAO,NAO,8,SIM,NAO,SEM SERVICO DE INTERNET,SEM SERVICO DE INTERNET,SEM SERVICO DE INTERNET,MES-A-MES,TRANSFERENCIA BANCARIA - DEBITO AUTOMATICO,19.7,168.9,0
2353,2789-HQBOU,MASCULINO,0,NAO,NAO,3,SIM,FIBER OPTIC,NAO,NAO,NAO,MES-A-MES,ENVIO POR E-MAIL,80.35,253.8,0
2354,9424-CMPOG,MASCULINO,0,SIM,SIM,9,SIM,NAO,SEM SERVICO DE INTERNET,SEM SERVICO DE INTERNET,SEM SERVICO DE INTERNET,DOIS ANOS,ENVIO POR CORREIO,19.6,197.4,0
2355,5067-WJEUN,MASCULINO,0,SIM,SIM,67,SIM,DSL,SIM,NAO,NAO,DOIS ANOS,TRANSFERENCIA BANCARIA - DEBITO AUTOMATICO,54.2,3838.2,0
2356,3450-WXOAT,MASCULINO,0,NAO,NAO,46,SIM,DSL,NAO,NAO,NAO,MES-A-MES,CARTAO DE CREDITO - DEBITO AUTOMATICO,45.2,2065.15,0
2357,9251-WNSOD,FEMININO,0,SIM,NAO,67,SIM,DSL,SIM,NAO,NAO,UM ANO,ENVIO POR CORREIO,75.1,5064.45,0
2358,6974-DAFLI,FEMININO,0,SIM,NAO,55,SIM,NAO,SEM SERVICO DE INTERNET,SEM SERVICO DE INTERNET,SEM SERVICO DE INTERNET,UM ANO,ENVIO POR E-MAIL,19.7,1140.05,0
2359,2616-UUTFK,MASCULINO,0,SIM,NAO,33,SIM,DSL,SIM,NAO,SIM,MES-A-MES,TRANSFERENCIA BANCARIA - DEBITO AUTOMATICO,72.75,2447.45,0
2360,7064-JHXCE,MASCULINO,0,SIM,SIM,62,SIM,NAO,SEM SERVICO DE INTERNET,SEM SERVICO DE INTERNET,SEM SERVICO DE INTERNET,DOIS ANOS,CARTAO DE CREDITO - DEBITO AUTOMATICO,20.05,1263.9,0
2361,5103-MHMHY,FEMININO,0,NAO,SIM,1,SIM,DSL,NAO,NAO,NAO,MES-A-MES,ENVIO POR CORREIO,45.95,45.95,1
2362,7989-AWGEH,MASCULINO,0,SIM,SIM,49,NAO,DSL,SIM,NAO,NAO,MES-A-MES,ENVIO POR E-MAIL,39.2,1838.15,0
2363,4373-VVHQL,MASCULINO,0,NAO,NAO,1,SIM,DSL,NAO,NAO,NAO,MES-A-MES,ENVIO POR E-MAIL,44.75,44.75,0
2364,4559-UWIHT,MASCULINO,0,SIM,NAO,14,SIM,FIBER OPTIC,NAO,NAO,NAO,MES-A-MES,ENVIO POR E-MAIL,82.65,1185.0,0
2365,7268-IGMFD,MASCULINO,1,NAO,NAO,18,SIM,FIBER OPTIC,NAO,SIM,SIM,MES-A-MES,TRANSFERENCIA BANCARIA - DEBITO AUTOMATICO,93.9,1743.9,0
2366,1846-XWOQN,FEMININO,1,NAO,NAO,1,SIM,FIBER OPTIC,NAO,NAO,NAO,MES-A-MES,ENVIO POR E-MAIL,70.15,70.15,1
2367,0235-KGSLC,FEMININO,0,NAO,NAO,1,SIM,FIBER OPTIC,NAO,NAO,SIM,MES-A-MES,CARTAO DE CREDITO - DEBITO AUTOMATICO,85.55,85.55,1
2368,6650-BWFRT,FEMININO,0,SIM,NAO,72,SIM,FIBER OPTIC,SIM,SIM,SIM,DOIS ANOS,CARTAO DE CREDITO - DEBITO AUTOMATICO,117.15,8529.5,0
2369,9570-KYEUA,MASCULINO,0,NAO,NAO,64,SIM,FIBER OPTIC,SIM,SIM,NAO,DOIS ANOS,CARTAO DE CREDITO - DEBITO AUTOMATICO,99.25,6549.45,0
2370,6993-YGFJV,MASCULINO,0,SIM,NAO,69,SIM,FIBER OPTIC,SIM,SIM,SIM,DOIS ANOS,TRANSFERENCIA BANCARIA - DEBITO AUTOMATICO,112.55,7806.5,0
2371,2712-SYWAY,FEMININO,0,NAO,NAO,1,SIM,NAO,SEM SERVICO DE INTERNET,SEM SERVICO DE INTERNET,SEM SERVICO DE INTERNET,MES-A-MES,ENVIO POR E-MAIL,25.7,25.7,0
2372,0730-BGQGF,MASCULINO,0,SIM,SIM,71,SIM,DSL,SIM,SIM,SIM,DOIS ANOS,CARTAO DE CREDITO - DEBITO AUTOMATICO,90.3,6287.3,0
2373,5498-IBWPI,FEMININO,0,SIM,SIM,66,SIM,DSL,NAO,SIM,NAO,UM ANO,CARTAO DE CREDITO - DEBITO AUTOMATICO,49.4,3251.85,0
2374,9101-NTIXF,MASCULINO,0,NAO,NAO,2,SIM,NAO,SEM SERVICO DE INTERNET,SEM SERVICO DE INTERNET,SEM SERVICO DE INTERNET,MES-A-MES,ENVIO POR CORREIO,19.4,50.6,0
2375,0013-SMEOE,FEMININO,1,SIM,NAO,71,SIM,FIBER OPTIC,SIM,SIM,SIM,DOIS ANOS,TRANSFERENCIA BANCARIA - DEBITO AUTOMATICO,109.7,7904.25,0
2376,9314-QDMDW,MASCULINO,0,NAO,NAO,11,SIM,DSL,NAO,NAO,SIM,UM ANO,ENVIO POR E-MAIL,61.25,729.95,0
2377,9308-ANMVE,MASCULINO,0,NAO,SIM,47,SIM,DSL,SIM,NAO,NAO,MES-A-MES,ENVIO POR E-MAIL,55.3,2654.05,0
2378,2884-GBPFB,FEMININO,0,SIM,NAO,35,SIM,FIBER OPTIC,NAO,NAO,NAO,MES-A-MES,ENVIO POR E-MAIL,70.3,2416.55,1
2379,3757-NJYBX,MASCULINO,1,SIM,NAO,32,SIM,FIBER OPTIC,NAO,NAO,SIM,MES-A-MES,TRANSFERENCIA BANCARIA - DEBITO AUTOMATICO,106.35,3520.75,1
2380,3413-DHLPB,MASCULINO,0,SIM,SIM,60,SIM,FIBER OPTIC,NAO,SIM,SIM,MES-A-MES,TRANSFERENCIA BANCARIA - DEBITO AUTOMATICO,103.75,5969.95,0
2381,7649-PHJVR,MASCULINO,0,NAO,NAO,11,SIM,NAO,SEM SERVICO DE INTERNET,SEM SERVICO DE INTERNET,SEM SERVICO DE INTERNET,UM ANO,ENVIO POR CORREIO,19.5,226.8,0
2382,6114-TCFID,FEMININO,0,NAO,NAO,29,NAO,DSL,SIM,SIM,NAO,UM ANO,CARTAO DE CREDITO - DEBITO AUTOMATICO,39.5,1082.75,0
2383,3787-TRIAL,MASCULINO,0,SIM,SIM,21,NAO,DSL,NAO,NAO,NAO,MES-A-MES,ENVIO POR E-MAIL,26.05,565.75,0
2384,2573-GYRUU,MASCULINO,1,SIM,NAO,48,SIM,FIBER OPTIC,NAO,NAO,NAO,MES-A-MES,CARTAO DE CREDITO - DEBITO AUTOMATICO,91.05,4370.75,0
2385,5156-UMKOW,FEMININO,0,NAO,SIM,3,NAO,DSL,NAO,NAO,NAO,MES-A-MES,ENVIO POR CORREIO,29.65,90.05,0
2386,1247-QBVSH,FEMININO,0,SIM,SIM,43,SIM,DSL,NAO,NAO,NAO,MES-A-MES,ENVIO POR CORREIO,50.2,2169.4,0
2387,6734-GMPVK,MASCULINO,0,NAO,NAO,5,SIM,FIBER OPTIC,NAO,NAO,SIM,MES-A-MES,ENVIO POR E-MAIL,105.3,550.6,0
2388,9822-OAOVB,FEMININO,0,NAO,NAO,1,SIM,DSL,NAO,NAO,NAO,MES-A-MES,ENVIO POR E-MAIL,55.45,55.45,0
2389,6161-ERDGD,MASCULINO,0,SIM,SIM,71,SIM,DSL,SIM,SIM,SIM,UM ANO,ENVIO POR E-MAIL,85.45,6300.85,0
2390,1226-JZNKR,FEMININO,0,SIM,SIM,8,SIM,NAO,SEM SERVICO DE INTERNET,SEM SERVICO DE INTERNET,SEM SERVICO DE INTERNET,UM ANO,ENVIO POR E-MAIL,19.8,160.05,0
2391,7318-EIVKO,MASCULINO,0,NAO,NAO,8,SIM,DSL,NAO,NAO,SIM,MES-A-MES,ENVIO POR E-MAIL,59.25,436.6,0
2392,3771-PZOBW,MASCULINO,0,NAO,NAO,20,SIM,FIBER OPTIC,NAO,NAO,SIM,MES-A-MES,CARTAO DE CREDITO - DEBITO AUTOMATICO,90.7,1781.35,0
2393,5136-KCKGI,FEMININO,0,SIM,SIM,33,SIM,FIBER OPTIC,SIM,NAO,SIM,UM ANO,ENVIO POR CORREIO,103.7,3467.0,1
2394,8231-BSWXX,MASCULINO,0,NAO,NAO,71,SIM,FIBER OPTIC,NAO,NAO,NAO,UM ANO,CARTAO DE CREDITO - DEBITO AUTOMATICO,79.05,5552.5,0
2395,6486-LHTMA,FEMININO,1,SIM,NAO,31,SIM,FIBER OPTIC,NAO,NAO,SIM,UM ANO,ENVIO POR E-MAIL,90.7,2835.5,0
2396,4083-BFNYK,FEMININO,1,SIM,NAO,38,SIM,FIBER OPTIC,SIM,NAO,NAO,UM ANO,CARTAO DE CREDITO - DEBITO AUTOMATICO,95.0,3591.25,0
2397,3722-WPXTK,MASCULINO,0,NAO,NAO,1,SIM,FIBER OPTIC,NAO,NAO,SIM,MES-A-MES,ENVIO POR E-MAIL,88.35,88.35,1
2398,7389-KBFIT,FEMININO,0,SIM,SIM,2,NAO,DSL,NAO,NAO,NAO,MES-A-MES,ENVIO POR CORREIO,30.25,63.75,0
2399,7176-WIONM,FEMININO,0,SIM,NAO,12,NAO,DSL,NAO,NAO,SIM,MES-A-MES,TRANSFERENCIA BANCARIA - DEBITO AUTOMATICO,49.85,617.15,0
2400,5141-ZUVBH,FEMININO,0,NAO,SIM,9,SIM,FIBER OPTIC,SIM,SIM,NAO,MES-A-MES,TRANSFERENCIA BANCARIA - DEBITO AUTOMATICO,93.0,870.25,0
2401,1089-HDMKP,MASCULINO,1,NAO,SIM,11,SIM,DSL,NAO,SIM,NAO,MES-A-MES,ENVIO POR E-MAIL,54.55,601.25,0
2402,7623-HKYRK,MASCULINO,0,NAO,SIM,6,SIM,NAO,SEM SERVICO DE INTERNET,SEM SERVICO DE INTERNET,SEM SERVICO DE INTERNET,MES-A-MES,ENVIO POR CORREIO,19.7,111.65,0
2403,0310-SUCIN,FEMININO,0,SIM,NAO,71,SIM,DSL,SIM,SIM,SIM,UM ANO,TRANSFERENCIA BANCARIA - DEBITO AUTOMATICO,84.8,6046.1,0
2404,5197-PYEPU,FEMININO,0,SIM,SIM,42,SIM,FIBER OPTIC,SIM,NAO,SIM,UM ANO,CARTAO DE CREDITO - DEBITO AUTOMATICO,94.45,3923.8,0
2405,2929-ERCFZ,FEMININO,0,SIM,SIM,8,SIM,FIBER OPTIC,NAO,NAO,SIM,MES-A-MES,ENVIO POR E-MAIL,94.2,777.3,1
2406,7548-SEPYI,FEMININO,0,NAO,NAO,5,SIM,FIBER OPTIC,NAO,NAO,SIM,MES-A-MES,ENVIO POR E-MAIL,96.25,512.45,1
2407,8835-VSDSE,FEMININO,0,SIM,NAO,2,SIM,FIBER OPTIC,NAO,NAO,NAO,MES-A-MES,ENVIO POR E-MAIL,70.7,141.45,1
2408,6619-RPLQZ,FEMININO,0,SIM,SIM,45,SIM,NAO,SEM SERVICO DE INTERNET,SEM SERVICO DE INTERNET,SEM SERVICO DE INTERNET,DOIS ANOS,ENVIO POR CORREIO,20.85,892.15,0
2409,3275-RHRNE,MASCULINO,0,SIM,SIM,28,NAO,DSL,NAO,SIM,SIM,UM ANO,CARTAO DE CREDITO - DEBITO AUTOMATICO,60.0,1682.05,0
2410,3503-TYDAY,FEMININO,0,SIM,NAO,43,SIM,FIBER OPTIC,NAO,NAO,NAO,MES-A-MES,ENVIO POR E-MAIL,80.45,3398.9,0
2411,6901-GOGZG,MASCULINO,0,NAO,SIM,60,SIM,DSL,SIM,SIM,SIM,DOIS ANOS,ENVIO POR E-MAIL,84.95,4984.85,0
2412,1623-NLDOT,FEMININO,0,SIM,NAO,42,NAO,DSL,NAO,SIM,NAO,UM ANO,ENVIO POR CORREIO,33.55,1445.3,1
2413,7021-XSNYE,MASCULINO,0,SIM,SIM,7,NAO,DSL,SIM,SIM,NAO,DOIS ANOS,CARTAO DE CREDITO - DEBITO AUTOMATICO,49.65,305.55,0
2414,9621-OUPYD,FEMININO,0,SIM,NAO,25,SIM,NAO,SEM SERVICO DE INTERNET,SEM SERVICO DE INTERNET,SEM SERVICO DE INTERNET,UM ANO,TRANSFERENCIA BANCARIA - DEBITO AUTOMATICO,20.2,507.9,0
2415,9898-KZQDZ,FEMININO,1,SIM,SIM,40,SIM,FIBER OPTIC,NAO,NAO,SIM,MES-A-MES,CARTAO DE CREDITO - DEBITO AUTOMATICO,94.55,3640.45,1
2416,8982-NHAVY,MASCULINO,0,NAO,NAO,27,SIM,FIBER OPTIC,NAO,NAO,SIM,UM ANO,TRANSFERENCIA BANCARIA - DEBITO AUTOMATICO,100.5,2673.45,0
2417,4307-KWMXE,MASCULINO,0,NAO,NAO,10,NAO,DSL,NAO,SIM,NAO,MES-A-MES,ENVIO POR E-MAIL,35.75,389.8,0
2418,0141-YEAYS,FEMININO,1,NAO,NAO,27,SIM,FIBER OPTIC,NAO,NAO,NAO,MES-A-MES,TRANSFERENCIA BANCARIA - DEBITO AUTOMATICO,86.45,2401.05,0
2419,2450-ZKEED,FEMININO,0,NAO,NAO,11,SIM,DSL,NAO,SIM,NAO,UM ANO,TRANSFERENCIA BANCARIA - DEBITO AUTOMATICO,53.8,651.55,0
2420,3694-DELSO,MASCULINO,0,SIM,SIM,4,NAO,DSL,SIM,NAO,SIM,MES-A-MES,CARTAO DE CREDITO - DEBITO AUTOMATICO,38.55,156.1,0
2421,3893-JRNFS,MASCULINO,0,NAO,NAO,68,NAO,DSL,NAO,NAO,NAO,MES-A-MES,TRANSFERENCIA BANCARIA - DEBITO AUTOMATICO,39.9,2796.35,0
2422,9603-OAIHC,MASCULINO,1,NAO,NAO,1,SIM,FIBER OPTIC,NAO,NAO,NAO,MES-A-MES,ENVIO POR E-MAIL,70.05,70.05,0
2423,1133-KXCGE,FEMININO,0,NAO,NAO,18,SIM,NAO,SEM SERVICO DE INTERNET,SEM SERVICO DE INTERNET,SEM SERVICO DE INTERNET,UM ANO,ENVIO POR CORREIO,20.1,407.05,0
2424,5236-PERKL,FEMININO,0,NAO,NAO,57,SIM,FIBER OPTIC,SIM,NAO,SIM,DOIS ANOS,TRANSFERENCIA BANCARIA - DEBITO AUTOMATICO,112.95,6465.0,1
2425,0142-GVYSN,MASCULINO,0,NAO,NAO,26,SIM,NAO,SEM SERVICO DE INTERNET,SEM SERVICO DE INTERNET,SEM SERVICO DE INTERNET,MES-A-MES,ENVIO POR E-MAIL,20.3,511.25,0
2426,1049-FYSYG,FEMININO,0,SIM,NAO,17,NAO,DSL,NAO,NAO,NAO,MES-A-MES,CARTAO DE CREDITO - DEBITO AUTOMATICO,35.65,646.05,0
2427,7854-FOKSF,MASCULINO,0,NAO,NAO,1,NAO,DSL,NAO,NAO,NAO,MES-A-MES,ENVIO POR E-MAIL,35.9,35.9,1
2428,2519-FAKOD,MASCULINO,0,NAO,SIM,38,SIM,FIBER OPTIC,NAO,NAO,SIM,MES-A-MES,TRANSFERENCIA BANCARIA - DEBITO AUTOMATICO,99.25,3777.15,1
2429,8406-LNMHF,MASCULINO,1,SIM,NAO,59,SIM,FIBER OPTIC,SIM,NAO,NAO,UM ANO,CARTAO DE CREDITO - DEBITO AUTOMATICO,82.95,4903.15,0
2430,1821-BUCWY,MASCULINO,0,NAO,NAO,30,SIM,DSL,SIM,NAO,NAO,DOIS ANOS,ENVIO POR CORREIO,55.65,1653.85,0
2431,8263-JQAIK,MASCULINO,1,NAO,NAO,2,NAO,DSL,NAO,NAO,NAO,MES-A-MES,ENVIO POR CORREIO,24.45,47.5,1
2432,0023-UYUPN,FEMININO,1,SIM,NAO,50,SIM,NAO,SEM SERVICO DE INTERNET,SEM SERVICO DE INTERNET,SEM SERVICO DE INTERNET,UM ANO,ENVIO POR E-MAIL,25.2,1306.3,0
2433,8314-DPQHL,MASCULINO,0,NAO,NAO,9,NAO,DSL,SIM,SIM,NAO,UM ANO,ENVIO POR CORREIO,50.8,463.6,0
2434,1465-WCZVT,FEMININO,0,SIM,SIM,3,SIM,NAO,SEM SERVICO DE INTERNET,SEM SERVICO DE INTERNET,SEM SERVICO DE INTERNET,MES-A-MES,ENVIO POR CORREIO,19.65,60.65,0
2435,9481-SFCQY,FEMININO,0,NAO,SIM,14,SIM,DSL,NAO,NAO,SIM,MES-A-MES,CARTAO DE CREDITO - DEBITO AUTOMATICO,59.8,824.85,0
2436,6360-SVNWV,FEMININO,1,NAO,NAO,31,SIM,FIBER OPTIC,SIM,NAO,NAO,MES-A-MES,CARTAO DE CREDITO - DEBITO AUTOMATICO,73.55,2094.65,0
2437,0567-GGCAC,FEMININO,0,NAO,NAO,7,SIM,DSL,SIM,NAO,NAO,MES-A-MES,ENVIO POR E-MAIL,61.4,438.9,0
2438,7089-IVVAZ,FEMININO,0,NAO,NAO,8,SIM,FIBER OPTIC,SIM,SIM,SIM,MES-A-MES,TRANSFERENCIA BANCARIA - DEBITO AUTOMATICO,103.35,847.3,1
2439,8884-MRNSU,MASCULINO,0,SIM,SIM,17,SIM,NAO,SEM SERVICO DE INTERNET,SEM SERVICO DE INTERNET,SEM SERVICO DE INTERNET,UM ANO,TRANSFERENCIA BANCARIA - DEBITO AUTOMATICO,19.9,329.75,0
2440,2171-UDMFD,MASCULINO,0,SIM,SIM,32,SIM,NAO,SEM SERVICO DE INTERNET,SEM SERVICO DE INTERNET,SEM SERVICO DE INTERNET,MES-A-MES,CARTAO DE CREDITO - DEBITO AUTOMATICO,19.45,674.55,0
2441,9050-IKDZA,FEMININO,1,NAO,NAO,2,SIM,FIBER OPTIC,NAO,NAO,SIM,MES-A-MES,ENVIO POR CORREIO,81.5,162.55,0
2442,2205-YMZZJ,MASCULINO,1,NAO,NAO,7,SIM,FIBER OPTIC,NAO,NAO,SIM,MES-A-MES,ENVIO POR E-MAIL,84.8,546.95,1
2443,9802-CAQUT,FEMININO,0,SIM,SIM,72,SIM,FIBER OPTIC,SIM,NAO,SIM,DOIS ANOS,CARTAO DE CREDITO - DEBITO AUTOMATICO,109.55,7887.25,0
2444,1254-IZEYF,FEMININO,1,NAO,NAO,31,SIM,FIBER OPTIC,NAO,NAO,SIM,MES-A-MES,ENVIO POR E-MAIL,99.95,3186.65,1
2445,0187-WZNAB,FEMININO,0,SIM,SIM,27,SIM,FIBER OPTIC,SIM,NAO,NAO,MES-A-MES,ENVIO POR CORREIO,74.4,1972.35,0
2446,9492-TOKRI,FEMININO,0,NAO,NAO,18,SIM,FIBER OPTIC,NAO,NAO,SIM,MES-A-MES,CARTAO DE CREDITO - DEBITO AUTOMATICO,90.0,1527.35,1
2447,1475-VWVDO,MASCULINO,0,NAO,NAO,7,SIM,FIBER OPTIC,NAO,NAO,NAO,MES-A-MES,ENVIO POR E-MAIL,74.9,490.55,0
2448,9221-OTIVJ,FEMININO,1,NAO,NAO,14,SIM,FIBER OPTIC,NAO,NAO,SIM,MES-A-MES,ENVIO POR E-MAIL,104.85,1531.4,1
2449,1357-MVDOZ,MASCULINO,0,SIM,SIM,11,SIM,DSL,NAO,NAO,SIM,MES-A-MES,TRANSFERENCIA BANCARIA - DEBITO AUTOMATICO,59.65,683.25,0
2450,7602-MVRMB,FEMININO,0,SIM,SIM,72,SIM,FIBER OPTIC,SIM,SIM,SIM,DOIS ANOS,TRANSFERENCIA BANCARIA - DEBITO AUTOMATICO,110.45,8058.85,0
2451,3325-FUYCG,MASCULINO,0,SIM,SIM,28,SIM,FIBER OPTIC,SIM,NAO,SIM,UM ANO,ENVIO POR E-MAIL,106.1,2847.4,1
2452,5908-QMGOE,MASCULINO,1,NAO,NAO,15,SIM,FIBER OPTIC,NAO,NAO,NAO,MES-A-MES,CARTAO DE CREDITO - DEBITO AUTOMATICO,74.2,1133.9,1
2453,1197-BVMVG,FEMININO,1,NAO,NAO,4,SIM,FIBER OPTIC,NAO,NAO,NAO,MES-A-MES,ENVIO POR E-MAIL,74.45,294.45,0
2454,5406-KGRMX,FEMININO,0,NAO,NAO,71,SIM,NAO,SEM SERVICO DE INTERNET,SEM SERVICO DE INTERNET,SEM SERVICO DE INTERNET,DOIS ANOS,ENVIO POR E-MAIL,24.55,1719.15,0
2455,8481-YYXWG,FEMININO,0,NAO,NAO,5,SIM,FIBER OPTIC,NAO,SIM,NAO,MES-A-MES,ENVIO POR E-MAIL,89.35,461.7,1
2456,5968-HYJRZ,MASCULINO,0,SIM,SIM,47,SIM,NAO,SEM SERVICO DE INTERNET,SEM SERVICO DE INTERNET,SEM SERVICO DE INTERNET,DOIS ANOS,ENVIO POR CORREIO,24.55,1160.45,0
2457,5198-EFNBM,MASCULINO,1,SIM,NAO,57,SIM,FIBER OPTIC,NAO,NAO,SIM,UM ANO,ENVIO POR E-MAIL,90.65,5199.8,0
2458,7516-GMHUV,MASCULINO,1,SIM,NAO,50,SIM,FIBER OPTIC,SIM,NAO,SIM,DOIS ANOS,CARTAO DE CREDITO - DEBITO AUTOMATICO,105.05,5163.3,0
2459,7140-ADSMJ,MASCULINO,0,NAO,NAO,8,SIM,NAO,SEM SERVICO DE INTERNET,SEM SERVICO DE INTERNET,SEM SERVICO DE INTERNET,MES-A-MES,CARTAO DE CREDITO - DEBITO AUTOMATICO,20.45,162.3,0
2460,2230-XTUWL,FEMININO,0,SIM,SIM,48,SIM,NAO,SEM SERVICO DE INTERNET,SEM SERVICO DE INTERNET,SEM SERVICO DE INTERNET,DOIS ANOS,ENVIO POR CORREIO,19.55,883.35,0
2461,7706-YLMQA,FEMININO,0,NAO,NAO,70,SIM,NAO,SEM SERVICO DE INTERNET,SEM SERVICO DE INTERNET,SEM SERVICO DE INTERNET,UM ANO,TRANSFERENCIA BANCARIA - DEBITO AUTOMATICO,19.7,1341.5,0
2462,2585-KTFRE,MASCULINO,0,NAO,SIM,1,SIM,DSL,SIM,SIM,NAO,MES-A-MES,TRANSFERENCIA BANCARIA - DEBITO AUTOMATICO,70.45,70.45,0
2463,7994-UYIVZ,MASCULINO,0,SIM,NAO,8,SIM,FIBER OPTIC,NAO,NAO,NAO,MES-A-MES,TRANSFERENCIA BANCARIA - DEBITO AUTOMATICO,85.65,659.45,0
2464,2609-IAICY,FEMININO,0,NAO,NAO,1,SIM,FIBER OPTIC,NAO,NAO,NAO,MES-A-MES,ENVIO POR E-MAIL,77.15,77.15,1
2465,1740-CSDJP,MASCULINO,0,NAO,NAO,1,NAO,DSL,NAO,NAO,NAO,MES-A-MES,TRANSFERENCIA BANCARIA - DEBITO AUTOMATICO,35.25,35.25,1
2466,7717-BICXI,MASCULINO,0,SIM,SIM,60,SIM,NAO,SEM SERVICO DE INTERNET,SEM SERVICO DE INTERNET,SEM SERVICO DE INTERNET,DOIS ANOS,ENVIO POR CORREIO,20.55,1205.05,0
2467,6559-RAKOZ,MASCULINO,0,SIM,SIM,49,SIM,FIBER OPTIC,NAO,SIM,SIM,UM ANO,ENVIO POR E-MAIL,97.95,4917.9,0
2468,2636-OHFMN,MASCULINO,0,SIM,NAO,4,NAO,DSL,NAO,NAO,SIM,MES-A-MES,ENVIO POR E-MAIL,48.55,201.0,1
2469,4716-MRVEN,FEMININO,0,NAO,NAO,29,SIM,NAO,SEM SERVICO DE INTERNET,SEM SERVICO DE INTERNET,SEM SERVICO DE INTERNET,UM ANO,ENVIO POR CORREIO,20.0,599.3,0
2470,2143-LJULT,FEMININO,0,SIM,NAO,67,SIM,NAO,SEM SERVICO DE INTERNET,SEM SERVICO DE INTERNET,SEM SERVICO DE INTERNET,DOIS ANOS,CARTAO DE CREDITO - DEBITO AUTOMATICO,25.25,1733.15,0
2471,1323-OOEPC,FEMININO,0,SIM,NAO,53,SIM,FIBER OPTIC,NAO,NAO,SIM,MES-A-MES,CARTAO DE CREDITO - DEBITO AUTOMATICO,98.4,5149.5,1
2472,3200-MNQTF,MASCULINO,0,SIM,NAO,67,SIM,DSL,SIM,SIM,NAO,DOIS ANOS,CARTAO DE CREDITO - DEBITO AUTOMATICO,70.9,4677.1,0
2473,6164-HXUGH,FEMININO,0,SIM,SIM,6,SIM,NAO,SEM SERVICO DE INTERNET,SEM SERVICO DE INTERNET,SEM SERVICO DE INTERNET,MES-A-MES,ENVIO POR CORREIO,19.85,119.3,0
2474,5630-IXDXV,FEMININO,0,NAO,NAO,47,SIM,FIBER OPTIC,NAO,NAO,SIM,MES-A-MES,ENVIO POR E-MAIL,106.35,4849.1,0
2475,0320-DWVTU,FEMININO,0,NAO,NAO,53,SIM,FIBER OPTIC,SIM,SIM,NAO,DOIS ANOS,ENVIO POR CORREIO,99.5,5424.25,0
2476,9135-MGVPY,MASCULINO,0,SIM,NAO,69,SIM,DSL,SIM,SIM,SIM,DOIS ANOS,ENVIO POR CORREIO,84.7,5878.9,0
2477,1212-GLHMD,MASCULINO,0,NAO,NAO,3,SIM,FIBER OPTIC,SIM,NAO,NAO,MES-A-MES,ENVIO POR CORREIO,86.05,244.85,0
2478,7878-JGDKK,MASCULINO,0,NAO,NAO,4,SIM,DSL,NAO,NAO,NAO,MES-A-MES,ENVIO POR CORREIO,44.55,220.75,0
2479,1088-AUUZZ,MASCULINO,0,SIM,SIM,56,SIM,DSL,SIM,SIM,NAO,DOIS ANOS,CARTAO DE CREDITO - DEBITO AUTOMATICO,75.85,4261.2,0
2480,0397-GZBBC,MASCULINO,1,SIM,NAO,59,SIM,FIBER OPTIC,NAO,NAO,SIM,MES-A-MES,TRANSFERENCIA BANCARIA - DEBITO AUTOMATICO,93.85,5574.75,1
2481,6614-YWYSC,MASCULINO,1,SIM,NAO,61,SIM,NAO,SEM SERVICO DE INTERNET,SEM SERVICO DE INTERNET,SEM SERVICO DE INTERNET,DOIS ANOS,TRANSFERENCIA BANCARIA - DEBITO AUTOMATICO,25.0,1501.75,0
2482,9588-OZDMQ,FEMININO,0,SIM,NAO,2,SIM,DSL,NAO,NAO,NAO,MES-A-MES,ENVIO POR E-MAIL,45.0,89.75,0
2483,7641-EUYET,MASCULINO,1,SIM,SIM,46,SIM,FIBER OPTIC,SIM,NAO,SIM,MES-A-MES,ENVIO POR E-MAIL,100.7,4541.2,1
2484,6476-EPYZR,MASCULINO,0,SIM,SIM,12,SIM,NAO,SEM SERVICO DE INTERNET,SEM SERVICO DE INTERNET,SEM SERVICO DE INTERNET,MES-A-MES,ENVIO POR CORREIO,20.5,255.5,0
2485,9921-ZVRHG,FEMININO,0,NAO,NAO,14,SIM,FIBER OPTIC,NAO,NAO,NAO,MES-A-MES,ENVIO POR E-MAIL,80.45,1072.0,1
2486,1174-FGIFN,FEMININO,0,SIM,SIM,28,SIM,FIBER OPTIC,NAO,SIM,NAO,UM ANO,ENVIO POR E-MAIL,90.45,2509.25,0
2487,6620-HVDUJ,MASCULINO,0,NAO,NAO,24,SIM,DSL,SIM,SIM,NAO,MES-A-MES,TRANSFERENCIA BANCARIA - DEBITO AUTOMATICO,60.45,1440.75,0
2488,4701-MLJPN,MASCULINO,0,NAO,NAO,31,SIM,DSL,NAO,SIM,NAO,MES-A-MES,ENVIO POR E-MAIL,55.25,1715.65,1
2489,1032-MAELW,FEMININO,0,SIM,SIM,68,SIM,DSL,SIM,SIM,NAO,UM ANO,ENVIO POR E-MAIL,78.45,5333.35,0
2490,7641-TQFHN,MASCULINO,0,NAO,SIM,39,SIM,FIBER OPTIC,NAO,SIM,SIM,DOIS ANOS,ENVIO POR CORREIO,100.55,3895.35,0
2491,1552-TKMXS,FEMININO,0,SIM,NAO,42,SIM,NAO,SEM SERVICO DE INTERNET,SEM SERVICO DE INTERNET,SEM SERVICO DE INTERNET,MES-A-MES,CARTAO DE CREDITO - DEBITO AUTOMATICO,20.35,869.9,0
2492,9206-GVPEQ,MASCULINO,0,SIM,NAO,13,NAO,DSL,SIM,SIM,SIM,MES-A-MES,ENVIO POR E-MAIL,54.45,706.85,1
2493,8622-ZLFKO,FEMININO,0,SIM,NAO,6,SIM,FIBER OPTIC,NAO,NAO,NAO,MES-A-MES,ENVIO POR E-MAIL,90.75,512.25,0
2494,1596-BBVTG,MASCULINO,0,NAO,NAO,35,SIM,FIBER OPTIC,NAO,NAO,NAO,MES-A-MES,CARTAO DE CREDITO - DEBITO AUTOMATICO,75.35,2636.05,1
2495,6188-UXBBR,FEMININO,0,SIM,NAO,38,SIM,NAO,SEM SERVICO DE INTERNET,SEM SERVICO DE INTERNET,SEM SERVICO DE INTERNET,UM ANO,CARTAO DE CREDITO - DEBITO AUTOMATICO,20.25,814.75,0
2496,2333-KWEWW,MASCULINO,0,NAO,NAO,18,SIM,NAO,SEM SERVICO DE INTERNET,SEM SERVICO DE INTERNET,SEM SERVICO DE INTERNET,DOIS ANOS,CARTAO DE CREDITO - DEBITO AUTOMATICO,20.05,388.6,0
2497,5702-SKUOB,FEMININO,0,SIM,NAO,4,SIM,NAO,SEM SERVICO DE INTERNET,SEM SERVICO DE INTERNET,SEM SERVICO DE INTERNET,MES-A-MES,ENVIO POR CORREIO,19.6,93.45,0
2498,1134-YWTYF,MASCULINO,0,SIM,NAO,27,SIM,DSL,NAO,SIM,NAO,MES-A-MES,ENVIO POR E-MAIL,53.8,1389.85,0
2499,6061-GWWAV,MASCULINO,0,NAO,SIM,41,SIM,DSL,SIM,NAO,SIM,UM ANO,ENVIO POR CORREIO,70.2,2894.55,0
